churn_probability,actual_churn,top_risk_factors,tenure,MonthlyCharges,TotalCharges,Contract,InternetService,risk_tier,expected_remaining_months,CLV,priority_score,priority_rank
0.990122,1,"charge_per_service, TotalCharges, tenure",2,95.5,181.65,Month-to-month,Fiber optic,HIGH,30.421786120591584,2905.28,2876.58,1
0.9474694,1,"tenure, PaymentMethod_Electronic check, charge_per_service",3,89.85,248.4,Month-to-month,Fiber optic,HIGH,29.421786120591584,2643.55,2504.68,2
0.8764075,1,"StreamingMovies_Yes, charge_per_service, PaymentMethod_Electronic check",2,90.4,168.2,Month-to-month,Fiber optic,HIGH,30.421786120591584,2750.13,2410.23,3
0.74525505,0,"charge_per_service, PaymentMethod_Electronic check, OnlineBackup_Yes",3,107.95,313.6,Month-to-month,Fiber optic,HIGH,29.421786120591584,3176.08,2366.99,4
0.9250758,1,"charge_per_service, PaymentMethod_Electronic check, num_services",2,82.0,184.65,Month-to-month,Fiber optic,HIGH,30.421786120591584,2494.59,2307.68,5
0.93764216,1,"tenure, PaymentMethod_Electronic check, charge_per_service",2,80.15,194.55,Month-to-month,Fiber optic,HIGH,30.421786120591584,2438.31,2286.26,6
0.9413337,1,"charge_per_service, num_services, PaymentMethod_Electronic check",4,84.8,371.9,Month-to-month,Fiber optic,HIGH,28.421786120591584,2410.17,2268.77,7
0.83303803,1,"charge_per_service, num_services, PaymentMethod_Electronic check",1,86.6,86.6,Month-to-month,Fiber optic,HIGH,31.421786120591584,2721.13,2266.8,8
0.9079332,1,"tenure, charge_per_service, num_services",2,80.6,155.8,Month-to-month,Fiber optic,HIGH,30.421786120591584,2452.0,2226.25,9
0.752973,1,"PaymentMethod_Electronic check, charge_per_service, StreamingMovies_Yes",2,95.15,196.9,Month-to-month,Fiber optic,HIGH,30.421786120591584,2894.63,2179.58,10
0.8644804,0,"PaymentMethod_Electronic check, StreamingMovies_Yes, charge_per_service",8,100.6,819.4,Month-to-month,Fiber optic,HIGH,24.421786120591584,2456.83,2123.88,11
0.90369594,1,"charge_per_service, PaymentMethod_Electronic check, StreamingMovies_Yes",1,74.7,74.7,Month-to-month,Fiber optic,HIGH,31.421786120591584,2347.21,2121.16,12
0.8570749,1,"tenure, MonthlyCharges, TotalCharges",2,79.95,174.45,Month-to-month,Fiber optic,HIGH,30.421786120591584,2432.22,2084.59,13
0.7555849,0,"num_services, charge_per_service, PaymentMethod_Electronic check",2,90.35,190.5,Month-to-month,Fiber optic,HIGH,30.421786120591584,2748.61,2076.81,14
0.9258271,1,"TotalCharges, StreamingTV_Yes, DeviceProtection_Yes",1,71.1,71.1,Month-to-month,Fiber optic,HIGH,31.421786120591584,2234.09,2068.38,15
0.90160495,1,"charge_per_service, StreamingMovies_Yes, tenure",4,80.6,319.15,Month-to-month,Fiber optic,HIGH,28.421786120591584,2290.8,2065.4,16
0.99297196,1,"num_services, StreamingMovies_Yes, tenure",13,106.9,1364.3,Month-to-month,Fiber optic,HIGH,19.421786120591584,2076.19,2061.6,17
0.7640825,1,"tenure, num_services, PaymentMethod_Electronic check",1,85.7,85.7,Month-to-month,Fiber optic,HIGH,31.421786120591584,2692.85,2057.56,18
0.9407872,0,"tenure, charge_per_service, num_services",1,69.55,69.55,Month-to-month,Fiber optic,HIGH,31.421786120591584,2185.39,2055.99,19
0.8386932,1,"num_services, tenure, PaymentMethod_Electronic check",5,84.7,392.5,Month-to-month,Fiber optic,HIGH,27.421786120591584,2322.63,1947.97,20
0.8337974,1,"charge_per_service, num_services, tenure",3,79.4,205.05,Month-to-month,Fiber optic,HIGH,29.421786120591584,2336.09,1947.83,21
0.9406747,1,"tenure, charge_per_service, StreamingTV_Yes",3,70.3,208.85,Month-to-month,Fiber optic,HIGH,29.421786120591584,2068.35,1945.64,22
0.7031201,1,"charge_per_service, tenure, num_services",4,94.4,387.2,Month-to-month,Fiber optic,HIGH,28.421786120591584,2683.02,1886.49,23
0.92611134,1,"charge_per_service, tenure, num_services",12,99.7,1238.45,Month-to-month,Fiber optic,HIGH,20.421786120591584,2036.05,1885.61,24
0.94841915,1,"tenure, charge_per_service, DeviceProtection_Yes",2,64.2,143.65,Month-to-month,DSL,HIGH,30.421786120591584,1953.08,1852.34,25
0.8254703,0,"tenure, PaymentMethod_Electronic check, StreamingTV_Yes",4,78.85,292.8,Month-to-month,Fiber optic,HIGH,28.421786120591584,2241.06,1849.93,26
0.93399876,1,"charge_per_service, PaymentMethod_Electronic check, TotalCharges",11,90.15,987.95,Month-to-month,Fiber optic,HIGH,21.421786120591584,1931.17,1803.71,27
0.9120626,1,"charge_per_service, OnlineBackup_Yes, PaymentMethod_Electronic check",8,80.65,633.3,Month-to-month,Fiber optic,HIGH,24.421786120591584,1969.62,1796.42,28
0.79952854,0,"StreamingTV_Yes, PaymentMethod_Electronic check, TotalCharges",5,80.85,356.1,Month-to-month,Fiber optic,HIGH,27.421786120591584,2217.05,1772.59,29
0.9086035,1,"charge_per_service, DeviceProtection_Yes, StreamingTV_Yes",7,76.45,503.6,Month-to-month,Fiber optic,HIGH,25.421786120591584,1943.5,1765.87,30
0.91611975,0,"charge_per_service, num_services, PaymentMethod_Electronic check",7,73.85,511.25,Month-to-month,Fiber optic,HIGH,25.421786120591584,1877.4,1719.92,31
0.9728885,1,"charge_per_service, tenure, TotalCharges",9,75.2,633.85,Month-to-month,Fiber optic,HIGH,23.421786120591584,1761.32,1713.57,32
0.74283236,0,"StreamingTV_Yes, DeviceProtection_Yes, StreamingMovies_Yes",9,98.3,923.5,Month-to-month,Fiber optic,HIGH,23.421786120591584,2302.36,1710.27,33
0.79164165,1,"StreamingMovies_Yes, PaymentMethod_Electronic check, charge_per_service",2,70.7,129.2,Month-to-month,Fiber optic,HIGH,30.421786120591584,2150.82,1702.68,34
0.88634187,0,"tenure, TechSupport_Yes, StreamingMovies_Yes",5,70.05,302.6,Month-to-month,Fiber optic,HIGH,27.421786120591584,1920.9,1702.57,35
0.7465808,1,"num_services, tenure, PaymentMethod_Electronic check",7,89.5,676.7,Month-to-month,Fiber optic,HIGH,25.421786120591584,2275.25,1698.66,36
0.6954156,0,"charge_per_service, num_services, tenure",7,95.35,660.9,Month-to-month,Fiber optic,MEDIUM,25.421786120591584,2423.97,1685.67,37
0.97449255,1,"tenure, charge_per_service, TotalCharges",1,55.05,55.05,Month-to-month,DSL,HIGH,31.421786120591584,1729.77,1685.65,38
0.81651986,1,"charge_per_service, StreamingMovies_Yes, StreamingTV_Yes",3,69.55,222.3,Month-to-month,Fiber optic,HIGH,29.421786120591584,2046.29,1670.84,39
0.6582433,0,"PaymentMethod_Electronic check, charge_per_service, StreamingMovies_Yes",4,89.2,346.2,Month-to-month,Fiber optic,MEDIUM,28.421786120591584,2535.22,1668.79,40
0.6917679,1,"num_services, DeviceProtection_Yes, tenure",4,82.85,319.6,Month-to-month,Fiber optic,MEDIUM,28.421786120591584,2354.74,1628.93,41
0.8683148,0,"TotalCharges, charge_per_service, StreamingMovies_Yes",9,79.75,769.1,Month-to-month,Fiber optic,HIGH,23.421786120591584,1867.89,1621.92,42
0.94441897,1,"charge_per_service, StreamingMovies_Yes, StreamingTV_Yes",14,90.45,1266.1,Month-to-month,Fiber optic,HIGH,18.421786120591584,1666.25,1573.64,43
0.7412672,0,"PaymentMethod_Electronic check, charge_per_service, StreamingMovies_Yes",7,81.25,580.1,Month-to-month,DSL,HIGH,25.421786120591584,2065.52,1531.1,44
0.8100858,0,"tenure, num_services, PaymentMethod_Electronic check",8,75.6,535.55,Month-to-month,Fiber optic,HIGH,24.421786120591584,1846.29,1495.65,45
0.85711837,1,"PaymentMethod_Electronic check, StreamingTV_Yes, charge_per_service",1,55.0,55.0,Month-to-month,DSL,HIGH,31.421786120591584,1728.2,1481.27,46
0.66812223,1,"StreamingTV_Yes, OnlineBackup_Yes, charge_per_service",10,98.55,1008.55,Month-to-month,Fiber optic,MEDIUM,22.421786120591584,2209.67,1476.33,47
0.6156337,1,"DeviceProtection_Yes, StreamingMovies_Yes, PaymentMethod_Electronic check",1,76.0,76.0,Month-to-month,Fiber optic,MEDIUM,31.421786120591584,2388.06,1470.17,48
0.56257963,0,"tenure, charge_per_service, PaymentMethod_Electronic check",2,85.65,181.5,Month-to-month,Fiber optic,MEDIUM,30.421786120591584,2605.63,1465.87,49
0.95370173,1,"StreamingTV_Yes, tenure, PaymentMethod_Electronic check",1,48.55,48.55,Month-to-month,DSL,HIGH,31.421786120591584,1525.53,1454.9,50
0.7581308,0,"num_services, MonthlyCharges, PaymentMethod_Electronic check",10,84.7,832.05,Month-to-month,Fiber optic,HIGH,22.421786120591584,1899.13,1439.79,51
0.91827404,1,"tenure, DeviceProtection_Yes, StreamingTV_Yes",9,65.0,663.05,Month-to-month,DSL,HIGH,23.421786120591584,1522.42,1398.0,52
0.9665551,1,"charge_per_service, tenure, num_services",1,45.85,45.85,Month-to-month,DSL,HIGH,31.421786120591584,1440.69,1392.51,53
0.96875095,0,"charge_per_service, StreamingTV_Yes, PaymentMethod_Electronic check",1,45.65,45.65,Month-to-month,DSL,HIGH,31.421786120591584,1434.4,1389.58,54
0.73875684,1,"tenure, StreamingMovies_Yes, PaymentMethod_Electronic check",4,65.55,237.2,Month-to-month,DSL,HIGH,28.421786120591584,1863.05,1376.34,55
0.8452688,0,"StreamingMovies_Yes, tenure, DeviceProtection_Yes",8,66.25,546.45,Month-to-month,DSL,HIGH,24.421786120591584,1617.94,1367.59,56
0.5759638,1,"tenure, PaymentMethod_Electronic check, StreamingTV_Yes",4,83.25,308.05,Month-to-month,Fiber optic,MEDIUM,28.421786120591584,2366.11,1362.79,57
0.7250463,0,"num_services, charge_per_service, PaymentMethod_Electronic check",13,96.65,1162.85,Month-to-month,Fiber optic,HIGH,19.421786120591584,1877.12,1361.0,58
0.6104659,1,"tenure, num_services, PaymentMethod_Electronic check",3,74.75,238.1,Month-to-month,Fiber optic,MEDIUM,29.421786120591584,2199.28,1342.59,59
0.811124,0,"num_services, tenure, TotalCharges",9,70.5,597.9,Month-to-month,Fiber optic,HIGH,23.421786120591584,1651.24,1339.36,60
0.89859694,0,"tenure, num_services, PaymentMethod_Electronic check",8,60.9,551.95,Month-to-month,DSL,HIGH,24.421786120591584,1487.29,1336.47,61
0.91708434,1,"tenure, DeviceProtection_Yes, TotalCharges",1,45.6,45.6,Month-to-month,DSL,HIGH,31.421786120591584,1432.83,1314.03,62
0.7336895,1,"PaymentMethod_Electronic check, num_services, StreamingMovies_Yes",5,64.35,352.65,Month-to-month,DSL,HIGH,27.421786120591584,1764.59,1294.66,63
0.9091301,1,"tenure, charge_per_service, num_services",4,49.25,208.45,Month-to-month,DSL,HIGH,28.421786120591584,1399.77,1272.57,64
0.870965,1,"tenure, charge_per_service, num_services",17,93.85,1625.65,Month-to-month,Fiber optic,HIGH,15.421786120591584,1447.33,1260.57,65
0.46422833,0,"num_services, tenure, MonthlyCharges",4,95.45,396.1,Month-to-month,Fiber optic,MEDIUM,28.421786120591584,2712.86,1259.39,66
0.9699101,1,"tenure, charge_per_service, PaymentMethod_Electronic check",4,45.65,191.05,Month-to-month,DSL,HIGH,28.421786120591584,1297.45,1258.41,67
0.8112759,0,"DeviceProtection_Yes, StreamingTV_Yes, charge_per_service",16,94.45,1511.2,Month-to-month,Fiber optic,HIGH,16.421786120591584,1551.04,1258.32,68
0.56184715,1,"num_services, PaymentMethod_Electronic check, StreamingMovies_Yes",10,98.5,1058.25,Month-to-month,Fiber optic,MEDIUM,22.421786120591584,2208.55,1240.87,69
0.5828012,0,"OnlineBackup_Yes, PaymentMethod_Electronic check, charge_per_service",6,80.5,502.85,Month-to-month,Fiber optic,MEDIUM,26.421786120591584,2126.95,1239.59,70
0.643371,0,"DeviceProtection_Yes, charge_per_service, tenure",11,89.7,1047.7,Month-to-month,Fiber optic,MEDIUM,21.421786120591584,1921.53,1236.26,71
0.7640825,1,"tenure, num_services, PaymentMethod_Electronic check",11,75.25,888.65,Month-to-month,Fiber optic,HIGH,21.421786120591584,1611.99,1231.69,72
0.68524337,1,"tenure, num_services, PaymentMethod_Electronic check",10,79.95,857.2,Month-to-month,Fiber optic,MEDIUM,22.421786120591584,1792.62,1228.38,73
0.82350135,0,"num_services, DeviceProtection_Yes, PaymentMethod_Electronic check",14,80.05,1112.3,Month-to-month,Fiber optic,HIGH,18.421786120591584,1474.66,1214.38,74
0.5156394,1,"num_services, DeviceProtection_Yes, StreamingTV_Yes",1,74.6,74.6,Month-to-month,Fiber optic,MEDIUM,31.421786120591584,2344.07,1208.69,75
0.8418736,1,"tenure, charge_per_service, num_services",1,45.25,45.25,Month-to-month,DSL,HIGH,31.421786120591584,1421.84,1197.01,76
0.53651834,1,"PaymentMethod_Electronic check, TotalCharges, StreamingMovies_Yes",4,78.45,330.05,Month-to-month,Fiber optic,MEDIUM,28.421786120591584,2229.69,1196.27,77
0.66413695,1,"PaymentMethod_Electronic check, StreamingMovies_Yes, charge_per_service",2,59.0,114.15,Month-to-month,DSL,MEDIUM,30.421786120591584,1794.89,1192.05,78
0.5263408,1,"tenure, PaymentMethod_Electronic check, StreamingMovies_Yes",8,92.1,729.95,Month-to-month,Fiber optic,MEDIUM,24.421786120591584,2249.25,1183.87,79
0.51471066,0,"PaymentMethod_Electronic check, DeviceProtection_Yes, StreamingMovies_Yes",1,72.1,72.1,Month-to-month,Fiber optic,MEDIUM,31.421786120591584,2265.51,1166.08,80
0.46209484,1,"PaymentMethod_Electronic check, num_services, StreamingMovies_Yes",1,80.25,80.25,Month-to-month,Fiber optic,MEDIUM,31.421786120591584,2521.6,1165.22,81
0.89556676,1,"tenure, PaymentMethod_Electronic check, StreamingTV_Yes",21,111.2,2317.1,Month-to-month,Fiber optic,HIGH,11.421786120591584,1270.1,1137.46,82
0.93938166,1,"charge_per_service, PaymentMethod_Electronic check, StreamingTV_Yes",14,64.7,941.0,Month-to-month,DSL,HIGH,18.421786120591584,1191.89,1119.64,83
0.8001283,0,"StreamingTV_Yes, tenure, PaymentMethod_Mailed check",2,45.0,96.45,Month-to-month,DSL,HIGH,30.421786120591584,1368.98,1095.36,84
0.43882433,1,"charge_per_service, DeviceProtection_Yes, PaymentMethod_Electronic check",7,98.05,713.0,Month-to-month,Fiber optic,MEDIUM,25.421786120591584,2492.61,1093.82,85
0.70380443,0,"charge_per_service, StreamingTV_Yes, PaymentMethod_Electronic check",14,81.95,1181.75,Two year,DSL,HIGH,18.421786120591584,1509.67,1062.51,86
0.699387,0,"charge_per_service, OnlineBackup_Yes, StreamingMovies_Yes",15,85.9,1269.55,Month-to-month,Fiber optic,MEDIUM,17.421786120591584,1496.53,1046.65,87
0.52750117,1,"num_services, DeviceProtection_Yes, PaymentMethod_Electronic check",4,69.55,284.9,Month-to-month,Fiber optic,MEDIUM,28.421786120591584,1976.74,1042.73,88
0.8054295,0,"tenure, charge_per_service, TotalCharges",14,70.2,1046.5,Month-to-month,Fiber optic,HIGH,18.421786120591584,1293.21,1041.59,89
0.8485456,0,"num_services, PaymentMethod_Electronic check, DeviceProtection_Yes",16,74.55,1170.5,Month-to-month,Fiber optic,HIGH,16.421786120591584,1224.24,1038.82,90
0.8629202,1,"DeviceProtection_Yes, charge_per_service, StreamingTV_Yes",16,73.25,1195.75,Month-to-month,Fiber optic,HIGH,16.421786120591584,1202.9,1038.01,91
0.9476803,1,"tenure, num_services, PaymentMethod_Electronic check",13,55.95,734.35,Month-to-month,DSL,HIGH,19.421786120591584,1086.65,1029.8,92
0.80520344,0,"StreamingTV_Yes, PaymentMethod_Electronic check, charge_per_service",17,82.65,1470.05,Month-to-month,Fiber optic,HIGH,15.421786120591584,1274.61,1026.32,93
0.6482536,0,"tenure, charge_per_service, num_services",16,96.15,1529.2,Month-to-month,Fiber optic,MEDIUM,16.421786120591584,1578.95,1023.56,94
0.91674066,1,"PaymentMethod_Electronic check, StreamingMovies_Yes, charge_per_service",18,75.9,1373.05,Month-to-month,Fiber optic,HIGH,14.421786120591584,1094.61,1003.47,95
0.8061762,1,"charge_per_service, num_services, PaymentMethod_Electronic check",18,85.2,1553.9,Month-to-month,Fiber optic,HIGH,14.421786120591584,1228.74,990.58,96
0.7861294,0,"tenure, num_services, PaymentMethod_Electronic check",12,61.65,713.75,Month-to-month,DSL,HIGH,20.421786120591584,1259.0,989.74,97
0.94484866,1,"charge_per_service, StreamingTV_Yes, PaymentMethod_Electronic check",14,55.7,795.15,One year,DSL,HIGH,18.421786120591584,1026.09,969.5,98
0.6616586,1,"charge_per_service, StreamingTV_Yes, StreamingMovies_Yes",19,106.6,1934.45,Month-to-month,Fiber optic,MEDIUM,13.421786120591584,1430.76,946.67,99
0.49049264,1,"charge_per_service, tenure, PaymentMethod_Electronic check",10,85.95,858.6,Month-to-month,Fiber optic,MEDIUM,22.421786120591584,1927.15,945.25,100
0.44917476,0,"PaymentMethod_Electronic check, num_services, charge_per_service",11,97.85,1105.4,Month-to-month,Fiber optic,MEDIUM,21.421786120591584,2096.12,941.52,101
0.8014091,0,"PaymentMethod_Electronic check, num_services, charge_per_service",19,86.0,1532.45,Month-to-month,Fiber optic,HIGH,13.421786120591584,1154.27,925.04,102
0.5042141,0,"charge_per_service, num_services, PaymentMethod_Electronic check",12,89.75,1052.4,Month-to-month,Fiber optic,MEDIUM,20.421786120591584,1832.86,924.15,103
0.6023769,1,"DeviceProtection_Yes, num_services, PaymentMethod_Electronic check",2,50.3,92.75,Month-to-month,DSL,MEDIUM,30.421786120591584,1530.22,921.77,104
0.63574374,1,"StreamingTV_Yes, charge_per_service, PaymentMethod_Electronic check",1,45.05,45.05,Month-to-month,DSL,MEDIUM,31.421786120591584,1415.55,899.93,105
0.53785676,0,"charge_per_service, StreamingTV_Yes, PaymentMethod_Electronic check",11,78.0,851.8,Month-to-month,Fiber optic,MEDIUM,21.421786120591584,1670.9,898.7,106
0.8208211,0,"charge_per_service, PaymentMethod_Electronic check, num_services",13,56.0,764.55,Month-to-month,DSL,HIGH,19.421786120591584,1087.62,892.74,107
0.90117884,1,"DeviceProtection_Yes, charge_per_service, tenure",22,94.65,2104.55,Month-to-month,Fiber optic,HIGH,10.421786120591584,986.42,888.94,108
0.79507875,1,"tenure, TotalCharges, PaymentMethod_Electronic check",1,35.45,35.45,Month-to-month,DSL,HIGH,31.421786120591584,1113.9,885.64,109
0.3980792,1,"num_services, DeviceProtection_Yes, TotalCharges",3,75.05,202.9,Month-to-month,Fiber optic,LOW,29.421786120591584,2208.11,879.0,110
0.6139588,0,"num_services, DeviceProtection_Yes, StreamingTV_Yes",1,44.8,44.8,Month-to-month,DSL,MEDIUM,31.421786120591584,1407.7,864.27,111
0.4014592,0,"num_services, tenure, OnlineBackup_Yes",2,70.7,151.65,Month-to-month,Fiber optic,MEDIUM,30.421786120591584,2150.82,863.47,112
0.7221481,1,"PaymentMethod_Electronic check, StreamingMovies_Yes, charge_per_service",20,94.1,1782.4,Month-to-month,Fiber optic,HIGH,12.421786120591584,1168.89,844.11,113
0.6223646,0,"charge_per_service, tenure, num_services",3,45.35,141.5,Month-to-month,DSL,MEDIUM,29.421786120591584,1334.28,830.41,114
0.4462731,1,"num_services, StreamingMovies_Yes, PaymentMethod_Electronic check",16,112.95,1882.55,Month-to-month,Fiber optic,MEDIUM,16.421786120591584,1854.84,827.77,115
0.97298187,1,"num_services, StreamingMovies_Yes, tenure",23,86.8,1975.85,Month-to-month,Fiber optic,HIGH,9.421786120591584,817.81,795.71,116
0.33369908,1,"PaymentMethod_Electronic check, StreamingTV_Yes, PaymentMethod_Mailed check",5,85.4,401.1,Month-to-month,Fiber optic,LOW,27.421786120591584,2341.82,781.46,117
0.50107235,1,"PaymentMethod_Electronic check, num_services, StreamingTV_Yes",15,85.6,1345.55,Month-to-month,Fiber optic,MEDIUM,17.421786120591584,1491.3,747.25,118
0.951486,1,"tenure, charge_per_service, num_services",1,24.8,24.8,Month-to-month,DSL,HIGH,31.421786120591584,779.26,741.45,119
0.79741025,0,"tenure, PaymentMethod_Electronic check, StreamingTV_Yes",22,89.05,1886.25,Month-to-month,Fiber optic,HIGH,10.421786120591584,928.06,740.04,120
0.24951205,0,"num_services, PaymentMethod_Electronic check, tenure",2,96.0,174.8,Month-to-month,Fiber optic,LOW,30.421786120591584,2920.49,728.7,121
0.90225387,0,"PaymentMethod_Electronic check, TotalCharges, charge_per_service",1,25.25,25.25,Month-to-month,DSL,HIGH,31.421786120591584,793.4,715.85,122
0.7957013,1,"OnlineBackup_Yes, StreamingMovies_Yes, num_services",23,95.1,2326.05,Month-to-month,Fiber optic,HIGH,9.421786120591584,896.01,712.96,123
0.90788543,1,"tenure, num_services, DeviceProtection_Yes",5,28.45,131.05,Month-to-month,DSL,HIGH,27.421786120591584,780.15,708.29,124
0.8022013,0,"DeviceProtection_Yes, PaymentMethod_Electronic check, num_services",19,65.35,1231.85,One year,DSL,HIGH,13.421786120591584,877.11,703.62,125
0.2866779,0,"PaymentMethod_Electronic check, OnlineBackup_Yes, TotalCharges",5,88.9,454.15,Month-to-month,Fiber optic,LOW,27.421786120591584,2437.8,698.86,126
0.57323813,1,"OnlineSecurity_Yes, StreamingMovies_Yes, num_services",15,69.0,994.8,Month-to-month,Fiber optic,MEDIUM,17.421786120591584,1202.1,689.09,127
0.3923172,1,"tenure, PaymentMethod_Electronic check, StreamingMovies_Yes",1,55.2,55.2,Month-to-month,DSL,LOW,31.421786120591584,1734.48,680.47,128
0.71036124,1,"charge_per_service, PaymentMethod_Electronic check, tenure",13,49.15,649.4,Month-to-month,DSL,HIGH,19.421786120591584,954.58,678.1,129
0.9595182,1,"tenure, charge_per_service, StreamingTV_Yes",23,75.0,1778.5,Month-to-month,Fiber optic,HIGH,9.421786120591584,706.63,678.02,130
0.35192928,0,"charge_per_service, tenure, PaymentMethod_Electronic check",10,85.6,813.85,Month-to-month,Fiber optic,LOW,22.421786120591584,1919.3,675.46,131
0.43891984,0,"PaymentMethod_Electronic check, charge_per_service, num_services",2,49.05,91.1,Month-to-month,DSL,MEDIUM,30.421786120591584,1492.19,654.95,132
0.23857771,0,"charge_per_service, PaymentMethod_Electronic check, StreamingMovies_Yes",2,89.5,161.5,Month-to-month,Fiber optic,LOW,30.421786120591584,2722.75,649.59,133
0.94941175,1,"tenure, charge_per_service, num_services",24,80.25,1861.5,Month-to-month,Fiber optic,HIGH,8.421786120591584,675.85,641.66,134
0.53637296,1,"PaymentMethod_Electronic check, StreamingMovies_Yes, PaymentMethod_Credit card (automatic)",21,104.55,2239.4,One year,Fiber optic,MEDIUM,11.421786120591584,1194.15,640.51,135
0.41174024,0,"num_services, PaymentMethod_Electronic check, tenure",13,80.0,1029.35,Month-to-month,Fiber optic,MEDIUM,19.421786120591584,1553.74,639.74,136
0.55272317,1,"StreamingTV_Yes, PaymentMethod_Electronic check, StreamingMovies_Yes",10,51.2,498.25,Month-to-month,DSL,MEDIUM,22.421786120591584,1148.0,634.53,137
0.6815545,0,"charge_per_service, num_services, StreamingMovies_Yes",12,45.4,518.9,Month-to-month,DSL,MEDIUM,20.421786120591584,927.15,631.9,138
0.22374696,0,"tenure, num_services, StreamingTV_Yes",1,89.55,89.55,Month-to-month,Fiber optic,LOW,31.421786120591584,2813.82,629.58,139
0.97503316,1,"tenure, charge_per_service, TotalCharges",20,51.8,1023.85,Month-to-month,DSL,HIGH,12.421786120591584,643.45,627.39,140
0.23691127,0,"PaymentMethod_Electronic check, PaymentMethod_Credit card (automatic), StreamingTV_Yes",5,96.5,492.55,Month-to-month,Fiber optic,LOW,27.421786120591584,2646.2,626.91,141
0.22901183,1,"charge_per_service, num_services, PaymentMethod_Electronic check",2,89.55,185.55,Month-to-month,Fiber optic,LOW,30.421786120591584,2724.27,623.89,142
0.8259118,1,"PaymentMethod_Electronic check, StreamingMovies_Yes, num_services",24,89.25,2210.2,Month-to-month,Fiber optic,HIGH,8.421786120591584,751.64,620.79,143
0.5215002,1,"StreamingMovies_Yes, PaymentMethod_Electronic check, DeviceProtection_Yes",6,45.0,298.7,Month-to-month,DSL,MEDIUM,26.421786120591584,1188.98,620.05,144
0.990377,1,"charge_per_service, StreamingMovies_Yes, StreamingTV_Yes",1,19.75,19.75,Month-to-month,No,HIGH,31.421786120591584,620.58,614.61,145
0.7174693,1,"StreamingTV_Yes, PaymentMethod_Electronic check, charge_per_service",15,48.85,631.4,Month-to-month,DSL,HIGH,17.421786120591584,851.05,610.6,146
0.60603446,1,"charge_per_service, num_services, tenure",20,81.0,1683.7,Month-to-month,Fiber optic,MEDIUM,12.421786120591584,1006.16,609.77,147
0.9867371,1,"charge_per_service, MonthlyCharges, StreamingMovies_Yes",8,25.25,186.3,Month-to-month,DSL,HIGH,24.421786120591584,616.65,608.47,148
0.9027925,0,"tenure, DeviceProtection_Yes, PaymentMethod_Electronic check",25,90.4,2178.6,One year,Fiber optic,HIGH,7.421786120591584,670.93,605.71,149
0.9705277,1,"charge_per_service, tenure, StreamingTV_Yes",1,19.85,19.85,Month-to-month,No,HIGH,31.421786120591584,623.72,605.34,150
0.7529977,1,"charge_per_service, StreamingMovies_Yes, DeviceProtection_Yes",1,25.2,25.2,Month-to-month,DSL,HIGH,31.421786120591584,791.83,596.25,151
0.66957784,1,"MonthlyCharges, PaymentMethod_Electronic check, charge_per_service",22,84.15,1821.95,Month-to-month,Fiber optic,MEDIUM,10.421786120591584,876.99,587.21,152
0.63000107,1,"StreamingTV_Yes, num_services, PaymentMethod_Electronic check",14,50.45,765.45,Month-to-month,DSL,MEDIUM,18.421786120591584,929.38,585.51,153
0.4345079,1,"TotalCharges, StreamingTV_Yes, charge_per_service",20,107.05,2172.05,Month-to-month,Fiber optic,MEDIUM,12.421786120591584,1329.75,577.79,154
0.4817212,0,"PaymentMethod_Electronic check, StreamingTV_Yes, InternetService_Fiber optic",20,96.55,1901.65,Month-to-month,Fiber optic,MEDIUM,12.421786120591584,1199.32,577.74,155
0.590031,0,"charge_per_service, num_services, PaymentMethod_Electronic check",13,49.95,587.45,Month-to-month,DSL,MEDIUM,19.421786120591584,970.12,572.4,156
0.35861477,0,"PaymentMethod_Electronic check, num_services, charge_per_service",14,86.0,1164.05,Month-to-month,Fiber optic,LOW,18.421786120591584,1584.27,568.14,157
0.40304857,1,"TotalCharges, PaymentMethod_Electronic check, StreamingTV_Yes",2,46.0,84.5,Month-to-month,DSL,MEDIUM,30.421786120591584,1399.4,564.03,158
0.9294849,0,"num_services, DeviceProtection_Yes, tenure",25,81.75,2028.8,Month-to-month,DSL,HIGH,7.421786120591584,606.73,563.95,159
0.2564656,0,"PaymentMethod_Electronic check, MonthlyCharges, charge_per_service",3,74.4,215.8,Month-to-month,Fiber optic,LOW,29.421786120591584,2188.98,561.4,160
0.8839774,1,"tenure, charge_per_service, StreamingTV_Yes",1,20.2,20.2,One year,No,HIGH,31.421786120591584,634.72,561.08,161
0.23271252,0,"PaymentMethod_Electronic check, charge_per_service, num_services",3,81.35,233.7,Month-to-month,Fiber optic,LOW,29.421786120591584,2393.46,556.99,162
0.2179698,1,"PaymentMethod_Electronic check, PaymentMethod_Credit card (automatic), tenure",1,79.9,79.9,Month-to-month,Fiber optic,LOW,31.421786120591584,2510.6,547.23,163
0.6819121,0,"num_services, DeviceProtection_Yes, StreamingTV_Yes",1,25.35,25.35,Month-to-month,DSL,MEDIUM,31.421786120591584,796.54,543.17,164
0.29792708,0,"num_services, tenure, PaymentMethod_Electronic check",8,74.5,606.55,Month-to-month,Fiber optic,LOW,24.421786120591584,1819.42,542.05,165
0.679088,0,"charge_per_service, PaymentMethod_Electronic check, StreamingTV_Yes",1,25.15,25.15,Month-to-month,DSL,MEDIUM,31.421786120591584,790.26,536.66,166
0.62169206,0,"num_services, charge_per_service, PaymentMethod_Electronic check",23,90.45,2117.25,Month-to-month,Fiber optic,MEDIUM,9.421786120591584,852.2,529.81,167
0.22265449,1,"StreamingTV_Yes, charge_per_service, PaymentMethod_Electronic check",1,75.3,75.3,Month-to-month,Fiber optic,LOW,31.421786120591584,2366.06,526.81,168
0.32721546,1,"StreamingTV_Yes, charge_per_service, DeviceProtection_Yes",14,87.25,1258.6,Month-to-month,Fiber optic,LOW,18.421786120591584,1607.3,525.93,169
0.57818496,0,"num_services, charge_per_service, tenure",16,54.1,889.0,Month-to-month,DSL,MEDIUM,16.421786120591584,888.42,513.67,170
0.8740957,1,"charge_per_service, StreamingTV_Yes, PaymentMethod_Electronic check",22,56.25,1292.2,One year,DSL,HIGH,10.421786120591584,586.23,512.42,171
0.9169835,1,"charge_per_service, StreamingTV_Yes, StreamingMovies_Yes",5,20.1,85.1,One year,No,HIGH,27.421786120591584,551.18,505.42,172
0.3072555,0,"num_services, MonthlyCharges, PaymentMethod_Electronic check",3,54.7,169.45,Month-to-month,DSL,LOW,29.421786120591584,1609.37,494.49,173
0.870929,0,"PaymentMethod_Electronic check, StreamingTV_Yes, num_services",25,75.5,1901.05,Month-to-month,Fiber optic,HIGH,7.421786120591584,560.34,488.02,174
0.17193115,0,"PaymentMethod_Electronic check, num_services, StreamingMovies_Yes",1,89.9,89.9,Month-to-month,Fiber optic,LOW,31.421786120591584,2824.82,485.67,175
0.30290952,0,"PaymentMethod_Electronic check, PaymentMethod_Credit card (automatic), charge_per_service",1,50.8,50.8,Month-to-month,DSL,LOW,31.421786120591584,1596.23,483.51,176
0.32239798,0,"PaymentMethod_Electronic check, charge_per_service, MonthlyCharges",2,49.25,91.1,Month-to-month,DSL,LOW,30.421786120591584,1498.27,483.04,177
0.77006584,0,"charge_per_service, num_services, PaymentMethod_Electronic check",1,19.9,19.9,Month-to-month,No,HIGH,31.421786120591584,625.29,481.51,178
0.18988448,1,"StreamingTV_Yes, num_services, TotalCharges",3,85.7,256.75,Month-to-month,Fiber optic,LOW,29.421786120591584,2521.45,478.78,179
0.20856047,0,"charge_per_service, num_services, PaymentMethod_Electronic check",4,80.25,303.7,Month-to-month,Fiber optic,LOW,28.421786120591584,2280.85,475.7,180
0.77991325,1,"charge_per_service, tenure, PaymentMethod_Electronic check",27,110.5,2857.6,One year,Fiber optic,HIGH,5.421786120591584,599.11,467.25,181
0.894445,1,"StreamingTV_Yes, StreamingMovies_Yes, PaymentMethod_Electronic check",6,19.7,113.5,Month-to-month,No,HIGH,26.421786120591584,520.51,465.57,182
0.38841227,0,"PaymentMethod_Electronic check, charge_per_service, StreamingMovies_Yes",12,58.35,740.55,Month-to-month,DSL,LOW,20.421786120591584,1191.61,462.84,183
0.8774134,1,"tenure, DeviceProtection_Yes, PaymentMethod_Electronic check",26,80.7,2193.0,Month-to-month,Fiber optic,HIGH,6.421786120591584,518.24,454.71,184
0.44840723,1,"PaymentMethod_Electronic check, StreamingTV_Yes, OnlineBackup_Yes",12,49.4,611.65,Month-to-month,DSL,MEDIUM,20.421786120591584,1008.84,452.37,185
0.261228,1,"StreamingTV_Yes, PaymentMethod_Electronic check, StreamingMovies_Yes",3,58.7,168.6,Month-to-month,DSL,LOW,29.421786120591584,1727.06,451.16,186
0.9045673,0,"PaymentMethod_Electronic check, OnlineBackup_Yes, charge_per_service",9,21.25,204.55,Month-to-month,No,HIGH,23.421786120591584,497.71,450.21,187
0.5772752,0,"StreamingMovies_Yes, num_services, DeviceProtection_Yes",1,24.6,24.6,Month-to-month,DSL,MEDIUM,31.421786120591584,772.98,446.22,188
0.7235729,0,"num_services, PaymentMethod_Electronic check, tenure",2,20.0,38.0,Month-to-month,No,HIGH,30.421786120591584,608.44,440.25,189
0.2473668,0,"StreamingMovies_Yes, StreamingTV_Yes, MonthlyCharges",7,69.55,521.35,Month-to-month,Fiber optic,LOW,25.421786120591584,1768.09,437.37,190
0.7857573,0,"charge_per_service, num_services, PaymentMethod_Electronic check",5,20.2,83.75,Month-to-month,No,HIGH,27.421786120591584,553.92,435.25,191
0.8537685,0,"charge_per_service, StreamingTV_Yes, OnlineBackup_Yes",7,20.0,137.6,Month-to-month,No,HIGH,25.421786120591584,508.44,434.09,192
0.47262505,0,"PaymentMethod_Electronic check, OnlineBackup_Yes, StreamingTV_Yes",23,95.3,2192.9,Month-to-month,Fiber optic,MEDIUM,9.421786120591584,897.9,424.37,193
0.6441877,1,"charge_per_service, tenure, StreamingTV_Yes",1,20.75,20.75,Month-to-month,No,MEDIUM,31.421786120591584,652.0,420.01,194
0.17229049,1,"tenure, num_services, TotalCharges",8,99.65,820.5,Month-to-month,Fiber optic,LOW,24.421786120591584,2433.63,419.29,195
0.892002,1,"StreamingMovies_Yes, DeviceProtection_Yes, StreamingTV_Yes",28,104.8,3046.05,Month-to-month,Fiber optic,HIGH,4.421786120591584,463.4,413.35,196
0.28992873,0,"num_services, OnlineBackup_Yes, DeviceProtection_Yes",1,45.3,45.3,Month-to-month,DSL,LOW,31.421786120591584,1423.41,412.69,197
0.6013141,1,"DeviceProtection_Yes, num_services, PaymentMethod_Electronic check",12,33.6,435.45,One year,DSL,MEDIUM,20.421786120591584,686.17,412.6,198
0.8893761,0,"num_services, DeviceProtection_Yes, OnlineBackup_Yes",9,19.5,178.85,Month-to-month,No,HIGH,23.421786120591584,456.72,406.2,199
0.65744305,0,"StreamingTV_Yes, tenure, num_services",1,19.65,19.65,Month-to-month,No,MEDIUM,31.421786120591584,617.44,405.93,200
0.77844465,0,"tenure, num_services, PaymentMethod_Electronic check",27,95.6,2595.25,Month-to-month,Fiber optic,HIGH,5.421786120591584,518.32,403.48,201
0.65387267,0,"num_services, PaymentMethod_Electronic check, tenure",1,19.6,19.6,Month-to-month,No,MEDIUM,31.421786120591584,615.87,402.7,202
0.62655485,1,"PaymentMethod_Electronic check, StreamingTV_Yes, StreamingMovies_Yes",1,20.4,20.4,Month-to-month,No,MEDIUM,31.421786120591584,641.0,401.62,203
0.643464,0,"PaymentMethod_Electronic check, OnlineBackup_Yes, charge_per_service",1,19.55,19.55,Month-to-month,No,MEDIUM,31.421786120591584,614.3,395.28,204
0.688985,0,"tenure, charge_per_service, PaymentMethod_Electronic check",27,104.65,2964.0,One year,Fiber optic,MEDIUM,5.421786120591584,567.39,390.92,205
0.1893518,0,"StreamingTV_Yes, PaymentMethod_Electronic check, StreamingMovies_Yes",3,70.15,194.2,Month-to-month,Fiber optic,LOW,29.421786120591584,2063.94,390.81,206
0.1746099,1,"charge_per_service, tenure, PaymentMethod_Electronic check",11,104.05,1133.65,Month-to-month,Fiber optic,LOW,21.421786120591584,2228.94,389.19,207
0.5835848,0,"tenure, PaymentMethod_Electronic check, StreamingMovies_Yes",5,24.3,100.2,Month-to-month,DSL,MEDIUM,27.421786120591584,666.35,388.87,208
0.607382,0,"charge_per_service, DeviceProtection_Yes, OnlineBackup_Yes",1,20.2,20.2,Month-to-month,No,MEDIUM,31.421786120591584,634.72,385.52,209
0.27796295,1,"DeviceProtection_Yes, num_services, tenure",18,95.15,1779.95,Month-to-month,Fiber optic,LOW,14.421786120591584,1372.23,381.43,210
0.8890239,1,"charge_per_service, StreamingMovies_Yes, PaymentMethod_Electronic check",27,78.05,2135.5,Month-to-month,Fiber optic,HIGH,5.421786120591584,423.17,376.21,211
0.7685562,1,"tenure, DeviceProtection_Yes, StreamingTV_Yes",21,41.9,840.1,Month-to-month,DSL,HIGH,11.421786120591584,478.57,367.81,212
0.38210592,0,"tenure, PaymentMethod_Electronic check, StreamingMovies_Yes",11,44.05,483.7,Month-to-month,DSL,LOW,21.421786120591584,943.63,360.57,213
0.78293324,1,"StreamingTV_Yes, TotalCharges, DeviceProtection_Yes",27,84.8,2309.55,Month-to-month,DSL,HIGH,5.421786120591584,459.77,359.97,214
0.8227965,1,"tenure, num_services, PaymentMethod_Electronic check",25,58.6,1502.65,Month-to-month,DSL,HIGH,7.421786120591584,434.92,357.85,215
0.25387457,1,"PaymentMethod_Electronic check, OnlineBackup_Yes, num_services",1,44.4,44.4,Month-to-month,DSL,LOW,31.421786120591584,1395.13,354.19,216
0.14612271,1,"PaymentMethod_Electronic check, StreamingTV_Yes, tenure",7,95.0,655.5,Month-to-month,Fiber optic,LOW,25.421786120591584,2415.07,352.9,217
0.14772226,1,"num_services, PaymentMethod_Electronic check, Contract_Two year",6,89.35,567.8,Month-to-month,Fiber optic,LOW,26.421786120591584,2360.79,348.74,218
0.91932046,0,"tenure, charge_per_service, num_services",13,19.45,270.2,One year,No,HIGH,19.421786120591584,377.75,347.27,219
0.22282594,0,"charge_per_service, PaymentMethod_Electronic check, tenure",1,49.5,49.5,Month-to-month,DSL,LOW,31.421786120591584,1555.38,346.58,220
0.15149896,0,"charge_per_service, num_services, MonthlyCharges",3,76.95,228.4,Month-to-month,Fiber optic,LOW,29.421786120591584,2264.01,343.0,221
0.73904276,1,"charge_per_service, PaymentMethod_Electronic check, StreamingTV_Yes",27,85.2,2151.6,Month-to-month,Fiber optic,HIGH,5.421786120591584,461.94,341.39,222
0.117369995,0,"charge_per_service, MonthlyCharges, PaymentMethod_Electronic check",2,94.2,167.5,Month-to-month,Fiber optic,LOW,30.421786120591584,2865.73,336.35,223
0.24085262,0,"charge_per_service, PaymentMethod_Electronic check, num_services",11,65.15,723.35,Month-to-month,DSL,LOW,21.421786120591584,1395.63,336.14,224
0.31312546,0,"StreamingTV_Yes, num_services, OnlineSecurity_Yes",17,69.0,1149.65,Month-to-month,Fiber optic,LOW,15.421786120591584,1064.1,333.2,225
0.18650298,0,"num_services, Contract_Two year, MonthlyCharges",15,101.9,1667.25,One year,Fiber optic,LOW,17.421786120591584,1775.28,331.1,226
0.22255006,0,"StreamingMovies_Yes, PaymentMethod_Electronic check, charge_per_service",5,53.8,283.95,Month-to-month,DSL,LOW,27.421786120591584,1475.29,328.33,227
0.14450835,0,"charge_per_service, PaymentMethod_Electronic check, StreamingTV_Yes",6,85.35,489.45,Month-to-month,Fiber optic,LOW,26.421786120591584,2255.1,325.88,228
0.14825907,0,"PaymentMethod_Electronic check, PaymentMethod_Credit card (automatic), num_services",1,69.9,69.9,Month-to-month,Fiber optic,LOW,31.421786120591584,2196.38,325.63,229
0.51410747,0,"tenure, PaymentMethod_Electronic check, StreamingTV_Yes",1,20.15,20.15,Month-to-month,No,MEDIUM,31.421786120591584,633.15,325.51,230
0.52769226,0,"StreamingMovies_Yes, DeviceProtection_Yes, tenure",2,20.2,34.75,One year,No,MEDIUM,30.421786120591584,614.52,324.28,231
0.83321196,0,"tenure, TotalCharges, PaymentMethod_Electronic check",27,71.6,1957.1,Month-to-month,DSL,HIGH,5.421786120591584,388.2,323.45,232
0.84380186,0,"tenure, num_services, PaymentMethod_Electronic check",17,24.8,475.25,Month-to-month,No,HIGH,15.421786120591584,382.46,322.72,233
0.14936195,0,"num_services, tenure, StreamingTV_Yes",7,84.35,609.65,Month-to-month,Fiber optic,LOW,25.421786120591584,2144.33,320.28,234
0.20388883,1,"num_services, TotalCharges, charge_per_service",1,49.9,49.9,Month-to-month,DSL,LOW,31.421786120591584,1567.95,319.69,235
0.83775026,0,"PaymentMethod_Electronic check, StreamingMovies_Yes, StreamingTV_Yes",18,25.55,467.85,Month-to-month,DSL,HIGH,14.421786120591584,368.48,308.69,236
0.12944597,1,"StreamingTV_Yes, StreamingMovies_Yes, TotalCharges",1,74.7,74.7,Month-to-month,Fiber optic,LOW,31.421786120591584,2347.21,303.84,237
0.73370886,1,"tenure, StreamingMovies_Yes, PaymentMethod_Electronic check",28,92.9,2768.35,One year,Fiber optic,HIGH,4.421786120591584,410.78,301.39,238
0.83494455,0,"tenure, PaymentMethod_Electronic check, MonthlyCharges",27,66.15,1874.45,One year,DSL,HIGH,5.421786120591584,358.65,299.45,239
0.16491538,0,"PaymentMethod_Electronic check, tenure, PaymentMethod_Credit card (automatic)",3,60.25,170.5,Month-to-month,DSL,LOW,29.421786120591584,1772.66,292.34,240
0.41519788,0,"num_services, PaymentMethod_Electronic check, StreamingTV_Yes",24,83.15,2033.05,One year,Fiber optic,MEDIUM,8.421786120591584,700.27,290.75,241
0.31277516,1,"PaymentMethod_Electronic check, charge_per_service, StreamingTV_Yes",16,54.85,916.15,Two year,DSL,LOW,16.421786120591584,900.73,281.73,242
0.19702117,0,"num_services, tenure, OnlineBackup_Yes",4,50.05,179.35,Month-to-month,DSL,LOW,28.421786120591584,1422.51,280.26,243
0.20545214,1,"charge_per_service, PaymentMethod_Electronic check, tenure",2,44.3,89.3,Month-to-month,DSL,LOW,30.421786120591584,1347.69,276.89,244
0.5357586,0,"DeviceProtection_Yes, num_services, StreamingTV_Yes",25,69.5,1752.65,Month-to-month,DSL,MEDIUM,7.421786120591584,515.81,276.35,245
0.34577525,0,"PaymentMethod_Electronic check, StreamingTV_Yes, charge_per_service",23,84.25,1968.1,Month-to-month,Fiber optic,LOW,9.421786120591584,793.79,274.47,246
0.3324718,0,"PaymentMethod_Electronic check, charge_per_service, num_services",16,49.95,810.2,Month-to-month,DSL,LOW,16.421786120591584,820.27,272.72,247
0.5100403,1,"PaymentMethod_Electronic check, StreamingTV_Yes, StreamingMovies_Yes",5,19.45,86.05,Month-to-month,No,MEDIUM,27.421786120591584,533.35,272.03,248
0.463934,1,"PaymentMethod_Electronic check, StreamingMovies_Yes, PaymentMethod_Credit card (automatic)",2,19.25,48.35,Month-to-month,No,MEDIUM,30.421786120591584,585.62,271.69,249
0.40214384,1,"charge_per_service, StreamingMovies_Yes, OnlineBackup_Yes",5,24.3,132.25,Month-to-month,No,MEDIUM,27.421786120591584,666.35,267.97,250
0.4527659,0,"num_services, tenure, PaymentMethod_Electronic check",22,56.75,1304.85,Two year,DSL,MEDIUM,10.421786120591584,591.44,267.78,251
0.17283596,0,"PaymentMethod_Electronic check, charge_per_service, StreamingTV_Yes",1,49.3,49.3,Month-to-month,DSL,LOW,31.421786120591584,1549.09,267.74,252
0.36415356,0,"num_services, Contract_Two year, MonthlyCharges",3,24.6,86.35,Month-to-month,No,LOW,29.421786120591584,723.78,263.57,253
0.53900695,1,"num_services, PaymentMethod_Electronic check, StreamingMovies_Yes",8,20.0,141.6,Two year,No,MEDIUM,24.421786120591584,488.44,263.27,254
0.6383323,1,"charge_per_service, num_services, tenure",27,75.5,1893.95,Month-to-month,Fiber optic,MEDIUM,5.421786120591584,409.34,261.29,255
0.092503704,0,"PaymentMethod_Electronic check, StreamingMovies_Yes, StreamingTV_Yes",3,95.1,307.4,Month-to-month,Fiber optic,LOW,29.421786120591584,2798.01,258.83,256
0.4276826,0,"StreamingTV_Yes, num_services, PaymentMethod_Electronic check",2,19.65,38.8,Month-to-month,No,MEDIUM,30.421786120591584,597.79,255.66,257
0.32943872,0,"PaymentMethod_Electronic check, num_services, charge_per_service",10,34.55,362.6,Month-to-month,DSL,LOW,22.421786120591584,774.67,255.21,258
0.17103393,0,"charge_per_service, OnlineBackup_Yes, PaymentMethod_Electronic check",14,80.9,1152.8,Month-to-month,Fiber optic,LOW,18.421786120591584,1490.32,254.9,259
0.11455115,0,"StreamingTV_Yes, PaymentMethod_Electronic check, StreamingMovies_Yes",3,75.3,244.1,Month-to-month,DSL,LOW,29.421786120591584,2215.46,253.78,260
0.79235584,0,"tenure, num_services, PaymentMethod_Electronic check",17,20.65,330.6,One year,No,HIGH,15.421786120591584,318.46,252.33,261
0.77475256,0,"StreamingTV_Yes, StreamingMovies_Yes, PaymentMethod_Electronic check",26,50.35,1277.5,Month-to-month,DSL,HIGH,6.421786120591584,323.34,250.51,262
0.61921984,0,"PaymentMethod_Electronic check, tenure, StreamingTV_Yes",12,19.8,202.25,One year,No,MEDIUM,20.421786120591584,404.35,250.38,263
0.4301928,0,"PaymentMethod_Electronic check, charge_per_service, num_services",22,55.1,1253.15,Month-to-month,DSL,MEDIUM,10.421786120591584,574.24,247.03,264
0.1517723,0,"num_services, OnlineSecurity_Yes, PaymentMethod_Electronic check",2,53.45,119.5,Month-to-month,DSL,LOW,30.421786120591584,1626.04,246.79,265
0.18583608,1,"StreamingMovies_Yes, OnlineBackup_Yes, num_services",7,50.7,350.35,Month-to-month,DSL,LOW,25.421786120591584,1288.88,239.52,266
0.12916571,0,"StreamingTV_Yes, OnlineBackup_Yes, num_services",13,95.05,1290.0,Month-to-month,Fiber optic,LOW,19.421786120591584,1846.04,238.45,267
0.18396017,1,"StreamingTV_Yes, PaymentMethod_Electronic check, charge_per_service",15,74.4,1074.3,Month-to-month,Fiber optic,LOW,17.421786120591584,1296.18,238.45,267
0.21672261,0,"charge_per_service, num_services, PaymentMethod_Electronic check",8,44.55,343.45,Two year,DSL,LOW,24.421786120591584,1087.99,235.79,269
0.115793034,0,"StreamingTV_Yes, PaymentMethod_Electronic check, TotalCharges",4,70.9,273.0,Month-to-month,Fiber optic,LOW,28.421786120591584,2015.1,233.33,270
0.11210978,0,"charge_per_service, StreamingTV_Yes, tenure",5,75.6,402.5,Month-to-month,Fiber optic,LOW,27.421786120591584,2073.09,232.41,271
0.17084564,0,"num_services, tenure, PaymentMethod_Electronic check",2,44.6,80.55,Month-to-month,DSL,LOW,30.421786120591584,1356.81,231.81,272
0.104903705,0,"num_services, StreamingTV_Yes, PaymentMethod_Electronic check",5,80.0,412.5,Month-to-month,Fiber optic,LOW,27.421786120591584,2193.74,230.13,273
0.09622083,1,"num_services, PaymentMethod_Electronic check, StreamingMovies_Yes",9,100.5,918.6,Month-to-month,Fiber optic,LOW,23.421786120591584,2353.89,226.49,274
0.6923617,1,"tenure, PaymentMethod_Electronic check, StreamingTV_Yes",21,28.5,629.35,Month-to-month,DSL,MEDIUM,11.421786120591584,325.52,225.38,275
0.15994829,0,"PaymentMethod_Electronic check, Contract_Two year, PaymentMethod_Credit card (automatic)",1,44.7,44.7,Month-to-month,DSL,LOW,31.421786120591584,1404.55,224.66,276
0.08808587,0,"StreamingMovies_Yes, PaymentMethod_Electronic check, num_services",1,80.55,80.55,Month-to-month,Fiber optic,LOW,31.421786120591584,2531.02,222.95,277
0.15794893,0,"StreamingTV_Yes, tenure, PaymentMethod_Electronic check",10,62.25,612.95,Month-to-month,DSL,LOW,22.421786120591584,1395.76,220.46,278
0.49070838,1,"num_services, charge_per_service, PaymentMethod_Electronic check",11,20.9,202.3,Two year,No,MEDIUM,21.421786120591584,447.72,219.7,279
0.3617016,0,"charge_per_service, StreamingTV_Yes, TotalCharges",24,70.0,1732.6,Month-to-month,Fiber optic,LOW,8.421786120591584,589.53,213.23,280
0.11868554,0,"PaymentMethod_Electronic check, num_services, StreamingTV_Yes",10,79.85,887.35,Month-to-month,Fiber optic,LOW,22.421786120591584,1790.38,212.49,281
0.43412232,0,"charge_per_service, PaymentMethod_Electronic check, StreamingTV_Yes",8,19.95,170.9,Month-to-month,No,MEDIUM,24.421786120591584,487.21,211.51,282
0.45895278,1,"tenure, charge_per_service, OnlineBackup_Yes",10,20.35,176.3,One year,No,MEDIUM,22.421786120591584,456.28,209.41,283
0.15250774,0,"tenure, StreamingTV_Yes, PaymentMethod_Electronic check",2,44.95,85.15,Month-to-month,DSL,LOW,30.421786120591584,1367.46,208.55,284
0.16822067,1,"tenure, OnlineBackup_Yes, DeviceProtection_Yes",16,75.1,1212.85,Month-to-month,Fiber optic,LOW,16.421786120591584,1233.28,207.46,285
0.391829,0,"StreamingMovies_Yes, PaymentMethod_Electronic check, StreamingTV_Yes",26,81.95,2070.05,Month-to-month,Fiber optic,LOW,6.421786120591584,526.27,206.21,286
0.12536617,0,"StreamingTV_Yes, charge_per_service, num_services",1,52.2,52.2,Month-to-month,DSL,LOW,31.421786120591584,1640.22,205.63,287
0.12713534,0,"num_services, MonthlyCharges, Contract_Two year",12,78.95,927.35,Month-to-month,Fiber optic,LOW,20.421786120591584,1612.3,204.98,288
0.13647732,0,"tenure, PaymentMethod_Electronic check, StreamingTV_Yes",3,50.15,160.85,Month-to-month,DSL,LOW,29.421786120591584,1475.5,201.37,289
0.08434969,0,"charge_per_service, num_services, tenure",1,75.8,75.8,Month-to-month,Fiber optic,LOW,31.421786120591584,2381.77,200.9,290
0.769538,1,"DeviceProtection_Yes, StreamingTV_Yes, tenure",29,75.35,2243.9,One year,DSL,HIGH,3.421786120591584,257.83,198.41,291
0.18646796,0,"num_services, MonthlyCharges, DeviceProtection_Yes",2,34.7,62.25,Month-to-month,DSL,LOW,30.421786120591584,1055.64,196.84,292
0.3271771,1,"PaymentMethod_Electronic check, num_services, StreamingTV_Yes",4,20.85,62.9,Month-to-month,No,LOW,28.421786120591584,592.59,193.88,293
0.7932415,0,"tenure, PaymentMethod_Electronic check, PaymentMethod_Credit card (automatic)",28,54.3,1546.3,One year,DSL,HIGH,4.421786120591584,240.1,190.46,294
0.41587538,1,"PaymentMethod_Electronic check, StreamingTV_Yes, charge_per_service",25,61.6,1611.0,One year,DSL,MEDIUM,7.421786120591584,457.18,190.13,295
0.33548933,1,"charge_per_service, tenure, num_services",23,59.95,1406.0,Month-to-month,DSL,LOW,9.421786120591584,564.84,189.5,296
0.09710247,0,"PaymentMethod_Electronic check, StreamingTV_Yes, OnlineBackup_Yes",5,69.7,316.9,Month-to-month,Fiber optic,LOW,27.421786120591584,1911.3,185.59,297
0.7360769,1,"charge_per_service, PaymentMethod_Electronic check, StreamingTV_Yes",20,20.0,417.65,Month-to-month,No,HIGH,12.421786120591584,248.44,182.87,298
0.08335983,0,"tenure, Contract_Two year, PaymentMethod_Electronic check",1,69.55,69.55,Month-to-month,Fiber optic,LOW,31.421786120591584,2185.39,182.17,299
0.110124014,0,"charge_per_service, PaymentMethod_Electronic check, OnlineSecurity_Yes",8,66.7,579.0,Month-to-month,DSL,LOW,24.421786120591584,1628.93,179.38,300
0.36574885,0,"charge_per_service, num_services, MonthlyCharges",27,90.15,2423.4,Month-to-month,Fiber optic,LOW,5.421786120591584,488.77,178.77,301
0.1782264,1,"tenure, num_services, TotalCharges",17,64.7,1093.1,Month-to-month,DSL,LOW,15.421786120591584,997.79,177.83,302
0.20481232,0,"StreamingMovies_Yes, StreamingTV_Yes, DeviceProtection_Yes",22,83.3,1845.9,Month-to-month,Fiber optic,LOW,10.421786120591584,868.13,177.8,303
0.41109914,0,"PaymentMethod_Electronic check, tenure, TotalCharges",11,20.05,237.7,One year,No,MEDIUM,21.421786120591584,429.51,176.57,304
0.21986671,0,"tenure, TotalCharges, PaymentMethod_Electronic check",1,25.4,25.4,Month-to-month,No,LOW,31.421786120591584,798.11,175.48,305
0.26420072,0,"MonthlyCharges, num_services, StreamingMovies_Yes",24,78.4,1832.4,One year,DSL,LOW,8.421786120591584,660.27,174.44,306
0.15258554,0,"charge_per_service, OnlineBackup_Yes, tenure",18,75.6,1395.05,Month-to-month,Fiber optic,LOW,14.421786120591584,1090.29,166.36,307
0.20240651,0,"charge_per_service, PaymentMethod_Electronic check, num_services",23,86.8,1940.8,One year,Fiber optic,LOW,9.421786120591584,817.81,165.53,308
0.07202008,0,"charge_per_service, StreamingMovies_Yes, TotalCharges",2,74.4,139.4,Month-to-month,Fiber optic,LOW,30.421786120591584,2263.38,163.01,309
0.21979763,0,"tenure, PaymentMethod_Electronic check, StreamingTV_Yes",25,98.5,2514.5,Month-to-month,Fiber optic,LOW,7.421786120591584,731.05,160.68,310
0.17920478,0,"PaymentMethod_Electronic check, MonthlyCharges, charge_per_service",12,43.8,540.95,Month-to-month,DSL,LOW,20.421786120591584,894.47,160.29,311
0.15859495,0,"StreamingTV_Yes, num_services, MonthlyCharges",10,44.85,435.4,Month-to-month,DSL,LOW,22.421786120591584,1005.62,159.49,312
0.15480638,0,"PaymentMethod_Electronic check, charge_per_service, tenure",15,58.95,955.15,Month-to-month,DSL,LOW,17.421786120591584,1027.01,158.99,313
0.22518516,0,"num_services, PaymentMethod_Electronic check, tenure",21,60.05,1236.15,Month-to-month,DSL,LOW,11.421786120591584,685.88,154.45,314
0.41003454,1,"charge_per_service, num_services, tenure",14,20.4,275.7,One year,No,MEDIUM,18.421786120591584,375.8,154.09,315
0.27632868,1,"StreamingMovies_Yes, PaymentMethod_Electronic check, OnlineBackup_Yes",20,44.35,927.15,Month-to-month,DSL,LOW,12.421786120591584,550.91,152.23,316
0.23960085,0,"MonthlyCharges, num_services, DeviceProtection_Yes",1,20.15,20.15,Month-to-month,No,LOW,31.421786120591584,633.15,151.7,317
0.6461565,0,"num_services, PaymentMethod_Electronic check, tenure",30,95.0,2852.4,Month-to-month,Fiber optic,MEDIUM,2.421786120591584,230.07,148.66,318
0.46133712,1,"charge_per_service, tenure, num_services",17,20.5,365.8,One year,No,MEDIUM,15.421786120591584,316.15,145.85,319
0.055432204,0,"Contract_Two year, tenure, StreamingMovies_Yes",3,88.3,273.75,Month-to-month,Fiber optic,LOW,29.421786120591584,2597.94,144.01,320
0.7975648,0,"tenure, num_services, PaymentMethod_Electronic check",24,21.05,531.55,One year,No,HIGH,8.421786120591584,177.28,141.39,321
0.066554435,0,"charge_per_service, num_services, MonthlyCharges",2,69.75,144.55,Month-to-month,Fiber optic,LOW,30.421786120591584,2121.92,141.22,322
0.27568936,0,"num_services, MonthlyCharges, TechSupport_Yes",23,54.25,1221.55,Month-to-month,DSL,LOW,9.421786120591584,511.13,140.91,323
0.1749566,0,"PaymentMethod_Electronic check, num_services, charge_per_service",22,76.0,1783.6,One year,Fiber optic,LOW,10.421786120591584,792.06,138.58,324
0.14662337,0,"PaymentMethod_Electronic check, charge_per_service, PaymentMethod_Credit card (automatic)",2,30.9,59.05,Month-to-month,DSL,LOW,30.421786120591584,940.03,137.83,325
0.12058648,0,"PaymentMethod_Electronic check, PaymentMethod_Credit card (automatic), num_services",9,48.6,422.3,One year,DSL,LOW,23.421786120591584,1138.3,137.26,326
0.05787109,0,"charge_per_service, OnlineBackup_Yes, PaymentMethod_Electronic check",1,75.05,75.05,Month-to-month,Fiber optic,LOW,31.421786120591584,2358.21,136.47,327
0.06788458,0,"PaymentMethod_Electronic check, PaymentMethod_Mailed check, DeviceProtection_Yes",4,70.15,268.35,Month-to-month,Fiber optic,LOW,28.421786120591584,1993.79,135.35,328
0.21422689,0,"num_services, charge_per_service, PaymentMethod_Electronic check",1,19.85,19.85,Month-to-month,No,LOW,31.421786120591584,623.72,133.62,329
0.101290874,0,"MonthlyCharges, num_services, PaymentMethod_Electronic check",15,75.35,1114.55,Month-to-month,Fiber optic,LOW,17.421786120591584,1312.73,132.97,330
0.084199764,0,"charge_per_service, PaymentMethod_Electronic check, num_services",13,81.15,952.3,Month-to-month,Fiber optic,LOW,19.421786120591584,1576.08,132.71,331
0.22438106,1,"num_services, PaymentMethod_Electronic check, StreamingTV_Yes",4,20.5,77.6,Month-to-month,No,LOW,28.421786120591584,582.65,130.74,332
0.31101257,0,"PaymentMethod_Electronic check, charge_per_service, MonthlyCharges",12,20.45,255.35,Month-to-month,No,LOW,20.421786120591584,417.63,129.89,333
0.045437407,1,"tenure, TotalCharges, DeviceProtection_Yes",1,90.85,90.85,Month-to-month,Fiber optic,LOW,31.421786120591584,2854.67,129.71,334
0.05371693,0,"PaymentMethod_Electronic check, StreamingMovies_Yes, OnlineBackup_Yes",4,84.6,360.1,Month-to-month,Fiber optic,LOW,28.421786120591584,2404.48,129.16,335
0.06325812,0,"PaymentMethod_Electronic check, StreamingTV_Yes, DeviceProtection_Yes",5,74.35,334.8,Month-to-month,Fiber optic,LOW,27.421786120591584,2038.81,128.97,336
0.1183884,1,"num_services, MonthlyCharges, Contract_Two year",5,39.5,210.75,Month-to-month,DSL,LOW,27.421786120591584,1083.16,128.23,337
0.100864395,0,"charge_per_service, PaymentMethod_Electronic check, num_services",18,87.9,1500.5,Month-to-month,Fiber optic,LOW,14.421786120591584,1267.68,127.86,338
0.52941334,1,"charge_per_service, num_services, PaymentMethod_Electronic check",23,25.6,514.75,Two year,No,MEDIUM,9.421786120591584,241.2,127.69,339
0.82542974,1,"DeviceProtection_Yes, num_services, StreamingTV_Yes",29,45.0,1228.65,Month-to-month,DSL,HIGH,3.421786120591584,153.98,127.1,340
0.10802053,0,"PaymentMethod_Electronic check, charge_per_service, num_services",20,94.3,1818.3,One year,Fiber optic,LOW,12.421786120591584,1171.37,126.53,341
0.06742586,0,"PaymentMethod_Electronic check, TotalCharges, PaymentMethod_Mailed check",7,71.35,515.75,Month-to-month,DSL,LOW,25.421786120591584,1813.84,122.3,342
0.27682883,0,"StreamingTV_Yes, PaymentMethod_Electronic check, PaymentMethod_Credit card (automatic)",15,25.25,394.85,Month-to-month,No,LOW,17.421786120591584,439.9,121.78,343
0.05892529,1,"StreamingTV_Yes, Contract_One year, PaymentMethod_Electronic check",8,84.5,662.65,Month-to-month,Fiber optic,LOW,24.421786120591584,2063.64,121.6,344
0.15973862,0,"StreamingTV_Yes, StreamingMovies_Yes, TotalCharges",7,29.8,220.45,Month-to-month,DSL,LOW,25.421786120591584,757.57,121.01,345
0.119884856,1,"charge_per_service, num_services, tenure",12,49.05,593.05,Month-to-month,DSL,LOW,20.421786120591584,1001.69,120.09,346
0.9715025,1,"tenure, charge_per_service, TotalCharges",26,19.15,515.75,Two year,No,HIGH,6.421786120591584,122.98,119.48,347
0.053709585,0,"PaymentMethod_Electronic check, num_services, InternetService_Fiber optic",9,94.75,889.9,Month-to-month,Fiber optic,LOW,23.421786120591584,2219.21,119.19,348
0.485217,1,"tenure, PaymentMethod_Electronic check, StreamingMovies_Yes",20,19.7,406.95,Two year,No,MEDIUM,12.421786120591584,244.71,118.74,349
0.12495445,0,"charge_per_service, PaymentMethod_Electronic check, num_services",22,89.25,1907.85,Month-to-month,Fiber optic,LOW,10.421786120591584,930.14,116.23,350
0.9111172,1,"tenure, PaymentMethod_Electronic check, PaymentMethod_Mailed check",31,89.3,2823.0,Month-to-month,Fiber optic,HIGH,1.4217861205915838,126.97,115.68,351
0.17020957,0,"PaymentMethod_Electronic check, charge_per_service, num_services",10,29.75,301.9,Month-to-month,DSL,LOW,22.421786120591584,667.05,113.54,352
0.18411565,0,"PaymentMethod_Electronic check, StreamingMovies_Yes, InternetService_Fiber optic",1,19.45,19.45,Month-to-month,No,LOW,31.421786120591584,611.15,112.52,353
0.9847719,1,"charge_per_service, tenure, TotalCharges",72,112.6,8126.65,Two year,Fiber optic,HIGH,1.0,112.6,110.89,354
0.11076757,0,"num_services, MonthlyCharges, StreamingMovies_Yes",17,64.8,1175.6,One year,DSL,LOW,15.421786120591584,999.33,110.69,355
0.18200229,1,"TotalCharges, PaymentMethod_Electronic check, StreamingTV_Yes",1,19.25,19.25,Month-to-month,No,LOW,31.421786120591584,604.87,110.09,356
0.07922895,0,"PaymentMethod_Electronic check, OnlineBackup_Yes, StreamingTV_Yes",5,50.55,244.75,Month-to-month,DSL,LOW,27.421786120591584,1386.17,109.82,357
0.13360132,0,"charge_per_service, num_services, PaymentMethod_Electronic check",22,78.85,1600.25,Month-to-month,Fiber optic,LOW,10.421786120591584,821.76,109.79,358
0.77548426,1,"charge_per_service, MonthlyCharges, PaymentMethod_Electronic check",31,99.45,3109.9,Two year,Fiber optic,HIGH,1.4217861205915838,141.4,109.65,359
0.044443745,0,"tenure, PaymentMethod_Electronic check, StreamingTV_Yes",2,80.95,171.15,Month-to-month,Fiber optic,LOW,30.421786120591584,2462.64,109.45,360
0.95713556,0,"DeviceProtection_Yes, StreamingTV_Yes, TechSupport_Yes",72,114.0,8093.15,Two year,Fiber optic,HIGH,1.0,114.0,109.11,361
0.28058884,0,"num_services, StreamingMovies_Yes, DeviceProtection_Yes",12,19.0,233.55,Month-to-month,No,LOW,20.421786120591584,388.01,108.87,362
0.15191528,0,"PaymentMethod_Electronic check, StreamingMovies_Yes, OnlineBackup_Yes",23,75.6,1758.6,Month-to-month,Fiber optic,LOW,9.421786120591584,712.29,108.21,363
0.95477647,1,"TotalCharges, charge_per_service, StreamingMovies_Yes",69,113.25,7895.15,Two year,Fiber optic,HIGH,1.0,113.25,108.13,364
0.41679394,1,"PaymentMethod_Electronic check, charge_per_service, StreamingMovies_Yes",29,75.55,2054.4,Two year,DSL,MEDIUM,3.421786120591584,258.52,107.75,365
0.9214176,1,"num_services, charge_per_service, PaymentMethod_Electronic check",72,116.05,8404.9,Two year,Fiber optic,HIGH,1.0,116.05,106.93,366
0.984455,1,"tenure, MonthlyCharges, charge_per_service",71,108.55,7616.0,Two year,Fiber optic,HIGH,1.0,108.55,106.86,367
0.98820287,0,"num_services, tenure, StreamingMovies_Yes",51,107.45,5680.9,One year,Fiber optic,HIGH,1.0,107.45,106.18,368
0.17215858,0,"PaymentMethod_Electronic check, StreamingMovies_Yes, charge_per_service",1,19.55,19.55,Month-to-month,No,LOW,31.421786120591584,614.3,105.76,369
0.07428875,1,"num_services, DeviceProtection_Yes, MonthlyCharges",1,45.3,45.3,Month-to-month,DSL,LOW,31.421786120591584,1423.41,105.74,370
0.5034873,0,"PaymentMethod_Electronic check, charge_per_service, StreamingTV_Yes",30,86.45,2538.05,One year,Fiber optic,MEDIUM,2.421786120591584,209.36,105.41,371
0.050149802,1,"StreamingTV_Yes, num_services, MultipleLines_Yes",2,68.95,119.75,Month-to-month,Fiber optic,LOW,30.421786120591584,2097.58,105.19,372
0.9873717,1,"charge_per_service, tenure, TotalCharges",48,105.25,4997.5,Month-to-month,Fiber optic,HIGH,1.0,105.25,103.92,373
0.17460516,0,"num_services, tenure, OnlineBackup_Yes",5,21.05,113.85,Month-to-month,No,LOW,27.421786120591584,577.23,100.79,374
0.9452039,1,"tenure, charge_per_service, TotalCharges",61,106.45,6300.15,Month-to-month,Fiber optic,HIGH,1.0,106.45,100.62,375
0.9698836,0,"charge_per_service, StreamingTV_Yes, PaymentMethod_Electronic check",66,102.85,6976.75,One year,Fiber optic,HIGH,1.0,102.85,99.75,376
0.9410029,0,"tenure, PaymentMethod_Electronic check, TotalCharges",54,105.85,5826.65,One year,Fiber optic,HIGH,1.0,105.85,99.61,377
0.16700271,0,"num_services, tenure, TechSupport_Yes",13,30.15,382.2,Month-to-month,DSL,LOW,19.421786120591584,585.57,97.79,378
0.16493532,0,"num_services, PaymentMethod_Electronic check, charge_per_service",3,19.95,58.3,Month-to-month,No,LOW,29.421786120591584,586.96,96.81,379
0.8986181,1,"charge_per_service, num_services, PaymentMethod_Electronic check",72,107.5,7853.7,Two year,Fiber optic,HIGH,1.0,107.5,96.6,380
0.22357254,0,"PaymentMethod_Electronic check, StreamingTV_Yes, StreamingMovies_Yes",11,19.95,214.75,Month-to-month,No,LOW,21.421786120591584,427.36,95.55,381
0.0954607,0,"PaymentMethod_Electronic check, num_services, OnlineBackup_Yes",14,54.25,773.2,One year,DSL,LOW,18.421786120591584,999.38,95.4,382
0.10818125,0,"charge_per_service, PaymentMethod_Electronic check, StreamingMovies_Yes",24,104.15,2494.65,Month-to-month,Fiber optic,LOW,8.421786120591584,877.13,94.89,383
0.9572911,0,"tenure, DeviceProtection_Yes, PaymentMethod_Mailed check",41,98.8,3959.15,Two year,Fiber optic,HIGH,1.0,98.8,94.58,384
0.9949163,0,"charge_per_service, StreamingTV_Yes, PaymentMethod_Electronic check",32,93.95,2861.45,Month-to-month,Fiber optic,HIGH,1.0,93.95,93.47,385
0.94100446,0,"charge_per_service, PaymentMethod_Electronic check, TotalCharges",61,98.45,6145.2,One year,Fiber optic,HIGH,1.0,98.45,92.64,386
0.91720885,0,"PaymentMethod_Electronic check, StreamingTV_Yes, PhoneService",70,101.0,7085.5,Two year,Fiber optic,HIGH,1.0,101.0,92.64,386
0.06656523,1,"PaymentMethod_Electronic check, charge_per_service, OnlineBackup_Yes",11,64.9,697.25,One year,DSL,LOW,21.421786120591584,1390.27,92.54,388
0.21085818,0,"StreamingTV_Yes, StreamingMovies_Yes, num_services",11,20.45,250.8,Month-to-month,No,LOW,21.421786120591584,438.08,92.37,389
0.0562107,0,"Contract_Two year, charge_per_service, PaymentMethod_Electronic check",2,53.85,108.15,Month-to-month,DSL,LOW,30.421786120591584,1638.21,92.08,390
0.89899087,1,"num_services, tenure, PaymentMethod_Electronic check",50,101.9,5265.5,One year,Fiber optic,HIGH,1.0,101.9,91.61,391
0.8439621,0,"DeviceProtection_Yes, num_services, StreamingMovies_Yes",70,108.15,7930.55,One year,Fiber optic,HIGH,1.0,108.15,91.27,392
0.94393915,1,"PaymentMethod_Electronic check, charge_per_service, MonthlyCharges",59,96.65,5580.8,Month-to-month,Fiber optic,HIGH,1.0,96.65,91.23,393
0.045712788,0,"tenure, num_services, Contract_Two year",4,70.2,237.95,Month-to-month,Fiber optic,LOW,28.421786120591584,1995.21,91.21,394
0.04259175,0,"Contract_Two year, num_services, PaymentMethod_Credit card (automatic)",2,70.3,132.4,Month-to-month,DSL,LOW,30.421786120591584,2138.65,91.09,395
0.9112622,0,"StreamingTV_Yes, charge_per_service, PaymentMethod_Electronic check",69,99.45,7007.6,Month-to-month,Fiber optic,HIGH,1.0,99.45,90.63,396
0.99194807,0,"tenure, MonthlyCharges, DeviceProtection_Yes",32,91.35,2896.55,Month-to-month,Fiber optic,HIGH,1.0,91.35,90.61,397
0.03108574,0,"num_services, PaymentMethod_Electronic check, OnlineBackup_Yes",6,109.9,669.45,Month-to-month,Fiber optic,LOW,26.421786120591584,2903.75,90.27,398
0.9595045,1,"charge_per_service, StreamingTV_Yes, PaymentMethod_Electronic check",53,93.45,4872.2,One year,Fiber optic,HIGH,1.0,93.45,89.67,399
0.056972593,0,"PaymentMethod_Electronic check, num_services, StreamingMovies_Yes",1,49.95,49.95,Month-to-month,DSL,LOW,31.421786120591584,1569.52,89.42,400
0.9372655,0,"charge_per_service, StreamingTV_Yes, PaymentMethod_Mailed check",58,94.7,5430.35,One year,Fiber optic,HIGH,1.0,94.7,88.76,401
0.89197296,0,"charge_per_service, StreamingTV_Yes, StreamingMovies_Yes",49,99.05,4853.75,Month-to-month,Fiber optic,HIGH,1.0,99.05,88.35,402
0.56452054,0,"DeviceProtection_Yes, num_services, StreamingMovies_Yes",30,64.5,1888.45,Month-to-month,DSL,MEDIUM,2.421786120591584,156.21,88.18,403
0.8256573,1,"PaymentMethod_Electronic check, OnlineBackup_Yes, charge_per_service",71,106.7,7382.25,Two year,Fiber optic,HIGH,1.0,106.7,88.1,404
0.7723893,1,"num_services, DeviceProtection_Yes, MonthlyCharges",72,114.05,8468.2,Two year,Fiber optic,HIGH,1.0,114.05,88.09,405
0.8997068,1,"tenure, charge_per_service, num_services",64,97.0,6430.9,One year,Fiber optic,HIGH,1.0,97.0,87.27,406
0.33970717,1,"StreamingMovies_Yes, DeviceProtection_Yes, OnlineBackup_Yes",29,74.95,2149.05,Month-to-month,Fiber optic,LOW,3.421786120591584,256.46,87.12,407
0.04082901,0,"PaymentMethod_Electronic check, PaymentMethod_Credit card (automatic), charge_per_service",10,95.1,865.1,Month-to-month,Fiber optic,LOW,22.421786120591584,2132.31,87.06,408
0.060580157,0,"charge_per_service, num_services, tenure",1,45.7,45.7,Month-to-month,DSL,LOW,31.421786120591584,1435.98,86.99,409
0.86711425,0,"charge_per_service, MonthlyCharges, PaymentMethod_Electronic check",62,100.15,6413.65,One year,Fiber optic,HIGH,1.0,100.15,86.84,410
0.82252777,1,"num_services, StreamingTV_Yes, OnlineBackup_Yes",67,105.4,6989.45,One year,Fiber optic,HIGH,1.0,105.4,86.69,411
0.7934963,0,"PaymentMethod_Electronic check, StreamingTV_Yes, StreamingMovies_Yes",48,108.1,5067.45,Two year,Fiber optic,HIGH,1.0,108.1,85.78,412
0.046708044,0,"charge_per_service, num_services, PaymentMethod_Electronic check",15,105.35,1559.25,Month-to-month,Fiber optic,LOW,17.421786120591584,1835.39,85.73,413
0.8062304,0,"charge_per_service, num_services, PaymentMethod_Electronic check",66,105.0,7133.25,Month-to-month,Fiber optic,HIGH,1.0,105.0,84.65,414
0.7810057,1,"num_services, TechSupport_Yes, OnlineBackup_Yes",31,75.25,2344.5,One year,DSL,HIGH,1.4217861205915838,106.99,83.56,415
0.03610962,0,"charge_per_service, PaymentMethod_Electronic check, MonthlyCharges",1,73.55,73.55,Month-to-month,Fiber optic,LOW,31.421786120591584,2311.07,83.45,416
0.9677021,1,"DeviceProtection_Yes, num_services, TotalCharges",41,86.2,3339.05,One year,Fiber optic,HIGH,1.0,86.2,83.42,417
0.31209156,0,"tenure, StreamingTV_Yes, PaymentMethod_Electronic check",19,19.9,367.55,Month-to-month,No,LOW,13.421786120591584,267.09,83.36,418
0.058389906,0,"PaymentMethod_Electronic check, StreamingMovies_Yes, TotalCharges",11,66.35,740.8,Month-to-month,DSL,LOW,21.421786120591584,1421.34,82.99,419
0.3790183,0,"num_services, PaymentMethod_Electronic check, StreamingMovies_Yes",30,90.4,2820.65,One year,Fiber optic,LOW,2.421786120591584,218.93,82.98,420
0.025998779,0,"tenure, PaymentMethod_Electronic check, OnlineBackup_Yes",2,104.4,242.8,Month-to-month,Fiber optic,LOW,30.421786120591584,3176.03,82.57,421
0.23942868,0,"num_services, charge_per_service, PaymentMethod_Electronic check",29,100.55,2830.45,One year,Fiber optic,LOW,3.421786120591584,344.06,82.38,422
0.70784503,0,"num_services, DeviceProtection_Yes, StreamingTV_Yes",72,115.6,8220.4,Two year,Fiber optic,HIGH,1.0,115.6,81.83,423
0.7769093,1,"num_services, tenure, charge_per_service",64,105.25,6823.4,Two year,Fiber optic,HIGH,1.0,105.25,81.77,424
0.087967634,0,"PaymentMethod_Electronic check, num_services, PaymentMethod_Credit card (automatic)",22,89.1,1949.4,Month-to-month,Fiber optic,LOW,10.421786120591584,928.58,81.68,425
0.030986559,0,"charge_per_service, PaymentMethod_Electronic check, num_services",5,96.1,453.4,Month-to-month,Fiber optic,LOW,27.421786120591584,2635.23,81.66,426
0.990122,1,"charge_per_service, TotalCharges, tenure",38,81.85,3141.7,Month-to-month,Fiber optic,HIGH,1.0,81.85,81.04,427
0.94286895,0,"charge_per_service, StreamingMovies_Yes, MonthlyCharges",71,85.75,6223.8,Two year,DSL,HIGH,1.0,85.75,80.85,428
0.9669495,1,"StreamingMovies_Yes, charge_per_service, DeviceProtection_Yes",63,83.5,5435.0,Two year,DSL,HIGH,1.0,83.5,80.74,429
0.73370886,0,"tenure, StreamingMovies_Yes, PaymentMethod_Electronic check",72,109.7,8129.3,Two year,Fiber optic,HIGH,1.0,109.7,80.49,430
0.9882677,1,"DeviceProtection_Yes, tenure, TotalCharges",67,81.35,5398.6,Two year,DSL,HIGH,1.0,81.35,80.4,431
0.032774135,0,"tenure, Contract_Two year, num_services",8,100.3,832.35,Month-to-month,Fiber optic,LOW,24.421786120591584,2449.51,80.28,432
0.72333676,1,"charge_per_service, num_services, PaymentMethod_Electronic check",56,110.5,6139.5,One year,Fiber optic,HIGH,1.0,110.5,79.93,433
0.76456344,1,"PaymentMethod_Electronic check, StreamingMovies_Yes, charge_per_service",42,103.8,4327.5,Month-to-month,Fiber optic,HIGH,1.0,103.8,79.36,434
0.11144944,0,"PaymentMethod_Electronic check, charge_per_service, OnlineBackup_Yes",25,95.15,2395.7,Month-to-month,Fiber optic,LOW,7.421786120591584,706.18,78.7,435
0.7853122,0,"tenure, StreamingTV_Yes, DeviceProtection_Yes",72,99.9,7251.7,Two year,Fiber optic,HIGH,1.0,99.9,78.45,436
0.031666193,0,"tenure, num_services, charge_per_service",2,80.65,144.15,Month-to-month,Fiber optic,LOW,30.421786120591584,2453.52,77.69,437
0.9567745,1,"tenure, charge_per_service, StreamingTV_Yes",32,80.35,2596.15,Month-to-month,Fiber optic,HIGH,1.0,80.35,76.88,438
0.6662032,0,"PaymentMethod_Electronic check, StreamingMovies_Yes, StreamingTV_Yes",31,81.15,2545.75,One year,DSL,MEDIUM,1.4217861205915838,115.38,76.87,439
0.7208236,1,"DeviceProtection_Yes, tenure, PaymentMethod_Electronic check",61,106.35,6751.35,Month-to-month,Fiber optic,HIGH,1.0,106.35,76.66,440
0.68779343,1,"StreamingTV_Yes, charge_per_service, PaymentMethod_Electronic check",67,111.2,7530.8,Two year,Fiber optic,MEDIUM,1.0,111.2,76.48,441
0.8370913,1,"tenure, DeviceProtection_Yes, PaymentMethod_Electronic check",52,91.25,4738.3,One year,Fiber optic,HIGH,1.0,91.25,76.38,442
0.72473,1,"charge_per_service, StreamingTV_Yes, OnlineBackup_Yes",52,105.05,5624.85,Month-to-month,Fiber optic,HIGH,1.0,105.05,76.13,443
0.86615956,0,"DeviceProtection_Yes, tenure, num_services",45,87.25,3941.7,Month-to-month,Fiber optic,HIGH,1.0,87.25,75.57,444
0.034121517,0,"charge_per_service, PaymentMethod_Electronic check, num_services",1,70.45,70.45,Month-to-month,Fiber optic,LOW,31.421786120591584,2213.66,75.53,445
0.7616252,0,"num_services, DeviceProtection_Yes, StreamingTV_Yes",65,99.05,6416.7,Two year,Fiber optic,HIGH,1.0,99.05,75.44,446
0.7334132,0,"tenure, DeviceProtection_Yes, PaymentMethod_Electronic check",52,102.7,5138.1,Month-to-month,Fiber optic,HIGH,1.0,102.7,75.32,447
0.9091301,1,"tenure, charge_per_service, num_services",72,82.3,5815.15,Two year,DSL,HIGH,1.0,82.3,74.82,448
0.12589207,1,"PaymentMethod_Electronic check, StreamingTV_Yes, StreamingMovies_Yes",2,19.5,27.55,Month-to-month,No,LOW,30.421786120591584,593.22,74.68,449
0.8185612,1,"charge_per_service, num_services, PaymentMethod_Electronic check",37,91.2,3247.55,One year,Fiber optic,HIGH,1.0,91.2,74.65,450
0.67347205,1,"charge_per_service, PaymentMethod_Electronic check, OnlineBackup_Yes",44,109.8,4860.35,One year,Fiber optic,MEDIUM,1.0,109.8,73.95,451
0.6992288,0,"num_services, DeviceProtection_Yes, OnlineBackup_Yes",72,105.5,7544.0,Two year,Fiber optic,MEDIUM,1.0,105.5,73.77,452
0.9282614,1,"num_services, charge_per_service, PaymentMethod_Electronic check",69,79.45,5502.55,Two year,DSL,HIGH,1.0,79.45,73.75,453
0.7741098,0,"charge_per_service, StreamingTV_Yes, PaymentMethod_Electronic check",46,95.25,4424.2,One year,Fiber optic,HIGH,1.0,95.25,73.73,454
0.2034412,0,"num_services, PaymentMethod_Electronic check, StreamingTV_Yes",14,19.65,228.65,One year,No,LOW,18.421786120591584,361.99,73.64,455
0.73296124,0,"PaymentMethod_Electronic check, MonthlyCharges, StreamingTV_Yes",58,100.35,5681.1,One year,Fiber optic,HIGH,1.0,100.35,73.55,456
0.8969534,1,"charge_per_service, num_services, tenure",71,81.85,5924.4,Two year,DSL,HIGH,1.0,81.85,73.42,457
0.8124739,0,"PaymentMethod_Electronic check, charge_per_service, TotalCharges",51,90.35,4614.55,One year,Fiber optic,HIGH,1.0,90.35,73.41,458
0.05898899,0,"tenure, StreamingMovies_Yes, num_services",16,75.4,1189.4,Month-to-month,Fiber optic,LOW,16.421786120591584,1238.2,73.04,459
0.8813838,1,"charge_per_service, num_services, tenure",61,82.15,4904.85,Month-to-month,Fiber optic,HIGH,1.0,82.15,72.41,460
0.97520274,1,"charge_per_service, tenure, num_services",34,73.95,2524.45,Month-to-month,Fiber optic,HIGH,1.0,73.95,72.12,461
0.7644824,0,"tenure, charge_per_service, num_services",53,94.25,4867.95,One year,Fiber optic,HIGH,1.0,94.25,72.05,462
0.9859163,1,"TotalCharges, DeviceProtection_Yes, StreamingMovies_Yes",64,73.05,4688.65,One year,DSL,HIGH,1.0,73.05,72.02,463
0.9665551,0,"charge_per_service, tenure, num_services",65,74.2,4805.65,Two year,DSL,HIGH,1.0,74.2,71.72,464
0.75645417,0,"charge_per_service, num_services, PaymentMethod_Electronic check",43,94.35,3921.3,One year,Fiber optic,HIGH,1.0,94.35,71.37,465
0.69034743,0,"tenure, charge_per_service, num_services",47,103.1,4889.3,One year,Fiber optic,MEDIUM,1.0,103.1,71.17,466
0.054611057,0,"StreamingMovies_Yes, PaymentMethod_Electronic check, InternetService_Fiber optic",15,74.45,1145.7,Month-to-month,Fiber optic,LOW,17.421786120591584,1297.05,70.83,467
0.07742125,0,"charge_per_service, num_services, PaymentMethod_Electronic check",10,40.7,449.3,Month-to-month,DSL,LOW,22.421786120591584,912.57,70.65,468
0.6734345,1,"PaymentMethod_Electronic check, StreamingTV_Yes, charge_per_service",37,104.5,3778.0,One year,Fiber optic,MEDIUM,1.0,104.5,70.37,469
0.87585086,0,"tenure, num_services, PaymentMethod_Electronic check",56,80.3,4513.65,Two year,Fiber optic,HIGH,1.0,80.3,70.33,470
0.6497671,1,"tenure, PaymentMethod_Electronic check, charge_per_service",54,108.0,5760.65,Two year,Fiber optic,MEDIUM,1.0,108.0,70.17,471
0.044064242,0,"PaymentMethod_Electronic check, charge_per_service, PaymentMethod_Credit card (automatic)",1,50.65,50.65,Month-to-month,DSL,LOW,31.421786120591584,1591.51,70.13,472
0.081912905,0,"charge_per_service, tenure, PaymentMethod_Electronic check",23,90.6,1943.2,Month-to-month,Fiber optic,LOW,9.421786120591584,853.61,69.92,473
0.7898794,1,"tenure, PaymentMethod_Electronic check, StreamingTV_Yes",61,88.1,5526.75,Two year,DSL,HIGH,1.0,88.1,69.59,474
0.7680843,0,"PaymentMethod_Electronic check, StreamingMovies_Yes, charge_per_service",52,89.45,4577.75,Two year,Fiber optic,HIGH,1.0,89.45,68.71,475
0.7008821,0,"charge_per_service, num_services, PaymentMethod_Electronic check",57,97.55,5598.0,One year,Fiber optic,HIGH,1.0,97.55,68.37,476
0.6138487,0,"charge_per_service, tenure, num_services",71,111.25,7984.15,Two year,Fiber optic,MEDIUM,1.0,111.25,68.29,477
0.8922635,1,"DeviceProtection_Yes, num_services, StreamingTV_Yes",32,76.3,2404.15,Month-to-month,DSL,HIGH,1.0,76.3,68.08,478
0.78635263,1,"charge_per_service, num_services, PaymentMethod_Electronic check",64,86.55,5632.55,Two year,DSL,HIGH,1.0,86.55,68.06,479
0.6663222,0,"PaymentMethod_Electronic check, OnlineSecurity_Yes, StreamingTV_Yes",64,102.1,6538.45,Two year,Fiber optic,MEDIUM,1.0,102.1,68.03,480
0.57934624,0,"tenure, charge_per_service, num_services",34,116.25,3899.05,One year,Fiber optic,MEDIUM,1.0,116.25,67.35,481
0.688985,0,"tenure, charge_per_service, PaymentMethod_Electronic check",55,96.75,5238.9,Month-to-month,Fiber optic,MEDIUM,1.0,96.75,66.66,482
0.5218925,1,"tenure, charge_per_service, num_services",26,19.8,457.3,One year,No,MEDIUM,6.421786120591584,127.15,66.36,483
0.6264258,0,"tenure, PaymentMethod_Electronic check, OnlineBackup_Yes",65,105.5,6985.65,Month-to-month,Fiber optic,MEDIUM,1.0,105.5,66.09,484
0.9331708,0,"tenure, TotalCharges, charge_per_service",48,70.65,3545.05,Month-to-month,Fiber optic,HIGH,1.0,70.65,65.93,485
0.6350311,0,"PaymentMethod_Electronic check, TotalCharges, StreamingMovies_Yes",40,103.75,4188.4,One year,Fiber optic,MEDIUM,1.0,103.75,65.88,486
0.24373081,0,"PaymentMethod_Electronic check, num_services, StreamingMovies_Yes",28,60.9,1785.65,Month-to-month,DSL,LOW,4.421786120591584,269.29,65.63,487
0.69552267,0,"PaymentMethod_Electronic check, TotalCharges, OnlineSecurity_Yes",43,94.3,3953.15,Month-to-month,Fiber optic,MEDIUM,1.0,94.3,65.59,488
0.107913084,0,"PaymentMethod_Electronic check, charge_per_service, num_services",2,19.95,47.7,One year,No,LOW,30.421786120591584,606.91,65.49,489
0.7640825,0,"tenure, num_services, PaymentMethod_Electronic check",47,85.3,4107.25,Two year,DSL,HIGH,1.0,85.3,65.18,490
0.9427473,1,"tenure, TotalCharges, charge_per_service",63,68.8,4111.35,One year,DSL,HIGH,1.0,68.8,64.86,491
0.6143032,1,"StreamingMovies_Yes, DeviceProtection_Yes, PaymentMethod_Electronic check",72,105.5,7611.55,Two year,Fiber optic,MEDIUM,1.0,105.5,64.81,492
0.80434144,0,"charge_per_service, DeviceProtection_Yes, StreamingTV_Yes",33,79.95,2684.85,One year,Fiber optic,HIGH,1.0,79.95,64.31,493
0.74569136,0,"charge_per_service, PaymentMethod_Electronic check, StreamingMovies_Yes",40,85.05,3355.65,One year,Fiber optic,HIGH,1.0,85.05,63.42,494
0.60164046,1,"charge_per_service, num_services, tenure",45,105.15,4730.9,Month-to-month,Fiber optic,MEDIUM,1.0,105.15,63.26,495
0.5755466,1,"charge_per_service, num_services, StreamingTV_Yes",33,109.9,3694.7,Month-to-month,Fiber optic,MEDIUM,1.0,109.9,63.25,496
0.5562747,1,"StreamingTV_Yes, PaymentMethod_Electronic check, charge_per_service",72,113.1,8248.5,Two year,Fiber optic,MEDIUM,1.0,113.1,62.91,497
0.74341124,0,"tenure, PaymentMethod_Electronic check, StreamingTV_Yes",52,84.05,4326.8,Month-to-month,Fiber optic,HIGH,1.0,84.05,62.48,498
0.9668323,1,"tenure, TotalCharges, charge_per_service",52,64.3,3410.6,One year,DSL,HIGH,1.0,64.3,62.17,499
0.57805663,1,"charge_per_service, tenure, num_services",68,107.15,7379.8,One year,Fiber optic,MEDIUM,1.0,107.15,61.94,500
0.64900404,0,"StreamingTV_Yes, PaymentMethod_Electronic check, StreamingMovies_Yes",56,94.8,5264.3,One year,Fiber optic,MEDIUM,1.0,94.8,61.53,501
0.10015911,0,"Contract_Two year, PaymentMethod_Electronic check, charge_per_service",1,19.45,19.45,Month-to-month,No,LOW,31.421786120591584,611.15,61.21,502
0.25008035,0,"PaymentMethod_Electronic check, StreamingMovies_Yes, DeviceProtection_Yes",20,19.7,419.4,Two year,No,LOW,12.421786120591584,244.71,61.2,503
0.76721907,1,"tenure, num_services, PaymentMethod_Electronic check",46,79.2,3593.8,Two year,DSL,HIGH,1.0,79.2,60.76,504
0.59998256,0,"num_services, OnlineBackup_Yes, DeviceProtection_Yes",62,101.15,6638.35,Two year,Fiber optic,MEDIUM,1.0,101.15,60.69,505
0.8955011,1,"StreamingMovies_Yes, charge_per_service, PaymentMethod_Electronic check",29,19.8,572.2,One year,No,HIGH,3.421786120591584,67.75,60.67,506
0.07510557,1,"PaymentMethod_Electronic check, OnlineBackup_Yes, StreamingTV_Yes",20,64.4,1398.6,Month-to-month,DSL,LOW,12.421786120591584,799.96,60.08,507
0.7447343,1,"StreamingTV_Yes, PaymentMethod_Electronic check, StreamingMovies_Yes",60,80.6,4946.7,Two year,DSL,HIGH,1.0,80.6,60.03,508
0.65216994,0,"StreamingMovies_Yes, num_services, OnlineBackup_Yes",72,92.0,6474.4,Two year,DSL,MEDIUM,1.0,92.0,60.0,509
0.7391515,0,"num_services, charge_per_service, PaymentMethod_Electronic check",32,81.1,2619.25,Month-to-month,Fiber optic,HIGH,1.0,81.1,59.95,510
0.057270836,0,"PaymentMethod_Electronic check, charge_per_service, num_services",12,51.25,612.1,Month-to-month,DSL,LOW,20.421786120591584,1046.62,59.94,511
0.22668673,0,"PaymentMethod_Electronic check, MonthlyCharges, charge_per_service",22,25.25,555.4,Two year,No,LOW,10.421786120591584,263.15,59.65,512
0.65701175,0,"PaymentMethod_Electronic check, TotalCharges, tenure",43,90.25,3838.75,Month-to-month,Fiber optic,MEDIUM,1.0,90.25,59.3,513
0.026782682,0,"Contract_Two year, charge_per_service, PaymentMethod_Electronic check",5,80.6,415.55,Month-to-month,Fiber optic,LOW,27.421786120591584,2210.2,59.2,514
0.6547523,0,"PaymentMethod_Electronic check, num_services, OnlineBackup_Yes",71,90.4,6668.05,Two year,DSL,MEDIUM,1.0,90.4,59.19,515
0.691956,1,"charge_per_service, num_services, PaymentMethod_Electronic check",55,85.45,4874.7,Month-to-month,Fiber optic,MEDIUM,1.0,85.45,59.13,516
0.726358,1,"tenure, num_services, PaymentMethod_Electronic check",61,81.05,4747.65,Two year,DSL,HIGH,1.0,81.05,58.87,517
0.7231691,1,"charge_per_service, num_services, PaymentMethod_Electronic check",63,81.2,4965.1,One year,Fiber optic,HIGH,1.0,81.2,58.72,518
0.04639273,0,"PaymentMethod_Electronic check, StreamingTV_Yes, TotalCharges",1,40.2,40.2,Month-to-month,DSL,LOW,31.421786120591584,1263.16,58.6,519
0.09581799,1,"PaymentMethod_Electronic check, StreamingMovies_Yes, PaymentMethod_Credit card (automatic)",23,64.9,1509.8,One year,DSL,LOW,9.421786120591584,611.47,58.59,520
0.9676388,1,"tenure, charge_per_service, StreamingTV_Yes",69,60.05,4176.7,Two year,DSL,HIGH,1.0,60.05,58.11,521
0.9177359,1,"num_services, StreamingMovies_Yes, tenure",66,63.3,4189.7,Two year,DSL,HIGH,1.0,63.3,58.09,522
0.7184068,0,"charge_per_service, StreamingMovies_Yes, tenure",33,80.6,2651.1,Two year,Fiber optic,HIGH,1.0,80.6,57.9,523
0.026341517,0,"Contract_Two year, num_services, StreamingMovies_Yes",3,74.4,229.55,Month-to-month,Fiber optic,LOW,29.421786120591584,2188.98,57.66,524
0.52230585,0,"PaymentMethod_Electronic check, StreamingMovies_Yes, StreamingTV_Yes",65,110.35,7246.15,Two year,Fiber optic,MEDIUM,1.0,110.35,57.64,525
0.77008116,1,"charge_per_service, tenure, num_services",33,74.75,2453.3,One year,DSL,HIGH,1.0,74.75,57.56,526
0.03569459,0,"StreamingTV_Yes, PaymentMethod_Electronic check, charge_per_service",11,75.2,775.3,Month-to-month,Fiber optic,LOW,21.421786120591584,1610.92,57.5,527
0.6802914,0,"tenure, num_services, charge_per_service",45,84.35,3858.05,Two year,DSL,MEDIUM,1.0,84.35,57.38,528
0.66642004,0,"StreamingTV_Yes, PaymentMethod_Electronic check, num_services",72,86.05,6309.65,Two year,DSL,MEDIUM,1.0,86.05,57.35,529
0.046508804,0,"charge_per_service, num_services, StreamingMovies_Yes",16,74.75,1129.35,Month-to-month,Fiber optic,LOW,16.421786120591584,1227.53,57.09,530
0.6111305,0,"charge_per_service, num_services, PaymentMethod_Electronic check",64,93.4,5822.3,Two year,Fiber optic,MEDIUM,1.0,93.4,57.08,531
0.045054413,0,"charge_per_service, PaymentMethod_Electronic check, num_services",11,58.95,601.6,Month-to-month,DSL,LOW,21.421786120591584,1262.81,56.9,532
0.54672724,1,"charge_per_service, num_services, tenure",62,103.75,6383.35,One year,Fiber optic,MEDIUM,1.0,103.75,56.72,533
0.58870447,0,"StreamingMovies_Yes, charge_per_service, OnlineBackup_Yes",42,95.05,3944.5,Month-to-month,Fiber optic,MEDIUM,1.0,95.05,55.96,534
0.62548435,0,"tenure, charge_per_service, num_services",33,88.95,3027.65,Two year,Fiber optic,MEDIUM,1.0,88.95,55.64,535
0.5598134,0,"PaymentMethod_Electronic check, num_services, MonthlyCharges",47,99.35,4749.15,Month-to-month,Fiber optic,MEDIUM,1.0,99.35,55.62,536
0.030274697,1,"charge_per_service, PaymentMethod_Electronic check, PaymentMethod_Mailed check",8,75.0,632.95,Month-to-month,Fiber optic,LOW,24.421786120591584,1831.63,55.45,537
0.3749812,0,"PaymentMethod_Electronic check, charge_per_service, num_services",25,19.9,510.8,One year,No,LOW,7.421786120591584,147.69,55.38,538
0.6773627,0,"PaymentMethod_Electronic check, num_services, MonthlyCharges",45,81.4,3775.85,Month-to-month,Fiber optic,MEDIUM,1.0,81.4,55.14,539
0.049678814,0,"PaymentMethod_Electronic check, charge_per_service, MonthlyCharges",12,53.65,696.35,One year,DSL,LOW,20.421786120591584,1095.63,54.43,540
0.546446,0,"StreamingMovies_Yes, PaymentMethod_Electronic check, PaymentMethod_Mailed check",71,99.4,7168.25,Two year,Fiber optic,MEDIUM,1.0,99.4,54.32,541
0.024164097,1,"num_services, MonthlyCharges, DeviceProtection_Yes",9,95.9,827.45,Month-to-month,Fiber optic,LOW,23.421786120591584,2246.15,54.28,542
0.54634815,0,"DeviceProtection_Yes, num_services, StreamingMovies_Yes",61,98.3,6066.55,One year,Fiber optic,MEDIUM,1.0,98.3,53.71,543
0.024175884,0,"charge_per_service, PaymentMethod_Electronic check, num_services",6,83.9,497.55,Month-to-month,Fiber optic,LOW,26.421786120591584,2216.79,53.59,544
0.116651975,1,"StreamingMovies_Yes, charge_per_service, PaymentMethod_Electronic check",24,53.6,1315.35,Month-to-month,DSL,LOW,8.421786120591584,451.41,52.66,545
0.20411597,0,"PaymentMethod_Electronic check, num_services, charge_per_service",29,75.3,2263.4,Month-to-month,Fiber optic,LOW,3.421786120591584,257.66,52.59,546
0.74174225,1,"tenure, PaymentMethod_Electronic check, num_services",68,70.9,4911.35,Two year,DSL,HIGH,1.0,70.9,52.59,546
0.49300116,1,"tenure, charge_per_service, num_services",34,106.35,3549.25,Month-to-month,Fiber optic,MEDIUM,1.0,106.35,52.43,548
0.59882885,0,"PaymentMethod_Electronic check, StreamingMovies_Yes, StreamingTV_Yes",51,87.35,4473.0,Month-to-month,Fiber optic,MEDIUM,1.0,87.35,52.31,549
0.043130394,0,"StreamingMovies_Yes, PaymentMethod_Electronic check, charge_per_service",15,69.5,1071.4,Month-to-month,DSL,LOW,17.421786120591584,1210.81,52.22,550
0.5781881,1,"tenure, charge_per_service, TotalCharges",57,89.85,4925.35,Month-to-month,Fiber optic,MEDIUM,1.0,89.85,51.95,551
0.539772,1,"PaymentMethod_Electronic check, StreamingMovies_Yes, StreamingTV_Yes",69,95.2,6671.7,Two year,Fiber optic,MEDIUM,1.0,95.2,51.39,552
0.050422005,0,"PaymentMethod_Electronic check, PaymentMethod_Credit card (automatic), num_services",20,81.45,1671.6,Month-to-month,Fiber optic,LOW,12.421786120591584,1011.75,51.01,553
0.61696744,1,"MonthlyCharges, StreamingMovies_Yes, PaymentMethod_Electronic check",63,81.55,5029.05,Month-to-month,Fiber optic,MEDIUM,1.0,81.55,50.31,554
0.08009715,0,"PaymentMethod_Electronic check, PaymentMethod_Credit card (automatic), OnlineBackup_Yes",25,84.6,2088.05,Month-to-month,Fiber optic,LOW,7.421786120591584,627.88,50.29,555
0.023333931,0,"PaymentMethod_Electronic check, num_services, PaymentMethod_Credit card (automatic)",2,70.4,147.15,Month-to-month,Fiber optic,LOW,30.421786120591584,2141.69,49.97,556
0.5534129,1,"num_services, DeviceProtection_Yes, StreamingTV_Yes",72,89.7,6588.95,One year,Fiber optic,MEDIUM,1.0,89.7,49.64,557
0.033310305,0,"num_services, tenure, MonthlyCharges",3,50.15,168.15,Month-to-month,DSL,LOW,29.421786120591584,1475.5,49.15,558
0.75372845,0,"StreamingMovies_Yes, DeviceProtection_Yes, StreamingTV_Yes",72,64.8,4719.75,Two year,DSL,HIGH,1.0,64.8,48.84,559
0.83705986,1,"charge_per_service, StreamingTV_Yes, StreamingMovies_Yes",71,58.25,4145.9,Two year,DSL,HIGH,1.0,58.25,48.76,560
0.51260203,0,"PaymentMethod_Electronic check, StreamingMovies_Yes, num_services",38,95.0,3605.6,One year,Fiber optic,MEDIUM,1.0,95.0,48.7,561
0.7031201,1,"charge_per_service, tenure, num_services",64,69.25,4447.75,Two year,DSL,HIGH,1.0,69.25,48.69,562
0.4802862,0,"PaymentMethod_Electronic check, num_services, PhoneService",35,100.8,3437.5,Month-to-month,Fiber optic,MEDIUM,1.0,100.8,48.41,563
0.6121791,0,"num_services, PaymentMethod_Electronic check, charge_per_service",34,78.95,2647.2,One year,Fiber optic,MEDIUM,1.0,78.95,48.33,564
0.023910431,1,"num_services, TotalCharges, StreamingMovies_Yes",12,98.9,1120.95,Month-to-month,Fiber optic,LOW,20.421786120591584,2019.71,48.29,565
0.9469554,1,"charge_per_service, StreamingMovies_Yes, PaymentMethod_Electronic check",60,50.8,3027.4,Month-to-month,DSL,HIGH,1.0,50.8,48.11,566
0.5594347,1,"charge_per_service, PaymentMethod_Electronic check, StreamingMovies_Yes",72,85.9,6110.75,Two year,DSL,MEDIUM,1.0,85.9,48.06,567
0.80188334,0,"num_services, DeviceProtection_Yes, StreamingTV_Yes",57,59.75,3450.15,Two year,DSL,HIGH,1.0,59.75,47.91,568
0.17892456,0,"StreamingTV_Yes, PaymentMethod_Electronic check, DeviceProtection_Yes",30,110.45,3327.05,One year,Fiber optic,LOW,2.421786120591584,267.49,47.86,569
0.54226285,0,"num_services, charge_per_service, PaymentMethod_Electronic check",49,88.2,4159.45,Month-to-month,Fiber optic,MEDIUM,1.0,88.2,47.83,570
0.7357512,1,"DeviceProtection_Yes, num_services, MonthlyCharges",70,64.95,4523.25,Two year,DSL,HIGH,1.0,64.95,47.79,571
0.8604363,0,"OnlineBackup_Yes, PaymentMethod_Electronic check, StreamingMovies_Yes",72,55.45,4179.2,Two year,DSL,HIGH,1.0,55.45,47.71,572
0.07175518,1,"charge_per_service, PaymentMethod_Electronic check, num_services",1,21.1,21.1,Month-to-month,No,LOW,31.421786120591584,663.0,47.57,573
0.059743475,0,"num_services, PaymentMethod_Electronic check, StreamingMovies_Yes",18,55.2,1058.1,Month-to-month,DSL,LOW,14.421786120591584,796.08,47.56,574
0.36875388,0,"StreamingTV_Yes, PaymentMethod_Electronic check, StreamingMovies_Yes",26,20.05,505.9,One year,No,LOW,6.421786120591584,128.76,47.48,575
0.08495865,0,"StreamingTV_Yes, tenure, DeviceProtection_Yes",5,20.35,92.75,Month-to-month,No,LOW,27.421786120591584,558.03,47.41,576
0.11257606,0,"charge_per_service, PaymentMethod_Electronic check, num_services",11,19.65,225.75,Two year,No,LOW,21.421786120591584,420.94,47.39,577
0.52653956,1,"PaymentMethod_Electronic check, charge_per_service, OnlineBackup_Yes",71,89.85,6293.45,Two year,DSL,MEDIUM,1.0,89.85,47.31,578
0.060305167,0,"StreamingMovies_Yes, tenure, PaymentMethod_Electronic check",24,93.15,2231.05,Month-to-month,Fiber optic,LOW,8.421786120591584,784.49,47.31,578
0.47609127,0,"charge_per_service, num_services, OnlineBackup_Yes",72,99.15,7422.1,Two year,Fiber optic,MEDIUM,1.0,99.15,47.2,580
0.8412313,0,"num_services, TotalCharges, StreamingTV_Yes",46,55.65,2688.85,One year,DSL,HIGH,1.0,55.65,46.81,581
0.40191633,0,"PaymentMethod_Electronic check, charge_per_service, PaymentMethod_Credit card (automatic)",71,116.1,8310.55,Two year,Fiber optic,MEDIUM,1.0,116.1,46.66,582
0.85432273,0,"PaymentMethod_Electronic check, StreamingTV_Yes, StreamingMovies_Yes",33,54.6,1803.7,Month-to-month,DSL,HIGH,1.0,54.6,46.65,583
0.028790506,0,"num_services, tenure, MonthlyCharges",4,56.75,245.15,Month-to-month,DSL,LOW,28.421786120591584,1612.94,46.44,584
0.83019525,0,"charge_per_service, num_services, PaymentMethod_Electronic check",68,55.9,3848.8,One year,DSL,HIGH,1.0,55.9,46.41,585
0.020877479,0,"charge_per_service, PaymentMethod_Electronic check, num_services",1,70.6,70.6,Month-to-month,Fiber optic,LOW,31.421786120591584,2218.38,46.31,586
0.25994498,1,"TotalCharges, StreamingTV_Yes, PaymentMethod_Electronic check",24,21.1,490.65,Two year,No,LOW,8.421786120591584,177.7,46.19,587
0.48912197,0,"num_services, DeviceProtection_Yes, StreamingTV_Yes",50,94.4,4914.9,Month-to-month,Fiber optic,MEDIUM,1.0,94.4,46.17,588
0.06691564,0,"charge_per_service, MonthlyCharges, PaymentMethod_Electronic check",4,24.25,96.05,Month-to-month,DSL,LOW,28.421786120591584,689.23,46.12,589
0.021689944,0,"charge_per_service, MonthlyCharges, num_services",2,69.65,145.15,Month-to-month,Fiber optic,LOW,30.421786120591584,2118.88,45.96,590
0.3261028,0,"PaymentMethod_Electronic check, OnlineBackup_Yes, num_services",31,98.05,3082.1,One year,Fiber optic,LOW,1.4217861205915838,139.41,45.46,591
0.46745095,0,"num_services, PaymentMethod_Electronic check, OnlineBackup_Yes",32,94.8,3131.55,One year,Fiber optic,MEDIUM,1.0,94.8,44.31,592
0.4394838,0,"num_services, PaymentMethod_Electronic check, charge_per_service",57,100.75,5985.0,One year,Fiber optic,MEDIUM,1.0,100.75,44.28,593
0.6408475,1,"num_services, PaymentMethod_Electronic check, charge_per_service",41,68.5,2839.95,One year,DSL,MEDIUM,1.0,68.5,43.9,594
0.69470704,0,"PaymentMethod_Electronic check, num_services, PaymentMethod_Credit card (automatic)",35,62.15,2215.45,One year,DSL,MEDIUM,1.0,62.15,43.18,595
0.4532833,0,"PaymentMethod_Electronic check, tenure, charge_per_service",35,94.55,3365.4,Month-to-month,Fiber optic,MEDIUM,1.0,94.55,42.86,596
0.41412586,0,"PaymentMethod_Electronic check, StreamingTV_Yes, tenure",48,102.5,4904.25,Two year,Fiber optic,MEDIUM,1.0,102.5,42.45,597
0.4738608,0,"num_services, tenure, PaymentMethod_Electronic check",39,89.55,3474.45,One year,Fiber optic,MEDIUM,1.0,89.55,42.43,598
0.031582426,0,"PaymentMethod_Electronic check, StreamingMovies_Yes, StreamingTV_Yes",17,86.75,1410.25,One year,Fiber optic,LOW,15.421786120591584,1337.84,42.25,599
0.38126072,0,"PaymentMethod_Electronic check, MonthlyCharges, num_services",43,110.75,4687.9,Month-to-month,Fiber optic,LOW,1.0,110.75,42.22,600
0.072261654,0,"tenure, StreamingMovies_Yes, TotalCharges",3,19.85,57.2,Month-to-month,No,LOW,29.421786120591584,584.02,42.2,601
0.49154657,0,"tenure, num_services, PaymentMethod_Electronic check",35,85.3,2917.5,Month-to-month,Fiber optic,MEDIUM,1.0,85.3,41.93,602
0.52998143,1,"PaymentMethod_Electronic check, tenure, num_services",72,79.05,5730.7,Two year,Fiber optic,MEDIUM,1.0,79.05,41.9,603
0.05471112,0,"num_services, MonthlyCharges, DeviceProtection_Yes",24,90.55,2282.55,Month-to-month,Fiber optic,LOW,8.421786120591584,762.59,41.72,604
0.26750097,0,"PaymentMethod_Electronic check, charge_per_service, tenure",25,20.95,495.15,One year,No,LOW,7.421786120591584,155.49,41.59,605
0.82183695,1,"tenure, num_services, PaymentMethod_Electronic check",40,50.15,2058.5,Month-to-month,DSL,HIGH,1.0,50.15,41.22,606
0.57891524,0,"charge_per_service, PaymentMethod_Electronic check, PhoneService",48,70.95,3629.2,One year,DSL,MEDIUM,1.0,70.95,41.07,607
0.35509306,0,"charge_per_service, num_services, PaymentMethod_Electronic check",62,115.55,7159.05,Two year,Fiber optic,LOW,1.0,115.55,41.03,608
0.37075856,0,"num_services, tenure, StreamingTV_Yes",72,110.6,7962.2,Two year,Fiber optic,LOW,1.0,110.6,41.01,609
0.5283719,0,"MonthlyCharges, PaymentMethod_Electronic check, num_services",71,77.35,5550.1,Two year,DSL,MEDIUM,1.0,77.35,40.87,610
0.4826981,1,"num_services, MonthlyCharges, OnlineBackup_Yes",65,84.2,5324.5,Two year,DSL,MEDIUM,1.0,84.2,40.64,611
0.09209793,0,"charge_per_service, OnlineBackup_Yes, OnlineSecurity_Yes",11,20.45,237.3,Month-to-month,No,LOW,21.421786120591584,438.08,40.35,612
0.4694603,0,"PaymentMethod_Electronic check, StreamingMovies_Yes, num_services",32,85.65,2664.3,Month-to-month,Fiber optic,MEDIUM,1.0,85.65,40.21,613
0.4972875,0,"num_services, Contract_Two year, PaymentMethod_Electronic check",37,78.95,2839.65,Month-to-month,Fiber optic,MEDIUM,1.0,78.95,39.26,614
0.43548363,1,"StreamingTV_Yes, PaymentMethod_Electronic check, TotalCharges",66,90.05,5965.95,Two year,DSL,MEDIUM,1.0,90.05,39.22,615
0.29226986,1,"num_services, charge_per_service, PaymentMethod_Electronic check",30,55.3,1530.6,Month-to-month,DSL,LOW,2.421786120591584,133.92,39.14,616
0.6848099,0,"charge_per_service, PaymentMethod_Electronic check, StreamingMovies_Yes",34,56.95,1889.5,One year,DSL,MEDIUM,1.0,56.95,39.0,617
0.016395971,0,"OnlineBackup_Yes, charge_per_service, PaymentMethod_Electronic check",1,75.1,75.1,Month-to-month,Fiber optic,LOW,31.421786120591584,2359.78,38.69,618
0.04339773,0,"charge_per_service, num_services, DeviceProtection_Yes",13,45.55,597.0,Month-to-month,DSL,LOW,19.421786120591584,884.66,38.39,619
0.02776071,0,"tenure, num_services, Contract_Two year",1,44.0,44.0,Month-to-month,DSL,LOW,31.421786120591584,1382.56,38.38,620
0.40538424,1,"StreamingMovies_Yes, StreamingTV_Yes, PaymentMethod_Electronic check",65,94.4,6126.15,Month-to-month,Fiber optic,MEDIUM,1.0,94.4,38.27,621
0.46387234,1,"StreamingTV_Yes, num_services, DeviceProtection_Yes",50,82.5,4179.1,One year,DSL,MEDIUM,1.0,82.5,38.27,621
0.38328305,0,"PaymentMethod_Electronic check, PaymentMethod_Credit card (automatic), tenure",63,99.65,6311.2,One year,Fiber optic,LOW,1.0,99.65,38.19,623
0.38925034,1,"num_services, charge_per_service, PaymentMethod_Electronic check",63,97.45,6253.0,Two year,Fiber optic,LOW,1.0,97.45,37.93,624
0.02580319,1,"charge_per_service, StreamingTV_Yes, PaymentMethod_Electronic check",16,89.45,1430.25,Month-to-month,Fiber optic,LOW,16.421786120591584,1468.93,37.9,625
0.117974885,0,"num_services, MonthlyCharges, Contract_Two year",17,20.75,418.25,One year,No,LOW,15.421786120591584,320.0,37.75,626
0.10782113,0,"charge_per_service, PaymentMethod_Electronic check, num_services",15,19.9,320.45,Month-to-month,No,LOW,17.421786120591584,346.69,37.38,627
0.0138048455,0,"Contract_Two year, charge_per_service, num_services",1,85.0,85.0,Month-to-month,Fiber optic,LOW,31.421786120591584,2670.85,36.87,628
0.61158115,1,"num_services, tenure, DeviceProtection_Yes",60,60.2,3582.4,Month-to-month,DSL,MEDIUM,1.0,60.2,36.82,629
0.30075118,1,"StreamingTV_Yes, PaymentMethod_Electronic check, TotalCharges",29,35.6,1072.6,One year,DSL,LOW,3.421786120591584,121.82,36.64,630
0.33165225,0,"PaymentMethod_Electronic check, num_services, charge_per_service",47,109.55,5124.55,Month-to-month,Fiber optic,LOW,1.0,109.55,36.33,631
0.37644565,1,"charge_per_service, PaymentMethod_Electronic check, InternetService_Fiber optic",37,96.1,3646.8,Month-to-month,Fiber optic,LOW,1.0,96.1,36.18,632
0.35870132,1,"PaymentMethod_Electronic check, PaymentMethod_Credit card (automatic), StreamingMovies_Yes",32,100.4,3217.65,Month-to-month,Fiber optic,LOW,1.0,100.4,36.01,633
0.021920782,0,"charge_per_service, Contract_Two year, num_services",15,93.35,1444.65,Month-to-month,Fiber optic,LOW,17.421786120591584,1626.32,35.65,634
0.022135666,0,"tenure, StreamingTV_Yes, charge_per_service",4,56.4,234.85,Month-to-month,DSL,LOW,28.421786120591584,1602.99,35.48,635
0.409608,0,"StreamingMovies_Yes, PaymentMethod_Electronic check, TotalCharges",32,86.1,2723.75,Month-to-month,Fiber optic,MEDIUM,1.0,86.1,35.27,636
0.015061978,1,"num_services, MonthlyCharges, DeviceProtection_Yes",1,74.35,74.35,Month-to-month,Fiber optic,LOW,31.421786120591584,2336.21,35.19,637
0.014100482,0,"tenure, Contract_Two year, num_services",1,79.2,79.2,Month-to-month,Fiber optic,LOW,31.421786120591584,2488.61,35.09,638
0.024239885,1,"charge_per_service, PaymentMethod_Electronic check, num_services",1,45.7,45.7,Month-to-month,DSL,LOW,31.421786120591584,1435.98,34.81,639
0.41154873,0,"PaymentMethod_Electronic check, tenure, StreamingTV_Yes",62,84.5,5193.2,Two year,DSL,MEDIUM,1.0,84.5,34.78,640
0.32790515,0,"PaymentMethod_Electronic check, StreamingTV_Yes, MonthlyCharges",60,105.9,6396.45,Month-to-month,Fiber optic,LOW,1.0,105.9,34.73,641
0.33355612,1,"StreamingMovies_Yes, StreamingTV_Yes, PaymentMethod_Electronic check",54,104.1,5645.8,Month-to-month,Fiber optic,LOW,1.0,104.1,34.72,642
0.3428378,0,"num_services, PaymentMethod_Electronic check, StreamingTV_Yes",61,101.05,5971.25,Two year,Fiber optic,LOW,1.0,101.05,34.64,643
0.5158491,1,"charge_per_service, StreamingTV_Yes, StreamingMovies_Yes",72,66.5,4811.6,Two year,DSL,MEDIUM,1.0,66.5,34.3,644
0.03911429,0,"PaymentMethod_Electronic check, num_services, Contract_Two year",20,70.55,1493.55,Month-to-month,Fiber optic,LOW,12.421786120591584,876.36,34.28,645
0.326804,0,"num_services, MonthlyCharges, DeviceProtection_Yes",63,104.8,6597.25,Two year,Fiber optic,LOW,1.0,104.8,34.25,646
0.342271,1,"tenure, num_services, StreamingMovies_Yes",56,99.75,5608.4,One year,Fiber optic,LOW,1.0,99.75,34.14,647
0.35955304,0,"PaymentMethod_Electronic check, StreamingMovies_Yes, charge_per_service",33,94.5,3105.55,Month-to-month,Fiber optic,LOW,1.0,94.5,33.98,648
0.44927096,1,"num_services, PaymentMethod_Electronic check, StreamingMovies_Yes",61,75.35,4729.3,Two year,DSL,MEDIUM,1.0,75.35,33.85,649
0.03538704,0,"num_services, charge_per_service, StreamingMovies_Yes",18,64.8,1166.7,Month-to-month,DSL,LOW,14.421786120591584,934.53,33.07,650
0.021679673,0,"tenure, StreamingTV_Yes, num_services",13,78.3,1033.95,Month-to-month,Fiber optic,LOW,19.421786120591584,1520.73,32.97,651
0.012550704,0,"Contract_Two year, charge_per_service, TotalCharges",2,86.2,178.7,Month-to-month,Fiber optic,LOW,30.421786120591584,2622.36,32.91,652
0.31442636,1,"num_services, charge_per_service, PaymentMethod_Electronic check",70,104.0,7250.15,Two year,Fiber optic,LOW,1.0,104.0,32.7,653
0.31031415,1,"StreamingTV_Yes, PaymentMethod_Electronic check, StreamingMovies_Yes",27,19.4,529.8,Month-to-month,No,LOW,5.421786120591584,105.18,32.64,654
0.42451885,0,"num_services, DeviceProtection_Yes, StreamingMovies_Yes",72,76.8,5468.45,Two year,DSL,MEDIUM,1.0,76.8,32.6,655
0.45588174,0,"charge_per_service, OnlineBackup_Yes, tenure",62,71.4,4487.3,One year,DSL,MEDIUM,1.0,71.4,32.55,656
0.76731974,0,"charge_per_service, PaymentMethod_Electronic check, num_services",72,42.1,2962.0,Two year,DSL,HIGH,1.0,42.1,32.3,657
0.031240448,0,"charge_per_service, PaymentMethod_Electronic check, OnlineBackup_Yes",3,34.8,113.95,Month-to-month,DSL,LOW,29.421786120591584,1023.88,31.99,658
0.37580618,0,"tenure, PaymentMethod_Electronic check, StreamingTV_Yes",65,84.85,5459.2,Two year,DSL,LOW,1.0,84.85,31.89,659
0.35738337,0,"StreamingTV_Yes, num_services, PaymentMethod_Electronic check",55,88.8,4805.3,Two year,Fiber optic,LOW,1.0,88.8,31.74,660
0.87574124,0,"tenure, charge_per_service, num_services",49,35.8,1782.0,One year,DSL,HIGH,1.0,35.8,31.35,661
0.289072,0,"charge_per_service, StreamingTV_Yes, PaymentMethod_Electronic check",66,108.45,7076.35,One year,Fiber optic,LOW,1.0,108.45,31.35,661
0.33029965,1,"num_services, Contract_Two year, DeviceProtection_Yes",36,94.8,3565.65,Month-to-month,Fiber optic,LOW,1.0,94.8,31.31,663
0.2994506,1,"PaymentMethod_Electronic check, StreamingTV_Yes, TotalCharges",72,104.15,7303.05,One year,Fiber optic,LOW,1.0,104.15,31.19,664
0.07296476,0,"PaymentMethod_Electronic check, StreamingTV_Yes, tenure",24,50.6,1288.75,One year,DSL,LOW,8.421786120591584,426.14,31.09,665
0.29542157,0,"num_services, DeviceProtection_Yes, OnlineBackup_Yes",65,105.25,6786.4,Month-to-month,Fiber optic,LOW,1.0,105.25,31.09,665
0.013943392,0,"Contract_Two year, TotalCharges, PaymentMethod_Electronic check",9,94.4,857.25,Month-to-month,Fiber optic,LOW,23.421786120591584,2211.02,30.83,667
0.6411505,0,"DeviceProtection_Yes, num_services, StreamingMovies_Yes",51,47.85,2356.75,One year,DSL,MEDIUM,1.0,47.85,30.68,668
0.46498436,1,"StreamingMovies_Yes, num_services, tenure",60,65.85,3928.3,One year,DSL,MEDIUM,1.0,65.85,30.62,669
0.30025914,0,"PaymentMethod_Electronic check, StreamingTV_Yes, StreamingMovies_Yes",40,101.3,4113.1,Month-to-month,Fiber optic,LOW,1.0,101.3,30.42,670
0.53511596,0,"PaymentMethod_Electronic check, num_services, OnlineSecurity_Yes",66,56.6,3789.2,Two year,DSL,MEDIUM,1.0,56.6,30.29,671
0.7549306,0,"StreamingTV_Yes, DeviceProtection_Yes, tenure",60,39.6,2424.5,Two year,DSL,HIGH,1.0,39.6,29.9,672
0.01804205,0,"num_services, Contract_Two year, InternetService_Fiber optic",2,54.4,114.1,Month-to-month,DSL,LOW,30.421786120591584,1654.95,29.86,673
0.39022973,0,"DeviceProtection_Yes, tenure, num_services",64,76.1,4818.8,Two year,DSL,LOW,1.0,76.1,29.7,674
0.33723453,0,"charge_per_service, num_services, tenure",57,87.55,4884.85,Month-to-month,Fiber optic,LOW,1.0,87.55,29.52,675
0.019698335,0,"tenure, PaymentMethod_Electronic check, StreamingTV_Yes",2,49.25,97.0,Month-to-month,DSL,LOW,30.421786120591584,1498.27,29.51,676
0.31975263,0,"num_services, PaymentMethod_Electronic check, StreamingMovies_Yes",62,92.05,5755.8,One year,Fiber optic,LOW,1.0,92.05,29.43,677
0.6634783,1,"charge_per_service, num_services, OnlineBackup_Yes",70,44.05,3011.65,One year,DSL,MEDIUM,1.0,44.05,29.23,678
0.04168831,0,"charge_per_service, PaymentMethod_Electronic check, num_services",3,23.6,89.05,Month-to-month,No,LOW,29.421786120591584,694.35,28.95,679
0.29624793,0,"num_services, PaymentMethod_Electronic check, MonthlyCharges",40,97.1,3706.95,Month-to-month,Fiber optic,LOW,1.0,97.1,28.77,680
0.5599727,0,"charge_per_service, PaymentMethod_Electronic check, StreamingTV_Yes",43,51.25,2151.6,One year,DSL,MEDIUM,1.0,51.25,28.7,681
0.06639997,0,"TotalCharges, StreamingTV_Yes, tenure",15,24.8,324.15,Month-to-month,No,LOW,17.421786120591584,432.06,28.69,682
0.2851051,1,"PaymentMethod_Electronic check, StreamingTV_Yes, OnlineSecurity_Yes",63,100.55,6215.35,Month-to-month,Fiber optic,LOW,1.0,100.55,28.67,683
0.31862932,1,"tenure, PaymentMethod_Electronic check, StreamingTV_Yes",37,88.8,3340.55,Month-to-month,Fiber optic,LOW,1.0,88.8,28.29,684
0.93348944,0,"tenure, charge_per_service, num_services",32,30.15,927.65,One year,DSL,HIGH,1.0,30.15,28.14,685
0.03773054,1,"StreamingMovies_Yes, MonthlyCharges, DeviceProtection_Yes",20,60.0,1259.35,Month-to-month,DSL,LOW,12.421786120591584,745.31,28.12,686
0.010413948,0,"Contract_Two year, charge_per_service, PaymentMethod_Electronic check",4,94.3,424.45,Month-to-month,Fiber optic,LOW,28.421786120591584,2680.17,27.91,687
0.26287055,0,"PaymentMethod_Electronic check, num_services, StreamingTV_Yes",66,104.6,6819.45,One year,Fiber optic,LOW,1.0,104.6,27.5,688
0.31183258,0,"OnlineSecurity_Yes, PaymentMethod_Electronic check, StreamingTV_Yes",32,87.65,2766.4,Month-to-month,Fiber optic,LOW,1.0,87.65,27.33,689
0.029752104,0,"Contract_Two year, num_services, StreamingTV_Yes",20,73.65,1463.5,Month-to-month,Fiber optic,LOW,12.421786120591584,914.86,27.22,690
0.030369123,0,"charge_per_service, Contract_Two year, PaymentMethod_Electronic check",3,30.4,82.15,Month-to-month,DSL,LOW,29.421786120591584,894.42,27.16,691
0.0175048,0,"charge_per_service, PaymentMethod_Electronic check, Contract_Two year",17,100.45,1622.45,Month-to-month,Fiber optic,LOW,15.421786120591584,1549.12,27.12,692
0.04332981,1,"num_services, PaymentMethod_Electronic check, charge_per_service",1,19.9,19.9,Month-to-month,No,LOW,31.421786120591584,625.29,27.09,693
0.35567912,1,"PaymentMethod_Electronic check, StreamingTV_Yes, StreamingMovies_Yes",70,76.1,5264.25,Two year,DSL,LOW,1.0,76.1,27.07,694
0.012924457,0,"charge_per_service, num_services, tenure",6,79.05,434.5,Month-to-month,Fiber optic,LOW,26.421786120591584,2088.64,26.99,695
0.59162194,0,"PaymentMethod_Electronic check, DeviceProtection_Yes, StreamingMovies_Yes",66,45.55,3027.25,One year,DSL,MEDIUM,1.0,45.55,26.95,696
0.11959794,1,"tenure, PaymentMethod_Electronic check, StreamingTV_Yes",30,91.7,2758.15,Month-to-month,Fiber optic,LOW,2.421786120591584,222.08,26.56,697
0.38330358,0,"PaymentMethod_Electronic check, PaymentMethod_Credit card (automatic), StreamingMovies_Yes",44,68.85,2958.95,Month-to-month,Fiber optic,LOW,1.0,68.85,26.39,698
0.30246386,0,"num_services, Contract_Two year, MonthlyCharges",47,87.2,4017.45,Month-to-month,Fiber optic,LOW,1.0,87.2,26.37,699
0.26510805,0,"MonthlyCharges, PaymentMethod_Electronic check, num_services",43,99.3,4209.95,Month-to-month,Fiber optic,LOW,1.0,99.3,26.33,700
0.29108357,0,"charge_per_service, tenure, TotalCharges",72,90.35,6563.4,Two year,Fiber optic,LOW,1.0,90.35,26.3,701
0.013692851,0,"charge_per_service, num_services, PaymentMethod_Electronic check",5,70.0,347.4,One year,DSL,LOW,27.421786120591584,1919.53,26.28,702
0.234087,0,"num_services, charge_per_service, MonthlyCharges",72,110.65,8065.65,Two year,Fiber optic,LOW,1.0,110.65,25.9,703
0.33816153,1,"charge_per_service, PaymentMethod_Electronic check, Dependents",68,75.8,5293.95,One year,DSL,LOW,1.0,75.8,25.63,704
0.030196667,0,"PaymentMethod_Electronic check, charge_per_service, Contract_Two year",23,90.05,2169.8,Month-to-month,Fiber optic,LOW,9.421786120591584,848.43,25.62,705
0.3005751,1,"PaymentMethod_Electronic check, num_services, charge_per_service",72,85.15,6316.2,Two year,DSL,LOW,1.0,85.15,25.59,706
0.46133712,0,"charge_per_service, tenure, num_services",72,55.3,3983.6,Two year,DSL,MEDIUM,1.0,55.3,25.51,707
0.09772246,0,"PaymentMethod_Electronic check, num_services, OnlineBackup_Yes",22,24.85,493.4,Month-to-month,No,LOW,10.421786120591584,258.98,25.31,708
0.36091223,1,"num_services, PaymentMethod_Electronic check, tenure",58,70.1,4048.95,Two year,DSL,LOW,1.0,70.1,25.3,709
0.33754075,1,"PaymentMethod_Electronic check, num_services, StreamingTV_Yes",47,74.45,3510.3,Two year,DSL,LOW,1.0,74.45,25.13,710
0.25056076,0,"tenure, StreamingTV_Yes, OnlineBackup_Yes",59,99.5,5961.1,One year,Fiber optic,LOW,1.0,99.5,24.93,711
0.055689912,0,"PaymentMethod_Electronic check, StreamingTV_Yes, DeviceProtection_Yes",10,19.95,187.75,Month-to-month,No,LOW,22.421786120591584,447.31,24.91,712
0.35932836,0,"num_services, PaymentMethod_Electronic check, charge_per_service",56,68.75,3808.0,One year,DSL,LOW,1.0,68.75,24.7,713
0.28846398,1,"StreamingTV_Yes, PaymentMethod_Electronic check, TotalCharges",52,85.15,4461.85,Two year,DSL,LOW,1.0,85.15,24.56,714
0.31812614,1,"PaymentMethod_Electronic check, StreamingMovies_Yes, tenure",68,76.9,5023.0,One year,DSL,LOW,1.0,76.9,24.46,715
0.4182319,0,"PaymentMethod_Electronic check, num_services, charge_per_service",33,58.45,1955.4,One year,DSL,MEDIUM,1.0,58.45,24.45,716
0.23097861,0,"PaymentMethod_Electronic check, num_services, PaymentMethod_Credit card (automatic)",54,105.2,5637.85,One year,Fiber optic,LOW,1.0,105.2,24.3,717
0.41324311,0,"charge_per_service, num_services, PaymentMethod_Electronic check",71,58.65,4145.25,Two year,DSL,MEDIUM,1.0,58.65,24.24,718
0.04052812,0,"PaymentMethod_Electronic check, PaymentMethod_Credit card (automatic), TotalCharges",25,79.85,2015.35,Month-to-month,Fiber optic,LOW,7.421786120591584,592.63,24.02,719
0.29812446,0,"OnlineBackup_Yes, charge_per_service, tenure",38,80.3,3058.65,One year,DSL,LOW,1.0,80.3,23.94,720
0.10403267,0,"num_services, OnlineBackup_Yes, Contract_Two year",30,94.3,2679.7,Month-to-month,Fiber optic,LOW,2.421786120591584,228.37,23.76,721
0.031435,0,"Contract_Two year, PaymentMethod_Electronic check, MonthlyCharges",21,64.95,1339.8,Month-to-month,DSL,LOW,11.421786120591584,741.85,23.32,722
0.049713664,0,"charge_per_service, num_services, PaymentMethod_Electronic check",8,19.2,161.95,One year,No,LOW,24.421786120591584,468.9,23.31,723
0.009966434,0,"tenure, PaymentMethod_Electronic check, num_services",1,74.1,74.1,One year,DSL,LOW,31.421786120591584,2328.35,23.21,724
0.2905892,0,"num_services, charge_per_service, PaymentMethod_Electronic check",63,79.7,4786.15,One year,DSL,LOW,1.0,79.7,23.16,725
0.38240469,0,"num_services, DeviceProtection_Yes, Contract_Two year",68,60.3,4109.0,Two year,DSL,LOW,1.0,60.3,23.06,726
0.21944302,1,"num_services, tenure, PaymentMethod_Electronic check",50,103.85,5017.9,Month-to-month,Fiber optic,LOW,1.0,103.85,22.79,727
0.026290877,0,"charge_per_service, num_services, PaymentMethod_Electronic check",11,40.4,422.6,One year,DSL,LOW,21.421786120591584,865.44,22.75,728
0.11176471,0,"tenure, Contract_Two year, DeviceProtection_Yes",24,24.1,587.4,Two year,No,LOW,8.421786120591584,202.97,22.68,729
0.01851083,0,"charge_per_service, num_services, MonthlyCharges",20,98.55,1842.8,Month-to-month,Fiber optic,LOW,12.421786120591584,1224.17,22.66,730
0.012903104,0,"charge_per_service, PaymentMethod_Electronic check, num_services",5,63.95,318.1,Month-to-month,DSL,LOW,27.421786120591584,1753.62,22.63,731
0.44600877,0,"PaymentMethod_Electronic check, charge_per_service, num_services",32,50.6,1653.45,Month-to-month,DSL,MEDIUM,1.0,50.6,22.57,732
0.022624882,0,"Contract_Two year, num_services, PaymentMethod_Electronic check",1,31.35,31.35,Month-to-month,DSL,LOW,31.421786120591584,985.07,22.29,733
0.037380237,0,"charge_per_service, PaymentMethod_Electronic check, num_services",1,18.85,18.85,Month-to-month,No,LOW,31.421786120591584,592.3,22.14,734
0.90505993,1,"tenure, PaymentMethod_Electronic check, charge_per_service",58,24.35,1423.85,Two year,No,HIGH,1.0,24.35,22.04,735
0.04902824,0,"Contract_Two year, PaymentMethod_Electronic check, num_services",10,19.85,193.05,Month-to-month,No,LOW,22.421786120591584,445.07,21.82,736
0.013302091,1,"charge_per_service, PaymentMethod_Electronic check, OnlineBackup_Yes",9,70.05,564.4,Month-to-month,DSL,LOW,23.421786120591584,1640.7,21.82,736
0.012109687,0,"num_services, tenure, Contract_Two year",10,80.25,846.0,Month-to-month,Fiber optic,LOW,22.421786120591584,1799.35,21.79,738
0.32515192,1,"num_services, Dependents, PaymentMethod_Electronic check",72,66.85,4758.8,Two year,DSL,LOW,1.0,66.85,21.74,739
0.20608668,0,"num_services, PaymentMethod_Electronic check, TotalCharges",65,105.05,6744.25,One year,Fiber optic,LOW,1.0,105.05,21.65,740
0.30440605,1,"num_services, PaymentMethod_Electronic check, charge_per_service",34,70.0,2416.1,Month-to-month,Fiber optic,LOW,1.0,70.0,21.31,741
0.017165193,0,"charge_per_service, num_services, StreamingTV_Yes",10,55.2,528.35,Month-to-month,DSL,LOW,22.421786120591584,1237.68,21.25,742
0.012302073,0,"charge_per_service, num_services, MonthlyCharges",15,99.1,1426.4,Month-to-month,Fiber optic,LOW,17.421786120591584,1726.5,21.24,743
0.20208262,1,"num_services, tenure, charge_per_service",56,104.55,5794.65,One year,Fiber optic,LOW,1.0,104.55,21.13,744
0.016927509,0,"Contract_Two year, charge_per_service, PaymentMethod_Electronic check",1,39.65,39.65,Month-to-month,DSL,LOW,31.421786120591584,1245.87,21.09,745
0.068337396,0,"num_services, StreamingMovies_Yes, tenure",27,56.7,1652.95,Month-to-month,DSL,LOW,5.421786120591584,307.42,21.01,746
0.0327706,0,"charge_per_service, StreamingTV_Yes, PaymentMethod_Electronic check",24,76.1,1712.7,Month-to-month,Fiber optic,LOW,8.421786120591584,640.9,21.0,747
0.2600362,0,"charge_per_service, tenure, DeviceProtection_Yes",71,80.1,5585.4,Two year,DSL,LOW,1.0,80.1,20.83,748
0.32006198,0,"PaymentMethod_Electronic check, tenure, StreamingTV_Yes",47,65.0,2879.9,Two year,DSL,LOW,1.0,65.0,20.8,749
0.18137613,0,"tenure, OnlineBackup_Yes, StreamingMovies_Yes",72,114.65,8333.95,Two year,Fiber optic,LOW,1.0,114.65,20.79,750
0.008534625,0,"Contract_Two year, PaymentMethod_Electronic check, num_services",7,95.6,644.35,Month-to-month,Fiber optic,LOW,25.421786120591584,2430.32,20.74,751
0.1897231,1,"charge_per_service, PaymentMethod_Electronic check, num_services",72,109.2,7878.3,Two year,Fiber optic,LOW,1.0,109.2,20.72,752
0.84152496,1,"tenure, StreamingMovies_Yes, StreamingTV_Yes",61,24.4,1417.9,Two year,No,HIGH,1.0,24.4,20.53,753
0.22841936,0,"charge_per_service, num_services, PaymentMethod_Electronic check",61,89.65,5308.7,Two year,DSL,LOW,1.0,89.65,20.48,754
0.8258445,0,"charge_per_service, StreamingTV_Yes, PaymentMethod_Electronic check",40,24.8,1024.7,Two year,No,HIGH,1.0,24.8,20.48,754
0.18572085,0,"PaymentMethod_Electronic check, StreamingTV_Yes, DeviceProtection_Yes",32,109.55,3608.0,One year,Fiber optic,LOW,1.0,109.55,20.35,756
0.78717893,1,"tenure, num_services, PaymentMethod_Electronic check",44,25.7,1110.5,One year,No,HIGH,1.0,25.7,20.23,757
0.18787602,0,"charge_per_service, num_services, PaymentMethod_Electronic check",56,107.25,6033.3,One year,Fiber optic,LOW,1.0,107.25,20.15,758
0.5004359,1,"num_services, DeviceProtection_Yes, OnlineBackup_Yes",70,40.05,2799.75,Two year,DSL,MEDIUM,1.0,40.05,20.04,759
0.01627085,0,"charge_per_service, MonthlyCharges, num_services",5,44.8,220.45,Month-to-month,DSL,LOW,27.421786120591584,1228.5,19.99,760
0.007939786,0,"TotalCharges, PaymentMethod_Electronic check, num_services",1,80.0,80.0,Month-to-month,Fiber optic,LOW,31.421786120591584,2513.74,19.96,761
0.008136191,0,"tenure, charge_per_service, PaymentMethod_Electronic check",4,85.95,381.3,Month-to-month,Fiber optic,LOW,28.421786120591584,2442.85,19.88,762
0.025871463,1,"tenure, StreamingTV_Yes, num_services",11,35.8,363.15,Month-to-month,DSL,LOW,21.421786120591584,766.9,19.84,763
0.17303242,1,"StreamingTV_Yes, DeviceProtection_Yes, num_services",54,114.65,6049.5,One year,Fiber optic,LOW,1.0,114.65,19.84,763
0.81020445,1,"StreamingTV_Yes, charge_per_service, StreamingMovies_Yes",46,24.45,1066.15,One year,No,HIGH,1.0,24.45,19.81,765
0.96120137,1,"tenure, charge_per_service, num_services",52,20.4,1090.65,One year,No,HIGH,1.0,20.4,19.61,766
0.048045296,1,"StreamingMovies_Yes, MonthlyCharges, DeviceProtection_Yes",12,19.8,229.6,One year,No,LOW,20.421786120591584,404.35,19.43,767
0.07229704,1,"PaymentMethod_Electronic check, OnlineBackup_Yes, DeviceProtection_Yes",19,19.95,373.5,Two year,No,LOW,13.421786120591584,267.76,19.36,768
0.25846326,0,"PaymentMethod_Electronic check, PaymentMethod_Credit card (automatic), StreamingMovies_Yes",41,74.7,3187.65,One year,DSL,LOW,1.0,74.7,19.31,769
0.9853543,1,"tenure, charge_per_service, num_services",52,19.6,1012.4,One year,No,HIGH,1.0,19.6,19.31,769
0.21157947,0,"PaymentMethod_Electronic check, charge_per_service, tenure",44,90.4,4063.0,Month-to-month,Fiber optic,LOW,1.0,90.4,19.13,771
0.3380348,0,"StreamingMovies_Yes, PaymentMethod_Electronic check, OnlineBackup_Yes",40,56.6,2379.1,Month-to-month,DSL,LOW,1.0,56.6,19.13,771
0.08748562,0,"tenure, StreamingTV_Yes, TotalCharges",30,89.9,2723.15,Month-to-month,Fiber optic,LOW,2.421786120591584,217.72,19.05,773
0.94588023,1,"tenure, charge_per_service, num_services",53,19.85,1039.45,One year,No,HIGH,1.0,19.85,18.78,774
0.9298442,1,"DeviceProtection_Yes, tenure, StreamingMovies_Yes",47,20.15,1046.2,Two year,No,HIGH,1.0,20.15,18.74,775
0.94047457,1,"tenure, charge_per_service, num_services",44,19.9,868.1,Two year,No,HIGH,1.0,19.9,18.72,776
0.9056515,1,"charge_per_service, num_services, tenure",52,20.65,1022.95,One year,No,HIGH,1.0,20.65,18.7,777
0.008484874,0,"Contract_Two year, charge_per_service, PaymentMethod_Electronic check",1,69.25,69.25,Month-to-month,Fiber optic,LOW,31.421786120591584,2175.96,18.46,778
0.7472909,1,"num_services, charge_per_service, PaymentMethod_Electronic check",34,24.7,780.2,Month-to-month,No,HIGH,1.0,24.7,18.46,778
0.2710224,0,"PaymentMethod_Electronic check, StreamingMovies_Yes, DeviceProtection_Yes",66,67.45,4508.65,Month-to-month,DSL,LOW,1.0,67.45,18.28,780
0.75301254,1,"charge_per_service, StreamingTV_Yes, PaymentMethod_Electronic check",69,24.25,1641.8,Two year,No,HIGH,1.0,24.25,18.26,781
0.1646521,0,"tenure, num_services, PaymentMethod_Electronic check",72,110.8,7882.25,Two year,Fiber optic,LOW,1.0,110.8,18.24,782
0.9091301,0,"tenure, charge_per_service, num_services",46,19.95,927.1,Two year,No,HIGH,1.0,19.95,18.14,783
0.031265754,0,"PaymentMethod_Electronic check, Contract_Two year, num_services",4,20.35,76.35,Month-to-month,No,LOW,28.421786120591584,578.38,18.08,784
0.18133382,1,"num_services, StreamingMovies_Yes, MonthlyCharges",35,99.25,3532.0,One year,Fiber optic,LOW,1.0,99.25,18.0,785
0.17789233,0,"PaymentMethod_Electronic check, StreamingTV_Yes, StreamingMovies_Yes",35,100.25,3527.6,Month-to-month,Fiber optic,LOW,1.0,100.25,17.83,786
0.16872385,0,"charge_per_service, PaymentMethod_Electronic check, num_services",53,105.55,5682.25,Two year,Fiber optic,LOW,1.0,105.55,17.81,787
0.8813838,0,"charge_per_service, num_services, PaymentMethod_Electronic check",64,20.2,1277.75,Two year,No,HIGH,1.0,20.2,17.8,788
0.029472996,0,"Contract_Two year, PaymentMethod_Electronic check, StreamingMovies_Yes",1,19.15,19.15,Month-to-month,No,LOW,31.421786120591584,601.73,17.73,789
0.03599672,0,"tenure, StreamingTV_Yes, StreamingMovies_Yes",28,110.85,3204.4,Month-to-month,Fiber optic,LOW,4.421786120591584,490.15,17.64,790
0.16612032,0,"PaymentMethod_Electronic check, PaymentMethod_Credit card (automatic), charge_per_service",71,105.55,7405.5,Two year,Fiber optic,LOW,1.0,105.55,17.53,791
0.215435,0,"StreamingTV_Yes, OnlineBackup_Yes, tenure",38,81.0,3084.9,Two year,DSL,LOW,1.0,81.0,17.45,792
0.035569303,0,"charge_per_service, PaymentMethod_Electronic check, num_services",7,19.25,112.3,Month-to-month,No,LOW,25.421786120591584,489.37,17.41,793
0.9020841,1,"tenure, num_services, PaymentMethod_Electronic check",60,19.25,1103.25,Two year,No,HIGH,1.0,19.25,17.37,794
0.013300331,0,"tenure, PaymentMethod_Electronic check, StreamingMovies_Yes",18,90.1,1612.75,Month-to-month,Fiber optic,LOW,14.421786120591584,1299.4,17.28,795
0.2659273,0,"num_services, PaymentMethod_Electronic check, Contract_Two year",72,64.8,4732.35,Two year,DSL,LOW,1.0,64.8,17.23,796
0.009384417,0,"charge_per_service, num_services, TotalCharges",12,89.55,1021.75,Month-to-month,Fiber optic,LOW,20.421786120591584,1828.77,17.16,797
0.24512859,0,"PaymentMethod_Electronic check, StreamingTV_Yes, StreamingMovies_Yes",50,69.65,3442.15,One year,DSL,LOW,1.0,69.65,17.07,798
0.028540444,0,"tenure, Contract_Two year, num_services",1,19.0,19.0,Month-to-month,No,LOW,31.421786120591584,597.01,17.04,799
0.0097098425,0,"tenure, num_services, MonthlyCharges",8,71.15,563.65,Month-to-month,DSL,LOW,24.421786120591584,1737.61,16.87,800
0.0072974632,0,"charge_per_service, Contract_Two year, TotalCharges",2,75.9,143.35,Month-to-month,Fiber optic,LOW,30.421786120591584,2309.01,16.85,801
0.02906275,0,"Contract_Two year, PaymentMethod_Electronic check, InternetService_Fiber optic",3,19.6,61.35,One year,No,LOW,29.421786120591584,576.67,16.76,802
0.011498238,1,"charge_per_service, tenure, PaymentMethod_Electronic check",6,55.15,322.9,Month-to-month,DSL,LOW,26.421786120591584,1457.16,16.75,803
0.67174107,0,"num_services, charge_per_service, PaymentMethod_Electronic check",50,24.9,1195.25,Two year,No,MEDIUM,1.0,24.9,16.73,804
0.028344933,0,"PaymentMethod_Electronic check, StreamingTV_Yes, tenure",3,20.0,61.7,Month-to-month,No,LOW,29.421786120591584,588.44,16.68,805
0.81417394,1,"OnlineBackup_Yes, PaymentMethod_Electronic check, charge_per_service",35,20.1,655.3,Two year,No,HIGH,1.0,20.1,16.36,806
0.16351816,1,"Contract_Two year, PaymentMethod_Electronic check, DeviceProtection_Yes",34,100.05,3480.0,Month-to-month,Fiber optic,LOW,1.0,100.05,16.36,806
0.22014198,0,"PaymentMethod_Electronic check, PaymentMethod_Credit card (automatic), charge_per_service",52,74.0,3877.65,One year,DSL,LOW,1.0,74.0,16.29,808
0.01428294,0,"Contract_Two year, PaymentMethod_Electronic check, charge_per_service",4,40.05,162.45,Month-to-month,DSL,LOW,28.421786120591584,1138.29,16.26,809
0.1742391,0,"num_services, TotalCharges, StreamingMovies_Yes",60,93.25,5774.55,Month-to-month,Fiber optic,LOW,1.0,93.25,16.25,810
0.26571554,0,"PaymentMethod_Electronic check, PaymentMethod_Credit card (automatic), charge_per_service",58,61.05,3478.75,One year,DSL,LOW,1.0,61.05,16.22,811
0.015348721,0,"num_services, Contract_Two year, charge_per_service",18,73.15,1305.95,Month-to-month,Fiber optic,LOW,14.421786120591584,1054.95,16.19,812
0.20128432,0,"num_services, PaymentMethod_Electronic check, charge_per_service",36,80.4,2937.65,Month-to-month,Fiber optic,LOW,1.0,80.4,16.18,813
0.8110575,1,"tenure, num_services, PaymentMethod_Electronic check",71,19.8,1396.25,Two year,No,HIGH,1.0,19.8,16.06,814
0.015915897,0,"Contract_Two year, MonthlyCharges, PaymentMethod_Electronic check",20,80.7,1614.2,Month-to-month,Fiber optic,LOW,12.421786120591584,1002.44,15.95,815
0.06103992,0,"num_services, PaymentMethod_Electronic check, charge_per_service",30,107.5,3242.5,Month-to-month,Fiber optic,LOW,2.421786120591584,260.34,15.89,816
0.008040494,0,"charge_per_service, Contract_Two year, PaymentMethod_Electronic check",1,62.8,62.8,Month-to-month,DSL,LOW,31.421786120591584,1973.29,15.87,817
0.029378487,0,"tenure, charge_per_service, StreamingTV_Yes",26,83.75,2070.6,Month-to-month,Fiber optic,LOW,6.421786120591584,537.82,15.8,818
0.014523208,0,"charge_per_service, MonthlyCharges, PaymentMethod_Electronic check",11,50.55,565.35,Month-to-month,DSL,LOW,21.421786120591584,1082.87,15.73,819
0.019896539,1,"charge_per_service, PaymentMethod_Electronic check, InternetService_Fiber optic",25,105.5,2686.05,Month-to-month,Fiber optic,LOW,7.421786120591584,783.0,15.58,820
0.803154,1,"num_services, DeviceProtection_Yes, StreamingTV_Yes",72,19.4,1363.25,Two year,No,HIGH,1.0,19.4,15.58,820
0.7630879,0,"StreamingTV_Yes, PaymentMethod_Electronic check, StreamingMovies_Yes",54,20.4,1090.6,Two year,No,HIGH,1.0,20.4,15.57,822
0.2055692,0,"tenure, StreamingTV_Yes, PaymentMethod_Electronic check",70,75.65,5411.4,Two year,Fiber optic,LOW,1.0,75.65,15.55,823
0.77776694,0,"StreamingTV_Yes, charge_per_service, num_services",65,19.9,1292.6,Two year,No,HIGH,1.0,19.9,15.48,824
0.13333115,0,"PaymentMethod_Electronic check, tenure, num_services",41,114.5,4527.45,Month-to-month,Fiber optic,LOW,1.0,114.5,15.27,825
0.17909269,1,"StreamingTV_Yes, PaymentMethod_Electronic check, num_services",66,85.25,5538.35,Two year,DSL,LOW,1.0,85.25,15.27,825
0.1355018,0,"charge_per_service, num_services, PaymentMethod_Electronic check",72,111.9,8071.05,Two year,Fiber optic,LOW,1.0,111.9,15.16,827
0.6147354,0,"num_services, tenure, PaymentMethod_Electronic check",51,24.6,1266.4,One year,No,MEDIUM,1.0,24.6,15.12,828
0.02441314,0,"StreamingTV_Yes, TotalCharges, StreamingMovies_Yes",1,19.65,19.65,One year,No,LOW,31.421786120591584,617.44,15.07,829
0.25184196,0,"charge_per_service, PaymentMethod_Electronic check, MonthlyCharges",49,59.6,2970.3,Month-to-month,DSL,LOW,1.0,59.6,15.01,830
0.2047357,0,"PaymentMethod_Electronic check, StreamingTV_Yes, num_services",67,72.35,4991.5,One year,DSL,LOW,1.0,72.35,14.81,831
0.12816668,0,"StreamingMovies_Yes, MonthlyCharges, PaymentMethod_Electronic check",29,33.75,1009.25,Month-to-month,DSL,LOW,3.421786120591584,115.49,14.8,832
0.036497615,1,"num_services, MonthlyCharges, TotalCharges",12,19.7,220.35,Month-to-month,No,LOW,20.421786120591584,402.31,14.68,833
0.70565045,0,"TotalCharges, charge_per_service, PaymentMethod_Electronic check",32,20.55,654.55,One year,No,HIGH,1.0,20.55,14.5,834
0.014253594,0,"num_services, charge_per_service, InternetService_Fiber optic",10,45.25,428.7,Month-to-month,DSL,LOW,22.421786120591584,1014.59,14.46,835
0.00973764,0,"charge_per_service, Contract_Two year, PaymentMethod_Electronic check",13,76.2,981.45,Month-to-month,DSL,LOW,19.421786120591584,1479.94,14.41,836
0.7244847,0,"charge_per_service, PaymentMethod_Electronic check, PaymentMethod_Credit card (automatic)",72,19.8,1468.75,Two year,No,HIGH,1.0,19.8,14.34,837
0.75904375,0,"tenure, charge_per_service, num_services",53,18.7,1005.7,Two year,No,HIGH,1.0,18.7,14.19,838
0.007972276,0,"TotalCharges, PaymentMethod_Electronic check, tenure",7,69.85,515.45,Month-to-month,Fiber optic,LOW,25.421786120591584,1775.71,14.16,839
0.024204142,0,"Contract_Two year, MonthlyCharges, charge_per_service",10,26.1,225.55,Two year,No,LOW,22.421786120591584,585.21,14.16,839
0.7241644,1,"charge_per_service, StreamingMovies_Yes, PaymentMethod_Electronic check",59,19.3,1192.7,Two year,No,HIGH,1.0,19.3,13.98,841
0.67651683,0,"DeviceProtection_Yes, charge_per_service, PaymentMethod_Electronic check",35,20.5,759.35,Two year,No,MEDIUM,1.0,20.5,13.87,842
0.5393478,0,"TotalCharges, PaymentMethod_Electronic check, StreamingTV_Yes",71,25.45,1813.35,Two year,No,MEDIUM,1.0,25.45,13.73,843
0.14612977,0,"tenure, num_services, TotalCharges",49,93.85,4733.1,Month-to-month,Fiber optic,LOW,1.0,93.85,13.71,844
0.25411466,0,"PaymentMethod_Electronic check, StreamingTV_Yes, charge_per_service",57,53.75,3196.0,Month-to-month,DSL,LOW,1.0,53.75,13.66,845
0.006666777,0,"Contract_Two year, TechSupport_Yes, PaymentMethod_Electronic check",8,83.55,680.05,Month-to-month,Fiber optic,LOW,24.421786120591584,2040.44,13.6,846
0.008194344,0,"tenure, num_services, MonthlyCharges",10,72.85,688.65,Month-to-month,Fiber optic,LOW,22.421786120591584,1633.43,13.38,847
0.010087344,0,"PaymentMethod_Electronic check, tenure, charge_per_service",8,54.25,447.75,One year,DSL,LOW,24.421786120591584,1324.88,13.36,848
0.007042109,0,"TotalCharges, tenure, num_services",7,74.65,544.55,Month-to-month,Fiber optic,LOW,25.421786120591584,1897.74,13.36,848
0.20789267,1,"StreamingTV_Yes, PaymentMethod_Electronic check, StreamingMovies_Yes",46,64.2,3009.5,Two year,DSL,LOW,1.0,64.2,13.35,850
0.034239218,0,"PaymentMethod_Electronic check, num_services, charge_per_service",13,20.0,268.45,Two year,No,LOW,19.421786120591584,388.44,13.3,851
0.0075326865,0,"PaymentMethod_Electronic check, charge_per_service, num_services",15,101.35,1553.95,Month-to-month,Fiber optic,LOW,17.421786120591584,1765.7,13.3,851
0.6722949,0,"charge_per_service, num_services, tenure",41,19.75,899.45,Two year,No,MEDIUM,1.0,19.75,13.28,853
0.057799157,0,"tenure, num_services, TotalCharges",21,20.0,417.7,Month-to-month,No,LOW,11.421786120591584,228.44,13.2,854
0.64052784,1,"num_services, MonthlyCharges, charge_per_service",61,20.55,1305.95,Two year,No,MEDIUM,1.0,20.55,13.16,855
0.0051102396,0,"tenure, charge_per_service, PaymentMethod_Electronic check",4,90.4,356.65,Month-to-month,Fiber optic,LOW,28.421786120591584,2569.33,13.13,856
0.1458655,0,"num_services, MonthlyCharges, PaymentMethod_Electronic check",67,89.55,6038.55,One year,Fiber optic,LOW,1.0,89.55,13.06,857
0.5304966,0,"tenure, charge_per_service, num_services",58,24.5,1497.9,One year,No,MEDIUM,1.0,24.5,13.0,858
0.0045602745,0,"charge_per_service, Contract_Two year, PaymentMethod_Electronic check",1,90.55,90.55,Month-to-month,Fiber optic,LOW,31.421786120591584,2845.24,12.98,859
0.005593146,0,"Contract_Two year, charge_per_service, PaymentMethod_Electronic check",1,73.6,73.6,Month-to-month,Fiber optic,LOW,31.421786120591584,2312.64,12.93,860
0.15082934,0,"tenure, PaymentMethod_Electronic check, StreamingTV_Yes",55,85.5,4713.4,Month-to-month,Fiber optic,LOW,1.0,85.5,12.9,861
0.24708922,0,"OnlineBackup_Yes, num_services, StreamingMovies_Yes",39,51.05,2066.0,Month-to-month,DSL,LOW,1.0,51.05,12.61,862
0.16477402,0,"PaymentMethod_Electronic check, num_services, StreamingMovies_Yes",59,75.95,4542.35,Two year,DSL,LOW,1.0,75.95,12.51,863
0.61396825,0,"StreamingTV_Yes, PaymentMethod_Electronic check, StreamingMovies_Yes",37,20.35,697.65,Month-to-month,No,MEDIUM,1.0,20.35,12.49,864
0.00523553,0,"charge_per_service, Contract_Two year, PaymentMethod_Electronic check",3,80.4,224.05,Month-to-month,Fiber optic,LOW,29.421786120591584,2365.51,12.38,865
0.19661006,0,"tenure, num_services, TotalCharges",37,62.8,2278.75,Two year,DSL,LOW,1.0,62.8,12.35,866
0.6104471,0,"PaymentMethod_Electronic check, StreamingMovies_Yes, charge_per_service",32,20.05,614.45,Two year,No,MEDIUM,1.0,20.05,12.24,867
0.12241413,0,"charge_per_service, tenure, PaymentMethod_Electronic check",59,99.5,5861.75,Two year,Fiber optic,LOW,1.0,99.5,12.18,868
0.13543893,1,"Contract_Two year, tenure, PaymentMethod_Electronic check",49,89.85,4287.2,One year,Fiber optic,LOW,1.0,89.85,12.17,869
0.10394346,1,"tenure, StreamingMovies_Yes, PaymentMethod_Electronic check",31,81.7,2548.65,One year,Fiber optic,LOW,1.4217861205915838,116.16,12.07,870
0.13995773,0,"StreamingTV_Yes, PaymentMethod_Electronic check, PaymentMethod_Credit card (automatic)",29,25.15,702.0,Month-to-month,No,LOW,3.421786120591584,86.06,12.04,871
0.004853077,0,"charge_per_service, Contract_Two year, PaymentMethod_Electronic check",10,110.1,1043.3,Month-to-month,Fiber optic,LOW,22.421786120591584,2468.64,11.98,872
0.115722276,0,"StreamingTV_Yes, TotalCharges, num_services",63,103.4,6603.0,Month-to-month,Fiber optic,LOW,1.0,103.4,11.97,873
0.5798418,0,"num_services, MonthlyCharges, OnlineBackup_Yes",47,20.55,1013.05,One year,No,MEDIUM,1.0,20.55,11.92,874
0.6123591,1,"StreamingTV_Yes, PaymentMethod_Electronic check, num_services",61,19.4,1182.55,Month-to-month,No,MEDIUM,1.0,19.4,11.88,875
0.5653363,1,"charge_per_service, StreamingMovies_Yes, PaymentMethod_Electronic check",36,20.85,720.05,One year,No,MEDIUM,1.0,20.85,11.79,876
0.12951949,0,"PaymentMethod_Electronic check, tenure, StreamingMovies_Yes",49,90.05,4547.25,Month-to-month,Fiber optic,LOW,1.0,90.05,11.66,877
0.15790005,1,"num_services, charge_per_service, PaymentMethod_Electronic check",71,73.5,5357.75,Two year,DSL,LOW,1.0,73.5,11.61,878
0.2575494,0,"OnlineBackup_Yes, PaymentMethod_Electronic check, num_services",34,44.85,1442.6,Month-to-month,DSL,LOW,1.0,44.85,11.55,879
0.58382285,1,"num_services, DeviceProtection_Yes, StreamingTV_Yes",69,19.7,1396.9,Two year,No,MEDIUM,1.0,19.7,11.5,880
0.45142108,0,"DeviceProtection_Yes, PaymentMethod_Electronic check, charge_per_service",72,25.4,1710.9,Two year,No,MEDIUM,1.0,25.4,11.47,881
0.036836192,0,"charge_per_service, PaymentMethod_Electronic check, num_services",16,18.95,326.8,Two year,No,LOW,16.421786120591584,311.19,11.46,882
0.005944751,0,"Contract_Two year, charge_per_service, PaymentMethod_Electronic check",7,75.7,554.05,Month-to-month,DSL,LOW,25.421786120591584,1924.43,11.44,883
0.012037812,0,"PaymentMethod_Electronic check, Contract_Two year, PaymentMethod_Credit card (automatic)",1,30.2,30.2,Month-to-month,DSL,LOW,31.421786120591584,948.94,11.42,884
0.016269926,0,"tenure, PaymentMethod_Electronic check, StreamingMovies_Yes",9,29.95,248.95,Month-to-month,DSL,LOW,23.421786120591584,701.48,11.41,885
0.22524025,0,"tenure, PaymentMethod_Electronic check, PaymentMethod_Credit card (automatic)",58,50.3,2878.55,One year,DSL,LOW,1.0,50.3,11.33,886
0.4573579,0,"PaymentMethod_Electronic check, PaymentMethod_Credit card (automatic), StreamingMovies_Yes",71,24.65,1710.15,Two year,No,MEDIUM,1.0,24.65,11.27,887
0.0052764886,0,"PaymentMethod_Electronic check, charge_per_service, PaymentMethod_Credit card (automatic)",2,69.7,135.2,Month-to-month,Fiber optic,LOW,30.421786120591584,2120.4,11.19,888
0.56607026,1,"PaymentMethod_Electronic check, num_services, charge_per_service",61,19.75,1124.2,Two year,No,MEDIUM,1.0,19.75,11.18,889
0.014246494,0,"charge_per_service, Contract_Two year, PaymentMethod_Electronic check",25,104.95,2566.5,Month-to-month,Fiber optic,LOW,7.421786120591584,778.92,11.1,890
0.1370654,1,"charge_per_service, tenure, PaymentMethod_Electronic check",71,80.7,5676.0,Two year,Fiber optic,LOW,1.0,80.7,11.06,891
0.006164018,0,"Contract_Two year, num_services, tenure",11,82.9,880.05,Month-to-month,Fiber optic,LOW,21.421786120591584,1775.87,10.95,892
0.18279994,1,"TotalCharges, StreamingMovies_Yes, PaymentMethod_Electronic check",67,59.55,4103.9,Two year,DSL,LOW,1.0,59.55,10.89,893
0.52780086,0,"charge_per_service, StreamingTV_Yes, OnlineBackup_Yes",47,20.55,945.7,Two year,No,MEDIUM,1.0,20.55,10.85,894
0.093738526,0,"num_services, MonthlyCharges, tenure",43,115.05,4895.1,Two year,Fiber optic,LOW,1.0,115.05,10.78,895
0.020836744,1,"charge_per_service, OnlineBackup_Yes, PaymentMethod_Electronic check",7,19.95,147.5,Month-to-month,No,LOW,25.421786120591584,507.16,10.57,896
0.11143088,0,"charge_per_service, PaymentMethod_Electronic check, OnlineBackup_Yes",34,94.25,3217.55,Month-to-month,Fiber optic,LOW,1.0,94.25,10.5,897
0.11959801,0,"Contract_Two year, num_services, PaymentMethod_Electronic check",72,86.6,6350.5,Two year,DSL,LOW,1.0,86.6,10.36,898
0.18322855,0,"PaymentMethod_Electronic check, num_services, charge_per_service",43,56.15,2499.3,Month-to-month,DSL,LOW,1.0,56.15,10.29,899
0.40206474,0,"num_services, PaymentMethod_Electronic check, OnlineBackup_Yes",53,25.55,1336.1,Two year,No,MEDIUM,1.0,25.55,10.27,900
0.0073413807,0,"charge_per_service, PaymentMethod_Electronic check, num_services",7,54.85,370.4,Month-to-month,DSL,LOW,25.421786120591584,1394.38,10.24,901
0.038756747,0,"MonthlyCharges, num_services, PaymentMethod_Electronic check",28,59.55,1646.45,Month-to-month,DSL,LOW,4.421786120591584,263.32,10.21,902
0.12905373,0,"TotalCharges, MonthlyCharges, PaymentMethod_Electronic check",47,78.9,3650.35,One year,Fiber optic,LOW,1.0,78.9,10.18,903
0.10312807,1,"PaymentMethod_Electronic check, PaymentMethod_Credit card (automatic), charge_per_service",71,98.65,6962.85,One year,Fiber optic,LOW,1.0,98.65,10.17,904
0.5222118,0,"charge_per_service, tenure, OnlineBackup_Yes",70,19.45,1303.5,Two year,No,MEDIUM,1.0,19.45,10.16,905
0.11839064,0,"num_services, MonthlyCharges, PaymentMethod_Electronic check",49,84.5,3906.7,Month-to-month,Fiber optic,LOW,1.0,84.5,10.0,906
0.031440612,0,"StreamingTV_Yes, PaymentMethod_Electronic check, OnlineBackup_Yes",16,19.3,360.35,One year,No,LOW,16.421786120591584,316.94,9.96,907
0.42068008,0,"num_services, MonthlyCharges, DeviceProtection_Yes",62,23.65,1416.75,Two year,No,MEDIUM,1.0,23.65,9.95,908
0.39290735,0,"PaymentMethod_Electronic check, DeviceProtection_Yes, PaymentMethod_Credit card (automatic)",72,25.2,1798.9,Two year,No,LOW,1.0,25.2,9.9,909
0.12456681,0,"charge_per_service, PaymentMethod_Electronic check, num_services",59,79.2,4590.35,Two year,Fiber optic,LOW,1.0,79.2,9.87,910
0.10321543,0,"charge_per_service, PaymentMethod_Electronic check, StreamingTV_Yes",60,95.4,5812.0,One year,Fiber optic,LOW,1.0,95.4,9.85,911
0.39652324,0,"PaymentMethod_Electronic check, charge_per_service, num_services",52,24.8,1229.1,Two year,No,LOW,1.0,24.8,9.83,912
0.1432245,0,"num_services, PaymentMethod_Electronic check, DeviceProtection_Yes",29,20.0,540.05,One year,No,LOW,3.421786120591584,68.44,9.8,913
0.08825016,0,"tenure, charge_per_service, PaymentMethod_Electronic check",62,110.8,6840.95,One year,Fiber optic,LOW,1.0,110.8,9.78,914
0.15942746,0,"PaymentMethod_Electronic check, OnlineBackup_Yes, PaymentMethod_Credit card (automatic)",34,60.85,2003.6,Month-to-month,DSL,LOW,1.0,60.85,9.7,915
0.016754534,0,"charge_per_service, PaymentMethod_Electronic check, Contract_One year",10,25.7,251.6,Two year,No,LOW,22.421786120591584,576.24,9.65,916
0.020476315,1,"num_services, MonthlyCharges, tenure",14,25.55,372.45,Month-to-month,No,LOW,18.421786120591584,470.68,9.64,917
0.08618061,0,"tenure, num_services, StreamingMovies_Yes",65,111.05,7107.0,Month-to-month,Fiber optic,LOW,1.0,111.05,9.57,918
0.0048889886,0,"charge_per_service, TotalCharges, PaymentMethod_Electronic check",8,80.0,624.6,Month-to-month,Fiber optic,LOW,24.421786120591584,1953.74,9.55,919
0.48551434,1,"PaymentMethod_Electronic check, StreamingTV_Yes, charge_per_service",35,19.6,686.95,Two year,No,MEDIUM,1.0,19.6,9.52,920
0.011107569,0,"num_services, charge_per_service, Contract_Two year",22,81.7,1820.9,Month-to-month,Fiber optic,LOW,10.421786120591584,851.46,9.46,921
0.09365039,0,"OnlineBackup_Yes, PaymentMethod_Electronic check, TotalCharges",55,100.0,5509.3,One year,Fiber optic,LOW,1.0,100.0,9.37,922
0.11085957,0,"tenure, OnlineBackup_Yes, PaymentMethod_Electronic check",43,84.25,3539.25,One year,Fiber optic,LOW,1.0,84.25,9.34,923
0.007320304,0,"TotalCharges, PaymentMethod_Electronic check, num_services",18,88.35,1639.3,Month-to-month,Fiber optic,LOW,14.421786120591584,1274.16,9.33,924
0.08122221,1,"StreamingMovies_Yes, Contract_One year, PaymentMethod_Electronic check",50,114.35,5791.1,One year,Fiber optic,LOW,1.0,114.35,9.29,925
0.4643195,0,"num_services, tenure, PaymentMethod_Electronic check",69,19.9,1363.45,Two year,No,MEDIUM,1.0,19.9,9.24,926
0.11605108,0,"PaymentMethod_Credit card (automatic), PaymentMethod_Electronic check, OnlineBackup_Yes",38,79.45,3013.05,Month-to-month,Fiber optic,LOW,1.0,79.45,9.22,927
0.0038915237,0,"Contract_Two year, charge_per_service, num_services",1,75.3,75.3,Month-to-month,Fiber optic,LOW,31.421786120591584,2366.06,9.21,928
0.30510476,0,"PaymentMethod_Electronic check, OnlineBackup_Yes, TotalCharges",49,30.2,1453.1,Month-to-month,DSL,LOW,1.0,30.2,9.21,928
0.0075715566,1,"charge_per_service, tenure, num_services",5,44.05,202.15,Month-to-month,DSL,LOW,27.421786120591584,1207.93,9.15,930
0.008138316,0,"PaymentMethod_Electronic check, OnlineBackup_Yes, charge_per_service",10,49.55,475.7,One year,DSL,LOW,22.421786120591584,1111.0,9.04,931
0.014123256,0,"tenure, StreamingTV_Yes, PaymentMethod_Electronic check",1,20.25,20.25,Month-to-month,No,LOW,31.421786120591584,636.29,8.99,932
0.084687546,0,"charge_per_service, TotalCharges, num_services",39,105.65,4284.8,Month-to-month,Fiber optic,LOW,1.0,105.65,8.95,933
0.15313186,0,"StreamingMovies_Yes, StreamingTV_Yes, PaymentMethod_Electronic check",52,57.95,3042.25,One year,DSL,LOW,1.0,57.95,8.87,934
0.14864902,1,"PaymentMethod_Electronic check, OnlineSecurity_Yes, StreamingMovies_Yes",70,59.5,4144.8,Two year,DSL,LOW,1.0,59.5,8.84,935
0.44950822,0,"PaymentMethod_Electronic check, StreamingMovies_Yes, StreamingTV_Yes",57,19.6,1170.55,Two year,No,MEDIUM,1.0,19.6,8.81,936
0.0046525965,0,"charge_per_service, tenure, PaymentMethod_Electronic check",1,60.15,60.15,Month-to-month,DSL,LOW,31.421786120591584,1890.02,8.79,937
0.4175972,1,"PaymentMethod_Electronic check, num_services, PaymentMethod_Credit card (automatic)",66,20.55,1357.1,Two year,No,MEDIUM,1.0,20.55,8.58,938
0.097032666,0,"PaymentMethod_Electronic check, charge_per_service, PaymentMethod_Credit card (automatic)",72,86.65,6094.25,Two year,DSL,LOW,1.0,86.65,8.41,939
0.01902345,0,"tenure, num_services, MonthlyCharges",11,20.6,233.9,One year,No,LOW,21.421786120591584,441.29,8.39,940
0.08040325,0,"charge_per_service, PaymentMethod_Electronic check, StreamingTV_Yes",71,104.1,7412.25,One year,Fiber optic,LOW,1.0,104.1,8.37,941
0.042634916,0,"tenure, StreamingTV_Yes, TotalCharges",30,80.8,2369.3,Two year,DSL,LOW,2.421786120591584,195.68,8.34,942
0.0062525193,0,"charge_per_service, OnlineBackup_Yes, PaymentMethod_Electronic check",8,54.65,482.25,Month-to-month,DSL,LOW,24.421786120591584,1334.65,8.34,942
0.02484385,0,"PaymentMethod_Electronic check, OnlineBackup_Yes, PaymentMethod_Mailed check",16,20.4,321.4,Month-to-month,No,LOW,16.421786120591584,335.0,8.32,944
0.13850729,1,"num_services, PaymentMethod_Electronic check, StreamingMovies_Yes",58,59.9,3505.1,Two year,DSL,LOW,1.0,59.9,8.3,945
0.005311825,0,"Contract_Two year, charge_per_service, MonthlyCharges",15,89.0,1288.3,Month-to-month,Fiber optic,LOW,17.421786120591584,1550.54,8.24,946
0.0068964045,0,"PaymentMethod_Electronic check, TotalCharges, PaymentMethod_Credit card (automatic)",6,44.75,270.95,Month-to-month,DSL,LOW,26.421786120591584,1182.37,8.15,947
0.08423852,0,"PaymentMethod_Electronic check, StreamingMovies_Yes, StreamingTV_Yes",33,95.8,3036.75,One year,Fiber optic,LOW,1.0,95.8,8.07,948
0.31787986,0,"charge_per_service, num_services, tenure",66,25.3,1673.8,Two year,No,LOW,1.0,25.3,8.04,949
0.024255425,0,"charge_per_service, tenure, StreamingMovies_Yes",26,51.55,1295.4,One year,DSL,LOW,6.421786120591584,331.04,8.03,950
0.08526336,0,"num_services, charge_per_service, StreamingMovies_Yes",51,93.5,4619.55,One year,Fiber optic,LOW,1.0,93.5,7.97,951
0.073214665,0,"num_services, DeviceProtection_Yes, tenure",46,108.65,4903.2,Two year,Fiber optic,LOW,1.0,108.65,7.95,952
0.10628197,0,"charge_per_service, MonthlyCharges, PaymentMethod_Electronic check",41,74.25,3089.1,Month-to-month,Fiber optic,LOW,1.0,74.25,7.89,953
0.07145572,0,"PaymentMethod_Electronic check, StreamingMovies_Yes, PaymentMethod_Credit card (automatic)",60,110.0,6668.35,Two year,Fiber optic,LOW,1.0,110.0,7.86,954
0.0027385382,0,"charge_per_service, Contract_Two year, PaymentMethod_Electronic check",2,93.85,170.85,Month-to-month,Fiber optic,LOW,30.421786120591584,2855.08,7.82,955
0.2505976,0,"StreamingMovies_Yes, PaymentMethod_Electronic check, TotalCharges",36,31.05,1126.35,Two year,DSL,LOW,1.0,31.05,7.78,956
0.02701392,0,"OnlineBackup_Yes, PaymentMethod_Electronic check, StreamingMovies_Yes",26,44.45,1183.8,Month-to-month,DSL,LOW,6.421786120591584,285.45,7.71,957
0.013889696,0,"Contract_Two year, charge_per_service, PaymentMethod_Electronic check",27,101.9,2681.15,One year,Fiber optic,LOW,5.421786120591584,552.48,7.67,958
0.09456632,0,"charge_per_service, PaymentMethod_Electronic check, tenure",56,80.9,4557.5,One year,Fiber optic,LOW,1.0,80.9,7.65,959
0.0031827923,0,"Contract_Two year, charge_per_service, num_services",6,91.0,531.0,Month-to-month,Fiber optic,LOW,26.421786120591584,2404.38,7.65,959
0.0045739166,0,"Contract_Two year, charge_per_service, PaymentMethod_Electronic check",13,85.95,1215.65,Month-to-month,Fiber optic,LOW,19.421786120591584,1669.3,7.64,961
0.070750624,0,"tenure, PaymentMethod_Electronic check, PaymentMethod_Credit card (automatic)",72,106.1,7848.5,One year,Fiber optic,LOW,1.0,106.1,7.51,962
0.037120845,0,"charge_per_service, OnlineBackup_Yes, num_services",30,82.05,2570.2,Month-to-month,Fiber optic,LOW,2.421786120591584,198.71,7.38,963
0.09973009,1,"PaymentMethod_Electronic check, StreamingMovies_Yes, StreamingTV_Yes",53,73.9,3958.25,Two year,DSL,LOW,1.0,73.9,7.37,964
0.37883353,1,"PaymentMethod_Electronic check, charge_per_service, StreamingMovies_Yes",55,19.35,1153.25,Two year,No,LOW,1.0,19.35,7.33,965
0.08203922,1,"charge_per_service, num_services, PaymentMethod_Electronic check",72,88.6,6201.95,Two year,DSL,LOW,1.0,88.6,7.27,966
0.012040823,0,"Contract_Two year, charge_per_service, PaymentMethod_Electronic check",19,44.85,893.55,One year,DSL,LOW,13.421786120591584,601.97,7.25,967
0.082103826,0,"num_services, Contract_Two year, MonthlyCharges",68,88.15,6148.45,Two year,DSL,LOW,1.0,88.15,7.24,968
0.003024115,0,"Contract_Two year, PaymentMethod_Credit card (automatic), TotalCharges",3,80.3,250.05,Month-to-month,Fiber optic,LOW,29.421786120591584,2362.57,7.14,969
0.10782879,0,"charge_per_service, PaymentMethod_Electronic check, num_services",72,65.5,4919.7,Two year,DSL,LOW,1.0,65.5,7.06,970
0.34193444,0,"DeviceProtection_Yes, PaymentMethod_Electronic check, charge_per_service",33,20.6,690.25,One year,No,LOW,1.0,20.6,7.04,971
0.0029618556,1,"Contract_Two year, charge_per_service, TotalCharges",1,74.9,74.9,Month-to-month,Fiber optic,LOW,31.421786120591584,2353.49,6.97,972
0.0031705287,0,"Contract_Two year, charge_per_service, PaymentMethod_Electronic check",1,70.0,70.0,Month-to-month,Fiber optic,LOW,31.421786120591584,2199.53,6.97,972
0.0048783333,1,"PaymentMethod_Electronic check, PaymentMethod_Credit card (automatic), charge_per_service",16,86.6,1281.0,Month-to-month,Fiber optic,LOW,16.421786120591584,1422.13,6.94,974
0.012586164,0,"charge_per_service, Contract_Two year, OnlineBackup_Yes",5,20.05,94.15,Month-to-month,No,LOW,27.421786120591584,549.81,6.92,975
0.004576075,0,"charge_per_service, Contract_Two year, PaymentMethod_Electronic check",11,70.2,760.05,Month-to-month,Fiber optic,LOW,21.421786120591584,1503.81,6.88,976
0.27577868,0,"PaymentMethod_Electronic check, PaymentMethod_Credit card (automatic), StreamingTV_Yes",45,24.65,1138.8,Two year,No,LOW,1.0,24.65,6.8,977
0.008403929,0,"tenure, Contract_Two year, num_services",18,54.4,957.1,One year,DSL,LOW,14.421786120591584,784.55,6.59,978
0.081115164,0,"TotalCharges, tenure, StreamingTV_Yes",68,80.35,5589.3,Month-to-month,Fiber optic,LOW,1.0,80.35,6.52,979
0.020223062,0,"DeviceProtection_Yes, StreamingMovies_Yes, PaymentMethod_Electronic check",20,25.55,507.4,Month-to-month,No,LOW,12.421786120591584,317.38,6.42,980
0.10603291,0,"charge_per_service, PaymentMethod_Electronic check, num_services",65,59.6,3739.8,Two year,DSL,LOW,1.0,59.6,6.32,981
0.085774325,0,"charge_per_service, PaymentMethod_Electronic check, OnlineSecurity_Yes",71,73.35,5154.5,Two year,DSL,LOW,1.0,73.35,6.29,982
0.12499954,0,"num_services, PaymentMethod_Electronic check, OnlineBackup_Yes",39,49.8,1971.15,Two year,DSL,LOW,1.0,49.8,6.22,983
0.009953091,0,"tenure, PaymentMethod_Electronic check, charge_per_service",1,19.85,19.85,Month-to-month,No,LOW,31.421786120591584,623.72,6.21,984
0.025217043,0,"Contract_Two year, PaymentMethod_Electronic check, num_services",20,19.5,413.0,Month-to-month,No,LOW,12.421786120591584,242.22,6.11,985
0.08213518,1,"charge_per_service, PaymentMethod_Electronic check, num_services",66,74.25,4859.25,One year,Fiber optic,LOW,1.0,74.25,6.1,986
0.060949177,0,"num_services, charge_per_service, StreamingMovies_Yes",56,99.8,5515.45,One year,Fiber optic,LOW,1.0,99.8,6.08,987
0.06653788,0,"num_services, Contract_Two year, tenure",28,20.5,563.05,Month-to-month,No,LOW,4.421786120591584,90.65,6.03,988
0.0022241867,0,"charge_per_service, Contract_Two year, PaymentMethod_Electronic check",1,84.6,84.6,Month-to-month,Fiber optic,LOW,31.421786120591584,2658.28,5.91,989
0.003075908,0,"Contract_Two year, charge_per_service, PaymentMethod_Electronic check",7,75.15,496.9,Month-to-month,Fiber optic,LOW,25.421786120591584,1910.45,5.88,990
0.029580988,0,"Contract_Two year, num_services, charge_per_service",23,20.75,485.2,One year,No,LOW,9.421786120591584,195.5,5.78,991
0.004043589,0,"tenure, num_services, MonthlyCharges",19,105.0,2007.25,Month-to-month,Fiber optic,LOW,13.421786120591584,1409.29,5.7,992
0.009104383,0,"charge_per_service, TotalCharges, Contract_Two year",1,19.9,19.9,Month-to-month,No,LOW,31.421786120591584,625.29,5.69,993
0.086701974,0,"charge_per_service, num_services, PaymentMethod_Electronic check",67,65.65,4322.85,Two year,DSL,LOW,1.0,65.65,5.69,993
0.0034662588,0,"tenure, PaymentMethod_Electronic check, PaymentMethod_Credit card (automatic)",9,69.4,571.45,Month-to-month,DSL,LOW,23.421786120591584,1625.47,5.63,995
0.0026259979,0,"charge_per_service, num_services, Contract_Two year",4,75.35,273.4,Month-to-month,Fiber optic,LOW,28.421786120591584,2141.58,5.62,996
0.057391997,0,"charge_per_service, PaymentMethod_Electronic check, num_services",34,97.65,3207.55,Month-to-month,Fiber optic,LOW,1.0,97.65,5.6,997
0.061588574,0,"charge_per_service, PaymentMethod_Electronic check, OnlineSecurity_Yes",60,89.9,5450.7,Month-to-month,Fiber optic,LOW,1.0,89.9,5.54,998
0.0080263475,0,"tenure, num_services, StreamingTV_Yes",17,44.6,681.4,One year,DSL,LOW,15.421786120591584,687.81,5.52,999
0.06992846,0,"tenure, StreamingTV_Yes, StreamingMovies_Yes",45,78.8,3597.5,One year,DSL,LOW,1.0,78.8,5.51,1000
0.00918811,0,"Contract_Two year, charge_per_service, InternetService_Fiber optic",24,69.45,1614.05,Month-to-month,DSL,LOW,8.421786120591584,584.89,5.37,1001
0.07156683,0,"charge_per_service, PaymentMethod_Electronic check, num_services",70,74.1,5222.3,One year,DSL,LOW,1.0,74.1,5.3,1002
0.05322001,0,"StreamingTV_Yes, num_services, tenure",46,98.85,4564.9,Month-to-month,Fiber optic,LOW,1.0,98.85,5.26,1003
0.049751174,1,"PaymentMethod_Electronic check, PaymentMethod_Credit card (automatic), num_services",56,105.6,6068.65,One year,Fiber optic,LOW,1.0,105.6,5.25,1004
0.013711856,0,"PaymentMethod_Electronic check, charge_per_service, OnlineBackup_Yes",13,19.65,244.8,One year,No,LOW,19.421786120591584,381.64,5.23,1005
0.11459113,0,"charge_per_service, MonthlyCharges, num_services",42,45.1,2049.05,One year,DSL,LOW,1.0,45.1,5.17,1006
0.008248891,0,"Contract_Two year, charge_per_service, PaymentMethod_Electronic check",2,20.55,33.6,Month-to-month,No,LOW,30.421786120591584,625.17,5.16,1007
0.056954674,0,"PaymentMethod_Electronic check, charge_per_service, PaymentMethod_Credit card (automatic)",72,90.25,6369.45,Two year,DSL,LOW,1.0,90.25,5.14,1008
0.004862609,0,"Contract_Two year, charge_per_service, PaymentMethod_Electronic check",16,64.25,1024.0,Two year,DSL,LOW,16.421786120591584,1055.1,5.13,1009
0.012498743,1,"charge_per_service, PaymentMethod_Electronic check, num_services",12,20.05,265.45,Month-to-month,No,LOW,20.421786120591584,409.46,5.12,1010
0.06339285,0,"PaymentMethod_Electronic check, charge_per_service, StreamingMovies_Yes",40,80.75,3208.65,One year,DSL,LOW,1.0,80.75,5.12,1010
0.08436298,0,"num_services, PaymentMethod_Electronic check, charge_per_service",60,59.85,3590.2,Two year,DSL,LOW,1.0,59.85,5.05,1012
0.0034008117,0,"PaymentMethod_Electronic check, charge_per_service, tenure",3,50.25,152.3,Month-to-month,DSL,LOW,29.421786120591584,1478.44,5.03,1013
0.056966998,1,"num_services, MonthlyCharges, tenure",70,88.0,5986.45,Two year,Fiber optic,LOW,1.0,88.0,5.01,1014
0.11833711,1,"charge_per_service, PaymentMethod_Electronic check, num_services",45,42.3,1840.75,One year,DSL,LOW,1.0,42.3,5.01,1014
0.09130481,0,"charge_per_service, StreamingTV_Yes, PaymentMethod_Electronic check",40,54.55,2236.2,One year,DSL,LOW,1.0,54.55,4.98,1016
0.0036043583,0,"Contract_Two year, PaymentMethod_Electronic check, charge_per_service",18,95.45,1752.55,Month-to-month,Fiber optic,LOW,14.421786120591584,1376.56,4.96,1017
0.0023948196,0,"charge_per_service, Contract_Two year, PaymentMethod_Electronic check",11,95.0,1120.3,Month-to-month,Fiber optic,LOW,21.421786120591584,2035.07,4.87,1018
0.027443245,0,"tenure, PaymentMethod_Electronic check, num_services",29,51.6,1442.0,Month-to-month,DSL,LOW,3.421786120591584,176.56,4.85,1019
0.063362874,0,"PaymentMethod_Electronic check, tenure, PaymentMethod_Credit card (automatic)",71,76.05,5436.45,Two year,Fiber optic,LOW,1.0,76.05,4.82,1020
0.23936138,1,"StreamingTV_Yes, tenure, DeviceProtection_Yes",63,20.0,1209.25,Two year,No,LOW,1.0,20.0,4.79,1021
0.050776035,1,"charge_per_service, PaymentMethod_Electronic check, PaymentMethod_Mailed check",60,94.1,5475.9,Month-to-month,Fiber optic,LOW,1.0,94.1,4.78,1022
0.006097606,0,"charge_per_service, PaymentMethod_Electronic check, MonthlyCharges",3,26.4,121.25,Two year,No,LOW,29.421786120591584,776.74,4.74,1023
0.06677259,1,"TotalCharges, num_services, StreamingMovies_Yes",62,70.45,4300.45,Month-to-month,DSL,LOW,1.0,70.45,4.7,1024
0.0024582117,0,"Contract_Two year, charge_per_service, tenure",5,69.35,341.6,Month-to-month,Fiber optic,LOW,27.421786120591584,1901.7,4.67,1025
0.050595377,0,"charge_per_service, MonthlyCharges, tenure",63,90.05,5817.0,One year,Fiber optic,LOW,1.0,90.05,4.56,1026
0.041639972,1,"Contract_Two year, charge_per_service, num_services",71,108.05,7532.15,Two year,Fiber optic,LOW,1.0,108.05,4.5,1027
0.0021791002,0,"Contract_Two year, charge_per_service, PaymentMethod_Electronic check",3,69.55,200.2,Month-to-month,Fiber optic,LOW,29.421786120591584,2046.29,4.46,1028
0.17529795,0,"PaymentMethod_Electronic check, StreamingMovies_Yes, OnlineBackup_Yes",68,25.4,1620.2,Two year,No,LOW,1.0,25.4,4.45,1029
0.17910562,1,"StreamingTV_Yes, StreamingMovies_Yes, PaymentMethod_Electronic check",71,24.75,1836.9,Two year,No,LOW,1.0,24.75,4.43,1030
0.041381493,0,"PaymentMethod_Electronic check, charge_per_service, PaymentMethod_Credit card (automatic)",59,107.0,6152.3,One year,Fiber optic,LOW,1.0,107.0,4.43,1030
0.0035862818,0,"TotalCharges, num_services, StreamingTV_Yes",17,78.9,1348.95,Month-to-month,Fiber optic,LOW,15.421786120591584,1216.78,4.36,1032
0.017918997,0,"num_services, charge_per_service, TotalCharges",28,54.35,1426.45,One year,DSL,LOW,4.421786120591584,240.32,4.31,1033
0.037265174,0,"num_services, charge_per_service, PaymentMethod_Electronic check",72,114.55,8306.05,Two year,Fiber optic,LOW,1.0,114.55,4.27,1034
0.0030819806,0,"Contract_Two year, tenure, PaymentMethod_Electronic check",2,45.35,89.5,Month-to-month,DSL,LOW,30.421786120591584,1379.63,4.25,1035
0.07888272,0,"charge_per_service, num_services, StreamingTV_Yes",53,53.6,2879.2,One year,DSL,LOW,1.0,53.6,4.23,1036
0.13587831,0,"PaymentMethod_Electronic check, charge_per_service, num_services",34,30.4,938.65,One year,DSL,LOW,1.0,30.4,4.13,1037
0.008513489,0,"Contract_Two year, charge_per_service, PaymentMethod_Electronic check",8,19.85,146.6,Two year,No,LOW,24.421786120591584,484.77,4.13,1037
0.0054340796,0,"charge_per_service, Contract_Two year, PaymentMethod_Electronic check",2,24.85,62.0,Month-to-month,No,LOW,30.421786120591584,755.98,4.11,1039
0.20284204,0,"PaymentMethod_Electronic check, PaymentMethod_Credit card (automatic), OnlineBackup_Yes",72,20.1,1326.25,Two year,No,LOW,1.0,20.1,4.08,1040
0.0017389595,0,"tenure, Contract_Two year, charge_per_service",9,99.3,918.75,Month-to-month,Fiber optic,LOW,23.421786120591584,2325.78,4.04,1041
0.038879674,0,"charge_per_service, PaymentMethod_Electronic check, num_services",68,103.75,7039.45,Two year,Fiber optic,LOW,1.0,103.75,4.03,1042
0.054447796,0,"tenure, StreamingTV_Yes, TotalCharges",61,73.8,4616.05,Two year,DSL,LOW,1.0,73.8,4.02,1043
0.20427923,0,"tenure, StreamingTV_Yes, OnlineBackup_Yes",57,19.5,1167.6,Two year,No,LOW,1.0,19.5,3.98,1044
0.04964429,0,"tenure, StreamingMovies_Yes, PaymentMethod_Electronic check",63,79.85,4861.45,Two year,DSL,LOW,1.0,79.85,3.96,1045
0.07185933,0,"StreamingTV_Yes, tenure, num_services",32,54.65,1830.1,Month-to-month,DSL,LOW,1.0,54.65,3.93,1046
0.0064946846,0,"num_services, tenure, Contract_Two year",2,19.85,35.9,One year,No,LOW,30.421786120591584,603.87,3.92,1047
0.05638629,0,"PaymentMethod_Electronic check, num_services, OnlineBackup_Yes",35,69.15,2490.15,Two year,DSL,LOW,1.0,69.15,3.9,1048
0.03355652,0,"charge_per_service, PaymentMethod_Electronic check, num_services",72,115.75,8399.15,Two year,Fiber optic,LOW,1.0,115.75,3.88,1049
0.0017523958,0,"tenure, num_services, Contract_Two year",3,75.1,270.7,Month-to-month,Fiber optic,LOW,29.421786120591584,2209.58,3.87,1050
0.19652484,0,"PaymentMethod_Electronic check, num_services, DeviceProtection_Yes",72,19.3,1304.8,Two year,No,LOW,1.0,19.3,3.79,1051
0.059407674,0,"charge_per_service, OnlineBackup_Yes, PaymentMethod_Electronic check",52,63.25,3342.45,Two year,DSL,LOW,1.0,63.25,3.76,1052
0.036132272,0,"num_services, charge_per_service, StreamingTV_Yes",71,104.05,7413.55,Two year,Fiber optic,LOW,1.0,104.05,3.76,1052
0.036853943,0,"Contract_Two year, num_services, TotalCharges",49,101.55,5070.4,Month-to-month,Fiber optic,LOW,1.0,101.55,3.74,1054
0.1444907,0,"charge_per_service, PaymentMethod_Electronic check, StreamingMovies_Yes",45,25.9,1216.6,One year,No,LOW,1.0,25.9,3.74,1054
0.15120439,0,"PaymentMethod_Electronic check, StreamingTV_Yes, DeviceProtection_Yes",38,24.25,914.4,One year,No,LOW,1.0,24.25,3.67,1056
0.043911982,0,"PaymentMethod_Electronic check, num_services, StreamingMovies_Yes",35,83.15,2848.45,Month-to-month,Fiber optic,LOW,1.0,83.15,3.65,1057
0.0021810087,0,"tenure, num_services, Contract_Two year",3,56.15,168.15,Month-to-month,DSL,LOW,29.421786120591584,1652.03,3.6,1058
0.013121487,1,"tenure, num_services, MonthlyCharges",22,26.25,605.9,Two year,No,LOW,10.421786120591584,273.57,3.59,1059
0.005859738,0,"charge_per_service, Contract_Two year, TotalCharges",1,19.45,19.45,Month-to-month,No,LOW,31.421786120591584,611.15,3.58,1060
0.0018303616,0,"Contract_Two year, tenure, PaymentMethod_Electronic check",3,64.5,177.4,Month-to-month,DSL,LOW,29.421786120591584,1897.71,3.47,1061
0.041795455,0,"charge_per_service, num_services, PaymentMethod_Electronic check",54,82.45,4350.1,One year,DSL,LOW,1.0,82.45,3.45,1062
0.0015237479,0,"charge_per_service, Contract_Two year, tenure",7,89.15,574.35,Month-to-month,Fiber optic,LOW,25.421786120591584,2266.35,3.45,1062
0.17774963,0,"charge_per_service, PaymentMethod_Electronic check, TotalCharges",36,19.25,679.8,One year,No,LOW,1.0,19.25,3.42,1064
0.14222227,0,"charge_per_service, PaymentMethod_Electronic check, num_services",39,23.8,903.8,Two year,No,LOW,1.0,23.8,3.38,1065
0.0011793032,0,"Contract_Two year, charge_per_service, tenure",4,99.8,442.85,Month-to-month,Fiber optic,LOW,28.421786120591584,2836.49,3.35,1066
0.0018272644,0,"tenure, num_services, charge_per_service",15,105.1,1582.75,Month-to-month,Fiber optic,LOW,17.421786120591584,1831.03,3.35,1066
0.0031254087,0,"Contract_Two year, PaymentMethod_Electronic check, tenure",13,54.8,731.3,Month-to-month,DSL,LOW,19.421786120591584,1064.31,3.33,1068
0.009494476,0,"charge_per_service, Contract_Two year, PaymentMethod_Electronic check",29,101.45,2948.6,Month-to-month,Fiber optic,LOW,3.421786120591584,347.14,3.3,1069
0.16396347,0,"num_services, PaymentMethod_Electronic check, OnlineBackup_Yes",70,20.05,1360.25,Two year,No,LOW,1.0,20.05,3.29,1070
0.1649267,0,"TotalCharges, PaymentMethod_Electronic check, tenure",66,19.95,1269.1,Two year,No,LOW,1.0,19.95,3.29,1070
0.032082748,0,"charge_per_service, Contract_Two year, OnlineSecurity_Yes",47,100.5,4707.1,Month-to-month,Fiber optic,LOW,1.0,100.5,3.22,1073
0.030680291,0,"tenure, charge_per_service, num_services",52,105.1,5376.4,One year,Fiber optic,LOW,1.0,105.1,3.22,1073
0.0019240222,0,"charge_per_service, Contract_Two year, PaymentMethod_Electronic check",8,68.55,564.35,Month-to-month,DSL,LOW,24.421786120591584,1674.11,3.22,1073
0.045240197,0,"num_services, tenure, MonthlyCharges",31,49.85,1520.1,Two year,DSL,LOW,1.4217861205915838,70.88,3.21,1075
0.004462354,0,"charge_per_service, PaymentMethod_Electronic check, num_services",24,84.35,1938.05,Month-to-month,Fiber optic,LOW,8.421786120591584,710.38,3.17,1076
0.0012490109,0,"tenure, Contract_Two year, num_services",7,99.8,673.25,Month-to-month,Fiber optic,LOW,25.421786120591584,2537.09,3.17,1076
0.12518379,1,"tenure, PaymentMethod_Electronic check, OnlineBackup_Yes",42,25.25,1108.2,Two year,No,LOW,1.0,25.25,3.16,1079
0.04824713,0,"StreamingTV_Yes, num_services, tenure",72,65.55,4807.45,Two year,DSL,LOW,1.0,65.55,3.16,1079
0.016734194,0,"Contract_Two year, PaymentMethod_Electronic check, PaymentMethod_Credit card (automatic)",23,20.05,415.1,One year,No,LOW,9.421786120591584,188.91,3.16,1079
0.0033359667,0,"charge_per_service, Contract_Two year, MonthlyCharges",1,29.95,29.95,Month-to-month,DSL,LOW,31.421786120591584,941.08,3.14,1081
0.057172175,0,"num_services, charge_per_service, PaymentMethod_Electronic check",42,54.75,2348.45,One year,DSL,LOW,1.0,54.75,3.13,1082
0.0076530413,0,"num_services, Contract_Two year, charge_per_service",12,20.05,267.0,One year,No,LOW,20.421786120591584,409.46,3.13,1082
0.03193561,0,"StreamingMovies_Yes, StreamingTV_Yes, charge_per_service",71,96.35,6766.95,Two year,Fiber optic,LOW,1.0,96.35,3.08,1084
0.010518501,0,"charge_per_service, MonthlyCharges, num_services",29,84.9,2516.2,Month-to-month,Fiber optic,LOW,3.421786120591584,290.51,3.06,1085
0.029920312,0,"num_services, Contract_Two year, charge_per_service",38,101.15,3741.85,Month-to-month,Fiber optic,LOW,1.0,101.15,3.03,1086
0.014857729,0,"charge_per_service, PaymentMethod_Electronic check, Contract_Two year",30,84.3,2438.6,Month-to-month,Fiber optic,LOW,2.421786120591584,204.16,3.03,1086
0.12106674,1,"tenure, num_services, PaymentMethod_Electronic check",58,24.7,1519.0,Two year,No,LOW,1.0,24.7,2.99,1089
0.052911464,0,"PaymentMethod_Electronic check, OnlineBackup_Yes, PaymentMethod_Mailed check",71,56.45,3985.35,One year,DSL,LOW,1.0,56.45,2.99,1089
0.033320595,0,"charge_per_service, num_services, PaymentMethod_Electronic check",72,89.85,6562.9,Two year,DSL,LOW,1.0,89.85,2.99,1089
0.029984051,0,"charge_per_service, TotalCharges, OnlineSecurity_Yes",42,99.0,4298.45,One year,Fiber optic,LOW,1.0,99.0,2.97,1091
0.008143432,0,"PaymentMethod_Electronic check, charge_per_service, TotalCharges",14,19.55,294.5,One year,No,LOW,18.421786120591584,360.15,2.93,1092
0.14329937,1,"PaymentMethod_Electronic check, DeviceProtection_Yes, StreamingMovies_Yes",44,20.4,905.55,Two year,No,LOW,1.0,20.4,2.92,1093
0.115025535,0,"PaymentMethod_Electronic check, num_services, Dependents",46,24.9,1174.8,One year,No,LOW,1.0,24.9,2.86,1094
0.11864176,0,"StreamingTV_Yes, num_services, DeviceProtection_Yes",69,23.95,1713.1,Two year,No,LOW,1.0,23.95,2.84,1095
0.0018431637,0,"Contract_Two year, charge_per_service, PaymentMethod_Electronic check",5,55.7,259.4,Month-to-month,DSL,LOW,27.421786120591584,1527.39,2.82,1096
0.0066434,0,"Contract_Two year, charge_per_service, PaymentMethod_Electronic check",23,44.95,996.85,Month-to-month,DSL,LOW,9.421786120591584,423.51,2.81,1097
0.061882548,0,"charge_per_service, PaymentMethod_Electronic check, Contract_One year",48,45.3,2145.0,Month-to-month,DSL,LOW,1.0,45.3,2.8,1098
0.0011148757,0,"Contract_Two year, charge_per_service, PaymentMethod_Electronic check",1,79.35,79.35,Month-to-month,Fiber optic,LOW,31.421786120591584,2493.32,2.78,1099
0.0043141493,0,"tenure, StreamingMovies_Yes, PaymentMethod_Electronic check",1,20.35,20.35,Month-to-month,No,LOW,31.421786120591584,639.43,2.76,1100
0.0023051966,0,"charge_per_service, Contract_Two year, tenure",3,40.3,92.5,Month-to-month,DSL,LOW,29.421786120591584,1185.7,2.73,1101
0.009915786,0,"charge_per_service, PaymentMethod_Electronic check, num_services",29,80.1,2211.8,Month-to-month,DSL,LOW,3.421786120591584,274.09,2.72,1102
0.017993793,0,"charge_per_service, PaymentMethod_Electronic check, MonthlyCharges",25,20.15,536.35,Month-to-month,No,LOW,7.421786120591584,149.55,2.69,1103
0.028049812,0,"charge_per_service, num_services, PaymentMethod_Electronic check",53,94.85,5000.2,One year,Fiber optic,LOW,1.0,94.85,2.66,1104
0.10932443,1,"StreamingMovies_Yes, StreamingTV_Yes, PaymentMethod_Electronic check",62,24.25,1424.6,Two year,No,LOW,1.0,24.25,2.65,1105
0.039712783,0,"charge_per_service, PaymentMethod_Electronic check, num_services",72,65.2,4784.45,Two year,DSL,LOW,1.0,65.2,2.59,1106
0.032510296,0,"Contract_Two year, PaymentMethod_Electronic check, charge_per_service",43,79.15,3566.6,Two year,DSL,LOW,1.0,79.15,2.57,1107
0.12781174,0,"charge_per_service, num_services, PaymentMethod_Electronic check",33,20.1,620.55,One year,No,LOW,1.0,20.1,2.57,1107
0.003521865,0,"num_services, Contract_Two year, charge_per_service",22,69.75,1545.4,Month-to-month,DSL,LOW,10.421786120591584,726.92,2.56,1109
0.1012253,0,"PaymentMethod_Electronic check, charge_per_service, TotalCharges",38,25.05,963.95,Two year,No,LOW,1.0,25.05,2.54,1110
0.0013399834,0,"charge_per_service, tenure, TotalCharges",3,64.4,195.65,Month-to-month,DSL,LOW,29.421786120591584,1894.76,2.54,1110
0.0255984,1,"PaymentMethod_Electronic check, num_services, Contract_One year",32,98.85,3145.9,Month-to-month,Fiber optic,LOW,1.0,98.85,2.53,1112
0.0039295238,1,"charge_per_service, Contract_Two year, tenure",1,20.45,20.45,Month-to-month,No,LOW,31.421786120591584,642.58,2.53,1112
0.024043575,0,"tenure, PaymentMethod_Electronic check, num_services",38,104.85,3887.25,One year,Fiber optic,LOW,1.0,104.85,2.52,1114
0.024293153,0,"charge_per_service, PaymentMethod_Electronic check, OnlineBackup_Yes",49,103.7,5036.3,Month-to-month,Fiber optic,LOW,1.0,103.7,2.52,1114
0.041307256,0,"TotalCharges, PaymentMethod_Electronic check, StreamingTV_Yes",36,60.7,2234.55,One year,DSL,LOW,1.0,60.7,2.51,1116
0.008368495,0,"num_services, tenure, Contract_Two year",27,54.75,1510.3,Month-to-month,DSL,LOW,5.421786120591584,296.84,2.48,1117
0.02787463,0,"Contract_Two year, num_services, charge_per_service",68,88.85,6132.7,Two year,DSL,LOW,1.0,88.85,2.48,1117
0.008343649,0,"PaymentMethod_Electronic check, charge_per_service, tenure",29,85.8,2440.25,Month-to-month,Fiber optic,LOW,3.421786120591584,293.59,2.45,1119
0.12599269,1,"PaymentMethod_Electronic check, StreamingMovies_Yes, charge_per_service",59,19.35,1099.6,Two year,No,LOW,1.0,19.35,2.44,1120
0.10004977,0,"PaymentMethod_Electronic check, TotalCharges, StreamingTV_Yes",71,24.25,1732.95,Two year,No,LOW,1.0,24.25,2.43,1121
0.003876816,0,"tenure, StreamingMovies_Yes, TotalCharges",23,66.25,1533.8,One year,DSL,LOW,9.421786120591584,624.19,2.42,1122
0.033060484,0,"tenure, num_services, Contract_Two year",41,73.0,3001.2,One year,DSL,LOW,1.0,73.0,2.41,1123
0.09532777,0,"PaymentMethod_Electronic check, StreamingMovies_Yes, DeviceProtection_Yes",46,24.95,1165.9,One year,No,LOW,1.0,24.95,2.38,1124
0.058250748,0,"charge_per_service, num_services, tenure",41,40.35,1677.85,Month-to-month,DSL,LOW,1.0,40.35,2.35,1125
0.0037522858,0,"TotalCharges, tenure, PaymentMethod_Electronic check",1,19.75,19.75,Month-to-month,No,LOW,31.421786120591584,620.58,2.33,1126
0.023418624,0,"charge_per_service, PaymentMethod_Electronic check, num_services",70,98.7,6858.9,Two year,Fiber optic,LOW,1.0,98.7,2.31,1127
0.113685325,0,"StreamingTV_Yes, tenure, PaymentMethod_Electronic check",72,20.25,1566.9,Two year,No,LOW,1.0,20.25,2.3,1128
0.020592285,0,"charge_per_service, PaymentMethod_Electronic check, OnlineBackup_Yes",48,111.45,5315.1,Month-to-month,Fiber optic,LOW,1.0,111.45,2.3,1128
0.1161175,1,"MonthlyCharges, num_services, PaymentMethod_Electronic check",40,19.6,808.95,Two year,No,LOW,1.0,19.6,2.28,1130
0.020344932,0,"tenure, num_services, DeviceProtection_Yes",72,110.3,7966.9,Two year,Fiber optic,LOW,1.0,110.3,2.24,1131
0.1150059,0,"PaymentMethod_Electronic check, StreamingTV_Yes, DeviceProtection_Yes",48,19.25,855.1,Two year,No,LOW,1.0,19.25,2.21,1132
0.019390907,0,"charge_per_service, MonthlyCharges, num_services",31,79.2,2497.2,Two year,DSL,LOW,1.4217861205915838,112.61,2.18,1133
0.032175254,0,"charge_per_service, PaymentMethod_Electronic check, num_services",34,67.65,2339.3,Two year,DSL,LOW,1.0,67.65,2.18,1133
0.0030502193,0,"TotalCharges, tenure, StreamingTV_Yes",23,75.4,1643.55,Month-to-month,Fiber optic,LOW,9.421786120591584,710.4,2.17,1135
0.0062442794,0,"tenure, Contract_Two year, num_services",15,19.75,311.6,Month-to-month,No,LOW,17.421786120591584,344.08,2.15,1136
0.023679696,0,"charge_per_service, PaymentMethod_Electronic check, num_services",72,89.85,6697.35,Two year,DSL,LOW,1.0,89.85,2.13,1137
0.026804,0,"charge_per_service, PaymentMethod_Electronic check, OnlineBackup_Yes",42,79.35,3344.1,Month-to-month,Fiber optic,LOW,1.0,79.35,2.13,1137
0.10429598,0,"PaymentMethod_Electronic check, StreamingTV_Yes, StreamingMovies_Yes",66,20.35,1359.5,One year,No,LOW,1.0,20.35,2.12,1139
0.0020859274,0,"num_services, charge_per_service, Contract_Two year",14,55.0,771.95,Month-to-month,DSL,LOW,18.421786120591584,1013.2,2.11,1140
0.1058516,0,"num_services, TotalCharges, DeviceProtection_Yes",35,19.85,739.35,Two year,No,LOW,1.0,19.85,2.1,1141
0.018998226,1,"charge_per_service, OnlineBackup_Yes, StreamingTV_Yes",51,110.05,5686.4,One year,Fiber optic,LOW,1.0,110.05,2.09,1142
0.018144049,0,"num_services, Contract_Two year, charge_per_service",72,114.85,8317.95,Two year,Fiber optic,LOW,1.0,114.85,2.08,1143
0.009843469,0,"Contract_Two year, PaymentMethod_Electronic check, charge_per_service",22,20.05,417.0,One year,No,LOW,10.421786120591584,208.96,2.06,1144
0.0012991336,0,"tenure, PaymentMethod_Electronic check, StreamingTV_Yes",10,70.15,735.5,Month-to-month,Fiber optic,LOW,22.421786120591584,1572.89,2.04,1145
0.021547591,0,"num_services, PaymentMethod_Electronic check, charge_per_service",60,94.4,5610.25,One year,Fiber optic,LOW,1.0,94.4,2.03,1146
0.0182612,0,"charge_per_service, tenure, MonthlyCharges",59,110.15,6448.05,One year,Fiber optic,LOW,1.0,110.15,2.01,1147
0.003357486,0,"tenure, num_services, Contract_Two year",13,30.85,394.1,Month-to-month,DSL,LOW,19.421786120591584,599.16,2.01,1147
0.03348671,0,"charge_per_service, PaymentMethod_Electronic check, StreamingMovies_Yes",57,58.75,3437.45,Month-to-month,DSL,LOW,1.0,58.75,1.97,1149
0.08004924,1,"PaymentMethod_Electronic check, PaymentMethod_Credit card (automatic), TotalCharges",64,24.4,1601.2,One year,No,LOW,1.0,24.4,1.95,1150
0.026975606,0,"charge_per_service, PaymentMethod_Electronic check, num_services",43,71.9,3173.35,One year,DSL,LOW,1.0,71.9,1.94,1151
0.022801492,0,"Contract_Two year, TotalCharges, charge_per_service",64,84.3,5289.05,One year,Fiber optic,LOW,1.0,84.3,1.92,1152
0.046589397,0,"Contract_Two year, num_services, OnlineBackup_Yes",59,41.05,2452.7,Month-to-month,DSL,LOW,1.0,41.05,1.91,1153
0.089609966,0,"charge_per_service, InternetService_Fiber optic, PaymentMethod_Electronic check",52,21.0,1107.2,Two year,No,LOW,1.0,21.0,1.88,1154
0.0028017648,0,"tenure, Contract_Two year, num_services",10,29.6,299.05,Two year,DSL,LOW,22.421786120591584,663.68,1.86,1155
0.023692627,0,"charge_per_service, PaymentMethod_Electronic check, num_services",34,78.3,2564.3,Month-to-month,Fiber optic,LOW,1.0,78.3,1.86,1155
0.0011861603,0,"tenure, Contract_Two year, TotalCharges",13,79.25,1111.65,Month-to-month,Fiber optic,LOW,19.421786120591584,1539.18,1.83,1157
0.005409414,0,"tenure, PaymentMethod_Electronic check, PaymentMethod_Credit card (automatic)",15,19.45,340.85,Month-to-month,No,LOW,17.421786120591584,338.85,1.83,1157
0.0010299736,0,"tenure, TotalCharges, Contract_Two year",15,100.15,1415.0,Month-to-month,Fiber optic,LOW,17.421786120591584,1744.79,1.8,1159
0.019539263,0,"Contract_Two year, num_services, PaymentMethod_Electronic check",35,91.5,3236.35,Month-to-month,Fiber optic,LOW,1.0,91.5,1.79,1161
0.08994404,0,"PaymentMethod_Electronic check, PaymentMethod_Credit card (automatic), StreamingMovies_Yes",59,19.85,1188.25,Two year,No,LOW,1.0,19.85,1.79,1161
0.07420429,0,"StreamingTV_Yes, PaymentMethod_Electronic check, charge_per_service",61,24.1,1551.6,Two year,No,LOW,1.0,24.1,1.79,1161
0.023953404,0,"Contract_Two year, num_services, charge_per_service",60,74.85,4456.35,One year,DSL,LOW,1.0,74.85,1.79,1161
0.001977216,0,"charge_per_service, Contract_Two year, MonthlyCharges",12,43.65,526.95,Month-to-month,DSL,LOW,20.421786120591584,891.41,1.76,1165
0.018536009,0,"Contract_Two year, PaymentMethod_Electronic check, num_services",47,94.9,4615.25,One year,Fiber optic,LOW,1.0,94.9,1.76,1165
0.075474456,0,"charge_per_service, Contract_Two year, num_services",35,23.3,797.1,Two year,No,LOW,1.0,23.3,1.76,1165
0.001724831,0,"charge_per_service, Contract_Two year, TotalCharges",17,65.75,1111.2,Month-to-month,DSL,LOW,15.421786120591584,1013.98,1.75,1167
0.0027312601,0,"charge_per_service, Contract_Two year, TotalCharges",1,20.05,20.05,Month-to-month,No,LOW,31.421786120591584,630.01,1.72,1168
0.0035467192,1,"PaymentMethod_Electronic check, TotalCharges, charge_per_service",24,57.6,1367.75,One year,DSL,LOW,8.421786120591584,485.09,1.72,1168
0.0831544,0,"OnlineBackup_Yes, StreamingMovies_Yes, PaymentMethod_Electronic check",63,20.5,1328.15,One year,No,LOW,1.0,20.5,1.7,1170
0.001241251,0,"tenure, charge_per_service, Contract_Two year",2,44.35,81.25,Month-to-month,DSL,LOW,30.421786120591584,1349.21,1.67,1171
0.002002771,0,"Contract_Two year, charge_per_service, tenure",18,56.8,1074.65,Month-to-month,DSL,LOW,14.421786120591584,819.16,1.64,1172
0.015989479,0,"PaymentMethod_Electronic check, StreamingMovies_Yes, InternetService_Fiber optic",49,100.85,4847.35,Month-to-month,Fiber optic,LOW,1.0,100.85,1.61,1173
0.022886727,0,"PaymentMethod_Electronic check, StreamingTV_Yes, TotalCharges",32,69.75,2347.9,Month-to-month,Fiber optic,LOW,1.0,69.75,1.6,1174
0.02810811,0,"StreamingTV_Yes, tenure, TotalCharges",55,56.8,3112.05,Two year,DSL,LOW,1.0,56.8,1.6,1174
0.0662743,1,"charge_per_service, PaymentMethod_Electronic check, StreamingTV_Yes",71,23.95,1756.2,Two year,No,LOW,1.0,23.95,1.59,1176
0.0009615619,0,"tenure, Contract_Two year, PaymentMethod_Electronic check",7,64.3,445.95,Month-to-month,DSL,LOW,25.421786120591584,1634.62,1.57,1177
0.0038590005,0,"tenure, StreamingTV_Yes, PaymentMethod_Electronic check",12,19.35,219.35,One year,No,LOW,20.421786120591584,395.16,1.52,1178
0.008202665,0,"Contract_Two year, PaymentMethod_Electronic check, StreamingTV_Yes",23,19.5,470.2,Month-to-month,No,LOW,9.421786120591584,183.72,1.51,1179
0.0005167351,0,"tenure, Contract_Two year, charge_per_service",4,101.15,385.9,Month-to-month,Fiber optic,LOW,28.421786120591584,2874.86,1.49,1180
0.002204469,1,"charge_per_service, PaymentMethod_Electronic check, num_services",12,33.15,444.75,One year,DSL,LOW,20.421786120591584,676.98,1.49,1180
0.024095029,0,"Contract_Two year, charge_per_service, PaymentMethod_Electronic check",51,60.15,3077.0,One year,DSL,LOW,1.0,60.15,1.45,1182
0.020744314,0,"StreamingMovies_Yes, PaymentMethod_Electronic check, DeviceProtection_Yes",50,69.5,3418.2,Two year,DSL,LOW,1.0,69.5,1.44,1183
0.015918294,0,"PaymentMethod_Electronic check, Contract_Two year, num_services",68,89.6,6127.6,Month-to-month,Fiber optic,LOW,1.0,89.6,1.43,1184
0.00081680657,0,"tenure, charge_per_service, num_services",13,88.95,1161.75,Two year,DSL,LOW,19.421786120591584,1727.57,1.41,1185
0.0024037894,0,"Contract_Two year, charge_per_service, PaymentMethod_Electronic check",16,35.5,552.7,Month-to-month,DSL,LOW,16.421786120591584,582.97,1.4,1186
0.004287884,0,"charge_per_service, Contract_Two year, tenure",16,19.75,284.35,Two year,No,LOW,16.421786120591584,324.33,1.39,1187
0.012384729,1,"PaymentMethod_Electronic check, num_services, OnlineBackup_Yes",68,110.0,7611.85,Two year,Fiber optic,LOW,1.0,110.0,1.36,1188
0.0006546336,0,"charge_per_service, TotalCharges, tenure",7,78.55,522.95,Month-to-month,Fiber optic,LOW,25.421786120591584,1996.88,1.31,1189
0.042749822,0,"StreamingTV_Yes, num_services, OnlineBackup_Yes",44,30.35,1359.7,Month-to-month,DSL,LOW,1.0,30.35,1.3,1190
0.0009021118,0,"tenure, Contract_Two year, PaymentMethod_Electronic check",13,74.3,940.35,Month-to-month,Fiber optic,LOW,19.421786120591584,1443.04,1.3,1190
0.015089293,0,"charge_per_service, PaymentMethod_Electronic check, num_services",51,85.5,4421.95,Two year,DSL,LOW,1.0,85.5,1.29,1192
0.013926802,0,"charge_per_service, PaymentMethod_Electronic check, Contract_One year",43,92.55,4039.0,Month-to-month,Fiber optic,LOW,1.0,92.55,1.29,1192
0.00055127725,0,"charge_per_service, Contract_Two year, PaymentMethod_Electronic check",8,94.75,759.55,Month-to-month,Fiber optic,LOW,24.421786120591584,2313.96,1.28,1195
0.011053015,0,"Contract_Two year, charge_per_service, PaymentMethod_Electronic check",72,115.8,8476.5,Two year,Fiber optic,LOW,1.0,115.8,1.28,1195
0.0010892698,0,"Contract_Two year, PaymentMethod_Electronic check, tenure",20,94.55,1899.65,Month-to-month,Fiber optic,LOW,12.421786120591584,1174.48,1.28,1195
0.018285906,0,"num_services, MonthlyCharges, tenure",72,69.65,4908.25,Two year,DSL,LOW,1.0,69.65,1.27,1197
0.0023219923,0,"tenure, Contract_Two year, num_services",6,20.2,98.35,Month-to-month,No,LOW,26.421786120591584,533.72,1.24,1198
0.06001368,1,"charge_per_service, PaymentMethod_Electronic check, PaymentMethod_Credit card (automatic)",48,20.65,1057.0,Two year,No,LOW,1.0,20.65,1.24,1198
0.0006967281,0,"tenure, Contract_Two year, TotalCharges",7,69.7,516.15,Month-to-month,DSL,LOW,25.421786120591584,1771.9,1.23,1200
0.0011752773,0,"tenure, TotalCharges, PaymentMethod_Electronic check",21,90.05,1862.9,Month-to-month,Fiber optic,LOW,11.421786120591584,1028.53,1.21,1201
0.007535478,0,"num_services, tenure, Contract_Two year",28,35.9,973.65,Month-to-month,DSL,LOW,4.421786120591584,158.74,1.2,1202
0.018669821,0,"PaymentMethod_Electronic check, StreamingTV_Yes, TotalCharges",61,64.05,3902.6,One year,DSL,LOW,1.0,64.05,1.2,1202
0.014001592,0,"charge_per_service, PaymentMethod_Electronic check, num_services",54,84.4,4484.05,One year,Fiber optic,LOW,1.0,84.4,1.18,1204
0.0018255902,0,"tenure, Contract_Two year, StreamingMovies_Yes",1,20.2,20.2,Month-to-month,No,LOW,31.421786120591584,634.72,1.16,1205
0.0061881174,0,"Contract_Two year, tenure, num_services",30,74.75,2111.3,Month-to-month,DSL,LOW,2.421786120591584,181.03,1.12,1206
0.00664656,0,"charge_per_service, PaymentMethod_Electronic check, num_services",27,30.75,805.1,Month-to-month,DSL,LOW,5.421786120591584,166.72,1.11,1207
0.0030208994,0,"charge_per_service, Contract_Two year, PaymentMethod_Electronic check",28,81.05,2227.1,Month-to-month,Fiber optic,LOW,4.421786120591584,358.39,1.08,1208
0.0098339785,0,"tenure, PaymentMethod_Electronic check, charge_per_service",27,20.25,538.2,Two year,No,LOW,5.421786120591584,109.79,1.08,1208
0.017197208,0,"tenure, Contract_Two year, num_services",35,61.2,2021.2,One year,DSL,LOW,1.0,61.2,1.05,1210
0.0008787736,0,"Contract_Two year, tenure, TotalCharges",1,35.55,35.55,Month-to-month,DSL,LOW,31.421786120591584,1117.04,0.98,1211
0.008395334,0,"Contract_Two year, charge_per_service, num_services",72,114.95,8196.4,Two year,Fiber optic,LOW,1.0,114.95,0.97,1212
0.008633532,0,"Contract_Two year, PaymentMethod_Electronic check, charge_per_service",46,110.0,4874.8,One year,Fiber optic,LOW,1.0,110.0,0.95,1213
0.008152669,0,"Contract_Two year, charge_per_service, PaymentMethod_Electronic check",61,115.1,7008.15,Two year,Fiber optic,LOW,1.0,115.1,0.94,1214
0.001001304,0,"Contract_Two year, charge_per_service, PaymentMethod_Electronic check",1,29.85,29.85,Month-to-month,DSL,LOW,31.421786120591584,937.94,0.94,1214
0.014420217,0,"charge_per_service, StreamingTV_Yes, num_services",69,64.15,4254.1,Two year,DSL,LOW,1.0,64.15,0.93,1217
0.01520594,0,"charge_per_service, num_services, Contract_Two year",33,60.9,2033.85,Month-to-month,DSL,LOW,1.0,60.9,0.93,1217
0.009276388,0,"tenure, PaymentMethod_Electronic check, PaymentMethod_Credit card (automatic)",71,100.45,7159.7,Two year,Fiber optic,LOW,1.0,100.45,0.93,1217
0.009301941,0,"PaymentMethod_Electronic check, charge_per_service, num_services",56,99.9,5706.3,Two year,Fiber optic,LOW,1.0,99.9,0.93,1217
0.0092199445,0,"TotalCharges, charge_per_service, PaymentMethod_Electronic check",32,99.55,3204.65,Month-to-month,Fiber optic,LOW,1.0,99.55,0.92,1220
0.01024293,0,"charge_per_service, num_services, PaymentMethod_Electronic check",39,86.3,3266.0,Month-to-month,Fiber optic,LOW,1.0,86.3,0.88,1221
0.009847141,0,"charge_per_service, num_services, MonthlyCharges",72,89.8,6510.45,Two year,DSL,LOW,1.0,89.8,0.88,1221
0.008829384,0,"charge_per_service, PaymentMethod_Electronic check, num_services",35,99.05,3395.8,Month-to-month,Fiber optic,LOW,1.0,99.05,0.87,1224
0.002584303,0,"charge_per_service, Contract_Two year, PaymentMethod_Electronic check",15,19.4,289.3,Month-to-month,No,LOW,17.421786120591584,337.98,0.87,1224
0.033696044,0,"charge_per_service, PaymentMethod_Electronic check, MonthlyCharges",43,25.7,1188.2,Two year,No,LOW,1.0,25.7,0.87,1224
0.00055538915,0,"tenure, PaymentMethod_Electronic check, TotalCharges",1,49.05,49.05,Month-to-month,DSL,LOW,31.421786120591584,1541.24,0.86,1227
0.00034988995,0,"Contract_Two year, charge_per_service, tenure",2,80.45,137.1,Month-to-month,Fiber optic,LOW,30.421786120591584,2447.43,0.86,1227
0.007888098,0,"num_services, tenure, MonthlyCharges",50,108.55,5610.7,One year,Fiber optic,LOW,1.0,108.55,0.86,1227
0.008087761,0,"charge_per_service, PaymentMethod_Electronic check, num_services",40,104.8,4131.95,Month-to-month,Fiber optic,LOW,1.0,104.8,0.85,1229
0.013064389,0,"charge_per_service, PaymentMethod_Electronic check, num_services",70,65.2,4543.15,One year,DSL,LOW,1.0,65.2,0.85,1229
0.015347871,0,"num_services, PaymentMethod_Electronic check, TotalCharges",68,54.45,3687.75,Month-to-month,DSL,LOW,1.0,54.45,0.84,1231
0.010834897,0,"tenure, StreamingTV_Yes, Contract_Two year",37,76.5,2868.15,Month-to-month,Fiber optic,LOW,1.0,76.5,0.83,1232
0.009378524,0,"PaymentMethod_Electronic check, TotalCharges, num_services",66,89.0,5898.6,One year,Fiber optic,LOW,1.0,89.0,0.83,1232
0.012613494,0,"tenure, StreamingMovies_Yes, PaymentMethod_Electronic check",60,64.75,4039.5,One year,DSL,LOW,1.0,64.75,0.82,1234
0.0052414043,0,"Contract_Two year, PaymentMethod_Electronic check, PaymentMethod_Credit card (automatic)",30,64.5,1929.95,One year,DSL,LOW,2.421786120591584,156.21,0.82,1234
0.013536765,0,"charge_per_service, MonthlyCharges, num_services",72,60.0,4264.0,Two year,DSL,LOW,1.0,60.0,0.81,1236
0.014529112,0,"num_services, PaymentMethod_Electronic check, PaymentMethod_Credit card (automatic)",46,55.0,2473.95,Month-to-month,DSL,LOW,1.0,55.0,0.8,1237
0.0080877645,0,"charge_per_service, StreamingMovies_Yes, DeviceProtection_Yes",72,98.2,7015.9,Two year,Fiber optic,LOW,1.0,98.2,0.79,1238
0.038175166,0,"tenure, StreamingTV_Yes, TotalCharges",41,20.25,865.0,One year,No,LOW,1.0,20.25,0.77,1240
0.016934644,0,"charge_per_service, PaymentMethod_Electronic check, num_services",58,45.3,2651.2,Month-to-month,DSL,LOW,1.0,45.3,0.77,1240
0.0071176603,0,"tenure, StreamingTV_Yes, PaymentMethod_Electronic check",65,108.05,7118.9,One year,Fiber optic,LOW,1.0,108.05,0.77,1240
0.008140745,0,"num_services, tenure, Contract_Two year",56,93.15,5253.95,One year,Fiber optic,LOW,1.0,93.15,0.76,1242
0.009826784,0,"StreamingMovies_Yes, MonthlyCharges, PaymentMethod_Electronic check",32,75.5,2324.7,Month-to-month,Fiber optic,LOW,1.0,75.5,0.74,1243
0.00036526966,0,"tenure, charge_per_service, Contract_Two year",7,79.3,523.15,Month-to-month,Fiber optic,LOW,25.421786120591584,2015.95,0.74,1243
0.0069317315,0,"charge_per_service, Contract_Two year, num_services",43,104.6,4759.85,Two year,Fiber optic,LOW,1.0,104.6,0.73,1246
0.012227509,0,"StreamingTV_Yes, num_services, StreamingMovies_Yes",47,59.6,2754.0,Two year,DSL,LOW,1.0,59.6,0.73,1246
0.010353763,0,"tenure, num_services, MonthlyCharges",71,70.85,4973.4,Two year,DSL,LOW,1.0,70.85,0.73,1246
0.036663834,0,"PaymentMethod_Electronic check, num_services, tenure",69,19.75,1375.4,Two year,No,LOW,1.0,19.75,0.72,1248
0.036110025,0,"StreamingTV_Yes, TotalCharges, PaymentMethod_Electronic check",71,19.9,1355.1,Two year,No,LOW,1.0,19.9,0.72,1248
0.008853646,0,"tenure, PaymentMethod_Electronic check, StreamingTV_Yes",36,79.2,2854.95,Month-to-month,DSL,LOW,1.0,79.2,0.7,1250
0.009794882,0,"charge_per_service, PaymentMethod_Electronic check, num_services",50,69.75,3557.7,Month-to-month,Fiber optic,LOW,1.0,69.75,0.68,1251
0.0008567333,0,"tenure, Contract_Two year, PaymentMethod_Electronic check",1,24.8,24.8,Month-to-month,DSL,LOW,31.421786120591584,779.26,0.67,1252
0.00578593,0,"tenure, num_services, Contract_Two year",67,111.25,7511.65,One year,Fiber optic,LOW,1.0,111.25,0.64,1254
0.0055645127,0,"tenure, Contract_Two year, num_services",68,114.7,7849.85,Two year,Fiber optic,LOW,1.0,114.7,0.64,1254
0.0017758141,0,"tenure, num_services, Contract_Two year",15,20.55,295.95,One year,No,LOW,17.421786120591584,358.02,0.64,1254
0.0009697104,0,"charge_per_service, Contract_Two year, PaymentMethod_Electronic check",1,20.65,20.65,Month-to-month,No,LOW,31.421786120591584,648.86,0.63,1256
0.01137263,0,"charge_per_service, Contract_Two year, num_services",33,54.65,1665.2,Month-to-month,DSL,LOW,1.0,54.65,0.62,1257
0.015749685,0,"charge_per_service, TotalCharges, PaymentMethod_Electronic check",62,39.0,2337.45,Two year,DSL,LOW,1.0,39.0,0.61,1259
0.008879199,0,"charge_per_service, num_services, tenure",72,68.75,4888.2,Two year,DSL,LOW,1.0,68.75,0.61,1259
0.0008483697,0,"Contract_Two year, tenure, charge_per_service",22,69.25,1554.0,Month-to-month,Fiber optic,LOW,10.421786120591584,721.71,0.61,1259
0.0059024673,0,"StreamingMovies_Yes, PaymentMethod_Electronic check, Contract_One year",64,102.45,6654.1,One year,Fiber optic,LOW,1.0,102.45,0.6,1261
0.00058011996,0,"charge_per_service, tenure, Contract_Two year",20,82.4,1592.35,Month-to-month,Fiber optic,LOW,12.421786120591584,1023.56,0.59,1262
0.0014485498,0,"tenure, PaymentMethod_Electronic check, Contract_Two year",27,75.2,1929.35,Month-to-month,Fiber optic,LOW,5.421786120591584,407.72,0.59,1262
0.0011267731,0,"Contract_Two year, charge_per_service, PaymentMethod_Electronic check",18,35.0,553.0,Month-to-month,DSL,LOW,14.421786120591584,504.76,0.57,1264
0.027920796,0,"Contract_Two year, MonthlyCharges, PaymentMethod_Electronic check",32,19.75,624.15,One year,No,LOW,1.0,19.75,0.55,1265
0.0056650257,0,"tenure, Contract_Two year, num_services",46,94.9,4422.95,One year,Fiber optic,LOW,1.0,94.9,0.54,1266
0.018498758,0,"PaymentMethod_Electronic check, StreamingTV_Yes, charge_per_service",31,20.4,609.1,Two year,No,LOW,1.4217861205915838,29.0,0.54,1266
0.00080745324,0,"tenure, Contract_Two year, charge_per_service",1,20.8,20.8,Month-to-month,No,LOW,31.421786120591584,653.57,0.53,1269
0.0043041776,0,"Contract_Two year, PaymentMethod_Electronic check, charge_per_service",26,19.3,504.2,One year,No,LOW,6.421786120591584,123.94,0.53,1269
0.00022998908,0,"Contract_Two year, charge_per_service, PaymentMethod_Electronic check",7,90.45,593.45,Month-to-month,Fiber optic,LOW,25.421786120591584,2299.4,0.53,1269
0.005912097,0,"PaymentMethod_Electronic check, tenure, StreamingTV_Yes",35,89.85,3161.2,Month-to-month,Fiber optic,LOW,1.0,89.85,0.53,1269
0.005474784,0,"tenure, PaymentMethod_Electronic check, PaymentMethod_Credit card (automatic)",53,95.85,5016.25,One year,Fiber optic,LOW,1.0,95.85,0.52,1272
0.00042738245,0,"tenure, Contract_Two year, TotalCharges",3,41.15,132.2,Month-to-month,DSL,LOW,29.421786120591584,1210.71,0.52,1272
0.025590327,0,"PaymentMethod_Electronic check, OnlineSecurity_Yes, TotalCharges",37,19.85,784.25,Two year,No,LOW,1.0,19.85,0.51,1274
0.020668702,1,"tenure, StreamingTV_Yes, num_services",64,24.7,1642.75,One year,No,LOW,1.0,24.7,0.51,1274
0.00091837515,0,"charge_per_service, Contract_Two year, PaymentMethod_Electronic check",6,20.7,112.75,Month-to-month,No,LOW,26.421786120591584,546.93,0.5,1276
0.0147625385,0,"PaymentMethod_Electronic check, charge_per_service, num_services",45,34.2,1596.6,One year,DSL,LOW,1.0,34.2,0.5,1276
0.00025805956,0,"tenure, charge_per_service, Contract_Two year",10,85.25,855.3,Month-to-month,Fiber optic,LOW,22.421786120591584,1911.46,0.49,1279
0.011039497,0,"Contract_Two year, tenure, PaymentMethod_Electronic check",70,44.6,3058.15,Two year,DSL,LOW,1.0,44.6,0.49,1279
0.006525077,0,"Contract_Two year, PaymentMethod_Electronic check, tenure",36,75.55,2680.15,One year,DSL,LOW,1.0,75.55,0.49,1279
0.019355085,0,"PaymentMethod_Electronic check, tenure, InternetService_Fiber optic",63,24.65,1574.5,Two year,No,LOW,1.0,24.65,0.48,1281
0.022965768,0,"PaymentMethod_Electronic check, num_services, charge_per_service",49,20.15,973.35,Two year,No,LOW,1.0,20.15,0.46,1282
0.00071022555,0,"Contract_Two year, tenure, charge_per_service",3,20.85,60.65,Month-to-month,No,LOW,29.421786120591584,613.44,0.44,1284
0.00020717175,0,"tenure, charge_per_service, Contract_Two year",2,70.35,139.05,Month-to-month,Fiber optic,LOW,30.421786120591584,2140.17,0.44,1284
0.0039437185,0,"charge_per_service, PaymentMethod_Electronic check, tenure",72,112.25,8041.65,Two year,Fiber optic,LOW,1.0,112.25,0.44,1284
0.005286452,1,"charge_per_service, num_services, PaymentMethod_Electronic check",33,80.6,2656.5,Month-to-month,Fiber optic,LOW,1.0,80.6,0.43,1286
0.004972226,0,"charge_per_service, num_services, TotalCharges",72,84.5,6130.85,Two year,Fiber optic,LOW,1.0,84.5,0.42,1287
0.00072484714,0,"tenure, PaymentMethod_Electronic check, TotalCharges",9,24.6,190.1,Month-to-month,DSL,LOW,23.421786120591584,576.18,0.42,1287
0.0013475136,0,"charge_per_service, Contract_Two year, PaymentMethod_Electronic check",24,35.75,830.8,Two year,DSL,LOW,8.421786120591584,301.08,0.41,1289
0.004708909,0,"charge_per_service, PaymentMethod_Electronic check, num_services",72,84.45,5899.85,Two year,DSL,LOW,1.0,84.45,0.4,1290
0.015685977,0,"charge_per_service, PaymentMethod_Electronic check, num_services",48,24.55,1203.95,One year,No,LOW,1.0,24.55,0.39,1291
0.0034325388,0,"tenure, StreamingMovies_Yes, TotalCharges",59,111.35,6519.75,Month-to-month,Fiber optic,LOW,1.0,111.35,0.38,1292
0.00019377736,0,"TotalCharges, Contract_Two year, tenure",10,86.05,834.1,Month-to-month,Fiber optic,LOW,22.421786120591584,1929.39,0.37,1293
0.0039898767,0,"charge_per_service, Contract_Two year, PaymentMethod_Electronic check",72,92.0,6782.15,Two year,DSL,LOW,1.0,92.0,0.37,1293
0.004166147,0,"charge_per_service, num_services, PaymentMethod_Electronic check",59,85.55,5084.65,One year,Fiber optic,LOW,1.0,85.55,0.36,1295
0.0030185478,0,"tenure, charge_per_service, StreamingMovies_Yes",70,115.55,8127.6,One year,Fiber optic,LOW,1.0,115.55,0.35,1297
0.00035737752,0,"Contract_Two year, charge_per_service, tenure",22,95.1,2162.6,Month-to-month,Fiber optic,LOW,10.421786120591584,991.11,0.35,1297
0.0043244623,0,"Contract_Two year, charge_per_service, TotalCharges",70,80.6,5460.2,Two year,DSL,LOW,1.0,80.6,0.35,1297
0.0029652105,0,"Contract_Two year, charge_per_service, PaymentMethod_Electronic check",72,112.4,8046.85,Two year,Fiber optic,LOW,1.0,112.4,0.33,1299
0.005927607,0,"charge_per_service, Contract_Two year, PaymentMethod_Electronic check",64,54.6,3423.5,Two year,DSL,LOW,1.0,54.6,0.32,1300
0.004627429,0,"charge_per_service, Contract_Two year, PaymentMethod_Electronic check",70,69.2,4872.35,Two year,DSL,LOW,1.0,69.2,0.32,1300
0.0036679946,0,"tenure, PaymentMethod_Electronic check, Contract_Two year",32,83.7,2633.3,One year,DSL,LOW,1.0,83.7,0.31,1302
0.003305756,0,"PaymentMethod_Electronic check, TotalCharges, charge_per_service",50,93.5,4747.5,Month-to-month,Fiber optic,LOW,1.0,93.5,0.31,1302
0.0035107858,0,"Contract_Two year, charge_per_service, num_services",47,86.05,3865.6,Month-to-month,Fiber optic,LOW,1.0,86.05,0.3,1305
0.011716309,0,"num_services, Contract_Two year, charge_per_service",62,25.8,1563.95,Two year,No,LOW,1.0,25.8,0.3,1305
0.0056348825,0,"tenure, Contract_Two year, num_services",39,53.85,2200.7,Two year,DSL,LOW,1.0,53.85,0.3,1305
0.0027702923,0,"charge_per_service, tenure, num_services",27,19.15,537.35,Month-to-month,No,LOW,5.421786120591584,103.83,0.29,1308
0.0033933406,0,"TotalCharges, tenure, charge_per_service",62,86.1,5215.25,Two year,DSL,LOW,1.0,86.1,0.29,1308
0.00046545613,0,"tenure, charge_per_service, Contract_Two year",1,20.05,20.05,Month-to-month,No,LOW,31.421786120591584,630.01,0.29,1308
0.014200275,0,"charge_per_service, num_services, MonthlyCharges",70,19.8,1397.65,Two year,No,LOW,1.0,19.8,0.28,1310
0.011041913,0,"tenure, PaymentMethod_Electronic check, charge_per_service",70,24.7,1685.9,Two year,No,LOW,1.0,24.7,0.27,1311
0.0031824172,0,"Contract_Two year, charge_per_service, PaymentMethod_Electronic check",66,84.0,5714.25,Two year,DSL,LOW,1.0,84.0,0.27,1311
0.00040801745,0,"charge_per_service, PaymentMethod_Electronic check, num_services",1,20.0,20.0,Month-to-month,No,LOW,31.421786120591584,628.44,0.26,1314
0.00031153788,0,"tenure, Contract_Two year, PaymentMethod_Electronic check",18,57.45,990.85,Month-to-month,DSL,LOW,14.421786120591584,828.53,0.26,1314
0.00045870102,0,"tenure, Contract_Two year, charge_per_service",5,20.5,104.3,Month-to-month,No,LOW,27.421786120591584,562.15,0.26,1314
0.0025344603,0,"Contract_Two year, tenure, charge_per_service",45,99.7,4634.35,Two year,Fiber optic,LOW,1.0,99.7,0.25,1316
0.00348061,0,"Contract_Two year, charge_per_service, PaymentMethod_Electronic check",38,70.6,2708.2,One year,DSL,LOW,1.0,70.6,0.25,1316
0.0031380025,0,"Contract_Two year, charge_per_service, PaymentMethod_Electronic check",35,76.05,2747.2,Month-to-month,DSL,LOW,1.0,76.05,0.24,1318
0.0034424572,0,"Contract_Two year, charge_per_service, PaymentMethod_Electronic check",58,66.8,3970.4,Month-to-month,DSL,LOW,1.0,66.8,0.23,1320
0.009328181,0,"charge_per_service, Contract_Two year, PaymentMethod_Electronic check",66,25.1,1697.7,Two year,No,LOW,1.0,25.1,0.23,1320
0.0031482067,0,"charge_per_service, tenure, num_services",40,74.55,3015.75,Month-to-month,DSL,LOW,1.0,74.55,0.23,1320
0.0089766905,0,"PaymentMethod_Electronic check, PaymentMethod_Credit card (automatic), Contract_Two year",52,25.05,1270.25,Two year,No,LOW,1.0,25.05,0.22,1323
0.0003268216,0,"num_services, Contract_Two year, charge_per_service",24,79.85,2001.0,Month-to-month,Fiber optic,LOW,8.421786120591584,672.48,0.22,1323
0.00042097713,0,"tenure, TotalCharges, Contract_Two year",6,19.65,100.9,Month-to-month,No,LOW,26.421786120591584,519.19,0.22,1323
0.010448305,0,"num_services, Contract_Two year, charge_per_service",68,20.5,1424.9,Two year,No,LOW,1.0,20.5,0.21,1325
0.0074798944,0,"charge_per_service, Contract_Two year, TotalCharges",60,25.0,1505.05,Two year,No,LOW,1.0,25.0,0.19,1328
0.009107331,0,"tenure, PaymentMethod_Electronic check, StreamingMovies_Yes",42,20.75,844.45,Two year,No,LOW,1.0,20.75,0.19,1328
0.0026881823,0,"tenure, Contract_Two year, charge_per_service",37,70.35,2552.9,Month-to-month,Fiber optic,LOW,1.0,70.35,0.19,1328
0.0017090124,0,"charge_per_service, PaymentMethod_Electronic check, num_services",45,113.3,5032.25,One year,Fiber optic,LOW,1.0,113.3,0.19,1328
0.0025812846,0,"Contract_Two year, charge_per_service, PaymentMethod_Electronic check",56,73.25,4054.2,Two year,DSL,LOW,1.0,73.25,0.19,1328
0.0019589392,0,"Contract_Two year, PaymentMethod_Electronic check, tenure",60,90.95,5453.4,One year,Fiber optic,LOW,1.0,90.95,0.18,1331
0.00039115408,0,"Contract_Two year, charge_per_service, tenure",22,43.75,903.6,One year,DSL,LOW,10.421786120591584,455.95,0.18,1331
0.0016119834,0,"charge_per_service, Contract_Two year, num_services",55,103.7,5656.75,One year,Fiber optic,LOW,1.0,103.7,0.17,1335
0.0015848941,0,"Contract_Two year, charge_per_service, PaymentMethod_Electronic check",72,108.5,8003.8,One year,Fiber optic,LOW,1.0,108.5,0.17,1335
0.0021046314,0,"Contract_Two year, charge_per_service, num_services",52,79.75,4217.8,Two year,DSL,LOW,1.0,79.75,0.17,1335
0.008765712,0,"charge_per_service, Contract_Two year, OnlineBackup_Yes",72,19.4,1496.45,Two year,No,LOW,1.0,19.4,0.17,1335
0.001957916,0,"tenure, PaymentMethod_Electronic check, StreamingTV_Yes",46,89.15,4245.55,Month-to-month,Fiber optic,LOW,1.0,89.15,0.17,1335
0.0014303303,0,"tenure, num_services, charge_per_service",72,111.65,7943.45,Two year,Fiber optic,LOW,1.0,111.65,0.16,1341
0.001935985,0,"tenure, num_services, MonthlyCharges",45,81.0,3533.6,Two year,DSL,LOW,1.0,81.0,0.16,1341
0.0014472158,0,"charge_per_service, Contract_Two year, PaymentMethod_Electronic check",64,111.6,7099.0,Two year,Fiber optic,LOW,1.0,111.6,0.16,1341
0.006898919,0,"StreamingTV_Yes, Contract_One year, num_services",62,23.75,1446.8,One year,No,LOW,1.0,23.75,0.16,1341
0.0017326121,0,"Contract_Two year, charge_per_service, PaymentMethod_Electronic check",43,91.65,3954.1,Month-to-month,Fiber optic,LOW,1.0,91.65,0.16,1341
0.0019315466,0,"Contract_Two year, TotalCharges, PaymentMethod_Electronic check",51,83.4,4149.45,Month-to-month,Fiber optic,LOW,1.0,83.4,0.16,1341
0.003468242,0,"StreamingTV_Yes, PaymentMethod_Electronic check, TotalCharges",72,45.25,3139.8,Two year,DSL,LOW,1.0,45.25,0.16,1341
0.0030758318,0,"Contract_Two year, charge_per_service, PaymentMethod_Electronic check",39,47.85,1886.4,One year,DSL,LOW,1.0,47.85,0.15,1346
0.0015003241,0,"tenure, Contract_Two year, TotalCharges",62,97.95,5936.55,One year,Fiber optic,LOW,1.0,97.95,0.15,1346
6.881279e-05,0,"tenure, charge_per_service, Contract_Two year",10,100.25,1064.65,Month-to-month,Fiber optic,LOW,22.421786120591584,2247.78,0.15,1346
0.005715958,0,"Contract_Two year, charge_per_service, PaymentMethod_Electronic check",72,23.75,1679.25,Two year,No,LOW,1.0,23.75,0.14,1348
0.00020564965,0,"tenure, charge_per_service, Contract_Two year",20,54.0,1055.9,One year,DSL,LOW,12.421786120591584,670.78,0.14,1348
0.0024375618,0,"tenure, charge_per_service, PaymentMethod_Electronic check",55,51.65,2838.55,Month-to-month,DSL,LOW,1.0,51.65,0.13,1352
0.006453714,0,"tenure, Contract_Two year, num_services",41,20.65,835.15,Two year,No,LOW,1.0,20.65,0.13,1352
0.0066962345,0,"tenure, num_services, Contract_Two year",64,19.55,1240.15,Two year,No,LOW,1.0,19.55,0.13,1352
0.005156156,0,"Contract_Two year, charge_per_service, PaymentMethod_Electronic check",34,24.95,894.3,Two year,No,LOW,1.0,24.95,0.13,1352
0.0016773575,0,"Contract_Two year, PaymentMethod_Electronic check, tenure",48,78.75,3682.45,One year,DSL,LOW,1.0,78.75,0.13,1352
0.000254692,0,"tenure, charge_per_service, Contract_Two year",8,19.65,164.3,Month-to-month,No,LOW,24.421786120591584,479.89,0.12,1355
0.0010143584,0,"Contract_Two year, charge_per_service, TotalCharges",56,105.45,5916.95,Month-to-month,Fiber optic,LOW,1.0,105.45,0.11,1356
0.0009786399,0,"tenure, TotalCharges, Contract_Two year",56,103.2,5744.35,Two year,Fiber optic,LOW,1.0,103.2,0.1,1359
0.004163778,0,"charge_per_service, tenure, PaymentMethod_Electronic check",69,24.6,1678.05,Two year,No,LOW,1.0,24.6,0.1,1359
0.0012684532,0,"charge_per_service, Contract_Two year, num_services",70,80.15,5600.15,Two year,DSL,LOW,1.0,80.15,0.1,1359
0.0009601338,0,"charge_per_service, Contract_Two year, PaymentMethod_Electronic check",56,100.3,5614.45,One year,Fiber optic,LOW,1.0,100.3,0.1,1359
0.0004553697,0,"tenure, charge_per_service, num_services",22,20.15,419.9,One year,No,LOW,10.421786120591584,210.0,0.1,1359
0.004521597,0,"Contract_Two year, StreamingTV_Yes, PaymentMethod_Electronic check",72,20.7,1492.1,Two year,No,LOW,1.0,20.7,0.09,1362
0.0009082395,0,"charge_per_service, Contract_Two year, TotalCharges",72,100.9,7459.05,Two year,Fiber optic,LOW,1.0,100.9,0.09,1362
0.0016577494,0,"TotalCharges, tenure, charge_per_service",52,49.15,2550.9,Month-to-month,DSL,LOW,1.0,49.15,0.08,1365
0.0011567004,0,"Contract_Two year, charge_per_service, PaymentMethod_Electronic check",65,69.55,4459.15,Two year,DSL,LOW,1.0,69.55,0.08,1365
0.004044895,0,"Contract_Two year, charge_per_service, num_services",65,20.4,1414.45,Two year,No,LOW,1.0,20.4,0.08,1365
0.0013685237,0,"tenure, Contract_Two year, PaymentMethod_Electronic check",72,60.95,4549.05,Two year,DSL,LOW,1.0,60.95,0.08,1365
0.0007193362,0,"Contract_Two year, charge_per_service, PaymentMethod_Electronic check",42,97.1,4016.75,One year,Fiber optic,LOW,1.0,97.1,0.07,1371
0.0007579525,0,"charge_per_service, Contract_Two year, PaymentMethod_Electronic check",72,89.05,6254.45,Two year,DSL,LOW,1.0,89.05,0.07,1371
0.00072484714,0,"tenure, PaymentMethod_Electronic check, TotalCharges",69,95.65,6744.2,One year,Fiber optic,LOW,1.0,95.65,0.07,1371
0.00293395,0,"charge_per_service, Contract_Two year, tenure",60,24.15,1505.9,One year,No,LOW,1.0,24.15,0.07,1371
0.001883808,0,"charge_per_service, Contract_Two year, num_services",50,35.4,1748.9,One year,DSL,LOW,1.0,35.4,0.07,1371
0.0031591903,0,"Contract_Two year, charge_per_service, num_services",72,23.55,1723.95,Two year,No,LOW,1.0,23.55,0.07,1371
0.00083216623,0,"tenure, PaymentMethod_Electronic check, TotalCharges",71,82.7,5831.2,Two year,DSL,LOW,1.0,82.7,0.07,1371
0.0006910382,0,"charge_per_service, Contract_Two year, tenure",58,103.25,6017.65,One year,Fiber optic,LOW,1.0,103.25,0.07,1371
0.0023616932,1,"TotalCharges, tenure, charge_per_service",72,24.65,1830.05,Two year,No,LOW,1.0,24.65,0.06,1376
0.0005779694,0,"charge_per_service, Contract_Two year, num_services",64,100.05,6254.2,One year,Fiber optic,LOW,1.0,100.05,0.06,1376
0.0006519243,0,"tenure, num_services, Contract_Two year",32,74.9,2303.35,Month-to-month,Fiber optic,LOW,1.0,74.9,0.05,1380
0.00082324643,0,"charge_per_service, Contract_Two year, tenure",68,58.25,3975.7,One year,DSL,LOW,1.0,58.25,0.05,1380
0.00058747584,0,"charge_per_service, num_services, Contract_Two year",43,85.1,3662.25,One year,DSL,LOW,1.0,85.1,0.05,1380
0.00062531215,0,"charge_per_service, Contract_Two year, tenure",46,74.8,3548.3,Month-to-month,Fiber optic,LOW,1.0,74.8,0.05,1380
0.0005265877,0,"tenure, TotalCharges, Contract_Two year",72,88.05,6425.65,Two year,DSL,LOW,1.0,88.05,0.05,1380
0.0021026763,0,"tenure, TotalCharges, num_services",36,19.55,620.75,One year,No,LOW,1.0,19.55,0.04,1385
0.00078866904,0,"Contract_Two year, charge_per_service, tenure",34,50.2,1815.3,Month-to-month,DSL,LOW,1.0,50.2,0.04,1385
0.0004197783,0,"tenure, charge_per_service, Contract_Two year",62,96.75,6125.4,One year,Fiber optic,LOW,1.0,96.75,0.04,1385
0.00078533357,0,"charge_per_service, Contract_Two year, PaymentMethod_Electronic check",35,54.95,1916.0,One year,DSL,LOW,1.0,54.95,0.04,1385
0.00079384714,0,"charge_per_service, tenure, Contract_Two year",67,50.55,3260.1,Two year,DSL,LOW,1.0,50.55,0.04,1385
0.00040268287,0,"charge_per_service, PaymentMethod_Electronic check, Contract_Two year",41,65.0,2531.8,One year,DSL,LOW,1.0,65.0,0.03,1391
0.0014579396,0,"Contract_Two year, charge_per_service, tenure",42,19.55,839.4,One year,No,LOW,1.0,19.55,0.03,1391
0.00067753415,0,"Contract_Two year, tenure, charge_per_service",63,40.6,2588.95,One year,DSL,LOW,1.0,40.6,0.03,1391
0.00030580544,0,"Contract_Two year, charge_per_service, tenure",72,105.0,7589.8,Two year,Fiber optic,LOW,1.0,105.0,0.03,1391
0.0016541114,0,"Contract_Two year, charge_per_service, PaymentMethod_Electronic check",69,20.2,1412.65,Two year,No,LOW,1.0,20.2,0.03,1391
0.00055060454,0,"charge_per_service, tenure, Contract_Two year",70,57.8,4039.3,Two year,DSL,LOW,1.0,57.8,0.03,1391
0.0004944067,0,"tenure, charge_per_service, num_services",66,58.2,3810.8,Two year,DSL,LOW,1.0,58.2,0.03,1391
0.0009172549,0,"charge_per_service, Contract_Two year, tenure",66,19.7,1253.8,Two year,No,LOW,1.0,19.7,0.02,1397
0.00024118219,0,"Contract_Two year, tenure, charge_per_service",45,86.1,3861.45,Month-to-month,Fiber optic,LOW,1.0,86.1,0.02,1397
0.00035742696,0,"charge_per_service, tenure, PaymentMethod_Electronic check",62,56.15,3487.95,One year,DSL,LOW,1.0,56.15,0.02,1397
0.00048605338,0,"tenure, charge_per_service, Contract_Two year",51,49.65,2553.35,Month-to-month,DSL,LOW,1.0,49.65,0.02,1397
0.00024382284,0,"tenure, Contract_Two year, charge_per_service",47,84.95,4018.05,One year,Fiber optic,LOW,1.0,84.95,0.02,1397
0.00032803963,0,"charge_per_service, tenure, Contract_Two year",71,66.85,4748.7,One year,DSL,LOW,1.0,66.85,0.02,1397
0.00065083266,0,"charge_per_service, tenure, Contract_Two year",34,19.6,678.8,One year,No,LOW,1.0,19.6,0.01,1403
0.0006917587,0,"Contract_Two year, tenure, PaymentMethod_Electronic check",47,19.65,973.1,Two year,No,LOW,1.0,19.65,0.01,1403
0.00022559329,0,"TotalCharges, Contract_Two year, charge_per_service",72,24.3,1643.25,Two year,No,LOW,1.0,24.3,0.01,1403
0.00026862035,0,"Contract_Two year, charge_per_service, tenure",52,30.1,1623.4,One year,DSL,LOW,1.0,30.1,0.01,1403
0.0002659185,0,"tenure, Contract_Two year, TotalCharges",50,20.15,930.9,Two year,No,LOW,1.0,20.15,0.01,1403
0.00048039178,0,"Contract_Two year, TotalCharges, charge_per_service",61,20.55,1252.0,One year,No,LOW,1.0,20.55,0.01,1403
0.00017962951,0,"tenure, charge_per_service, Contract_Two year",39,19.85,854.8,Two year,No,LOW,1.0,19.85,0.0,1407
