SeniorCitizen,Partner,Dependents,tenure,PhoneService,PaperlessBilling,MonthlyCharges,TotalCharges,num_services,charge_per_service,is_new_customer,no_support,gender_Male,MultipleLines_No phone service,MultipleLines_Yes,InternetService_Fiber optic,InternetService_No,OnlineSecurity_No internet service,OnlineSecurity_Yes,OnlineBackup_No internet service,OnlineBackup_Yes,DeviceProtection_No internet service,DeviceProtection_Yes,TechSupport_No internet service,TechSupport_Yes,StreamingTV_No internet service,StreamingTV_Yes,StreamingMovies_No internet service,StreamingMovies_Yes,Contract_One year,Contract_Two year,PaymentMethod_Credit card (automatic),PaymentMethod_Electronic check,PaymentMethod_Mailed check,tenure_bucket_Mid,tenure_bucket_New,top_risk_factors,churn_probability
-0.057047565,-0.26687473,-0.46766514,-0.905311,-0.045901965,0.023740636,-0.29450628,-0.43044618,-0.6132692,-1.2190307,0.006197011,0.09692277,-0.22472548,0.0,-0.36266252,-0.5987267,-0.00091538555,0.0,-0.1215377,0.0,0.48238432,0.0,-0.5127983,0.0,0.25665247,0.0,0.19572623,0.0,0.19782996,-0.044643514,-1.2224532,0.5722585,-1.0230926,-0.18779136,-0.012268299,-0.11666575,"Contract_Two year, charge_per_service, PaymentMethod_Electronic check",0.001001304
0.020142205,0.05408539,0.021222182,0.28783748,-0.025486033,0.12376931,0.4400579,0.055702675,0.15404151,1.4429345,-0.04363028,-0.24579427,-0.08573785,0.0,0.41628656,0.37277043,-0.0032228618,0.0,-0.0408351,0.0,0.51439947,0.0,-0.578465,0.0,-0.10217223,0.0,-0.6844276,0.0,-0.7044589,0.07810355,0.1898955,-0.11638033,-0.8241377,-0.05954271,-0.029998548,0.15783322,"charge_per_service, PaymentMethod_Electronic check, StreamingMovies_Yes",0.6848099
-0.02283407,0.30144134,0.004168577,0.50589234,-0.07244478,-0.03569317,0.50463307,1.0162596,0.7896938,-1.3274202,0.0059006102,0.0639715,-0.15768002,0.0,-0.2273631,-0.39270324,0.12035155,0.0,-0.021862296,0.0,-0.2026939,0.0,-0.20210437,0.0,-0.23151506,0.0,-0.2975367,0.0,-0.33694297,0.0017677706,-1.585653,-0.121827655,-1.0797827,0.39298365,-0.056847252,-0.14612858,"Contract_Two year, charge_per_service, PaymentMethod_Electronic check",0.0562107
-0.015115217,0.06559823,0.08129557,0.6226472,-0.121209376,-0.05570242,0.20114824,-0.21450545,0.89599216,-1.3082577,-0.012165277,0.11461116,0.05578815,0.0,-0.4018192,-0.32149586,0.11545408,0.0,-0.045510337,0.0,-0.35790104,0.0,-0.3254642,0.0,-0.14417987,0.0,-0.38394278,0.0,-0.44352064,0.20192668,0.3634756,-0.15761705,-1.0357685,0.5303961,-0.045761682,0.14215852,"charge_per_service, PaymentMethod_Electronic check, num_services",0.11833711
0.01540815,0.0011265664,0.024293084,-0.90588915,-0.03419696,0.052295253,0.06388591,-0.2694716,-1.0457199,0.1577621,0.006197011,0.3107021,-0.33188337,0.0,0.29010502,0.25083846,-0.00077185105,0.0,-0.11322137,0.0,0.8819952,0.0,0.6864149,0.0,-0.13692039,0.0,0.43014398,0.0,0.50480574,0.14857298,-0.49518287,-0.11581516,-0.60612434,-0.047474347,-0.0014149216,-0.11102172,"num_services, tenure, OnlineBackup_Yes",0.4014592
0.027596476,0.014844827,0.07590563,-1.4492135,-0.03628034,0.051886674,-0.133895,-1.3720691,-1.38207,0.113318324,0.008029698,-0.3074758,-0.21851088,0.0,0.24997464,0.2596698,-0.00083869125,0.0,-0.112370886,0.0,0.36541957,0.0,1.2836797,0.0,-0.3522624,0.0,0.76692605,0.0,0.3449213,-0.011910874,0.10662751,-0.24235071,0.5860645,-0.14732218,-0.010885483,-0.038062237,"tenure, num_services, TotalCharges",0.17229049
0.0018366192,-0.31320217,-0.52191603,-0.43084207,-0.09915089,-0.03761273,0.47770828,0.14258796,0.9784364,-0.31339222,0.005020509,0.16956098,-0.024141828,0.0,0.4052515,-0.5348124,0.11894358,0.0,-0.0744046,0.0,-0.20541595,0.0,-0.0942135,0.0,-0.1344512,0.0,-0.30475295,0.0,-0.60100836,-0.023132378,-0.3572148,0.75974005,-1.107498,-0.23694722,0.18236662,-0.15722345,"PaymentMethod_Electronic check, num_services, PaymentMethod_Credit card (automatic)",0.087967634
-0.0044718166,0.077289626,0.07021483,-0.104108855,-0.13268726,-0.021328378,0.30612683,0.56192535,0.82600874,-1.117585,-0.016183607,0.14583443,0.049374573,0.0,-0.37577024,-0.2191848,0.11545408,0.0,-0.027786324,0.0,-0.2450014,0.0,-0.3131952,0.0,-0.19870286,0.0,-0.36007148,0.0,-0.4029307,0.18558353,0.34145904,-0.17818107,-1.1295458,0.49819764,-0.047362544,0.14131309,"PaymentMethod_Electronic check, charge_per_service, num_services",0.17020957
-0.011243816,-0.071569346,-0.31229293,0.044568975,-0.022787679,0.081817165,0.07081244,-0.23641868,0.1896658,0.65670353,0.018837856,-0.06944455,0.0887642,0.0,0.49869835,0.31198952,-0.0014941575,0.0,-0.10377241,0.0,-0.4359858,0.0,0.8387669,0.0,-0.15771344,0.0,-0.6795019,0.0,0.9457514,0.08801972,0.12894905,-0.14075454,0.5587587,-0.12886493,0.018692816,-0.048770655,"StreamingMovies_Yes, DeviceProtection_Yes, StreamingTV_Yes",0.892002
-0.10396219,-0.003421605,0.03569166,-1.9130807,0.30084315,-0.11685514,-0.47071722,-0.22295648,-0.6352663,-2.4394555,0.007411993,-0.05651251,0.0030114993,0.0,-0.48184332,-0.5383439,-0.0014377093,0.0,0.37320083,0.0,-0.41083857,0.0,0.055341437,0.0,0.33998334,0.0,0.2586501,0.0,0.23296887,-0.067833535,-1.1350746,0.57043403,-1.2152643,-0.18471542,0.009971243,-0.117321804,"charge_per_service, tenure, PaymentMethod_Electronic check",0.00035742696
-0.353549,-0.28545913,0.05494291,0.48256457,-0.059800923,-0.009660091,0.03195799,0.13988535,0.93309635,0.97797936,-0.01659362,-0.029098304,0.0598007,0.0,-0.44103724,0.27377126,-0.0038033887,0.0,-0.035771683,0.0,-0.5082274,0.0,-0.35463974,0.0,-0.18605879,0.0,-0.41628423,0.0,-0.42390952,0.08241022,0.14641665,-0.15330873,0.6221323,-0.18406434,-0.090667635,0.119896665,"charge_per_service, num_services, PaymentMethod_Electronic check",0.590031
0.00045046606,0.07399589,0.061722226,0.020828102,-0.13150172,0.033162367,0.33211002,-0.09098819,0.8426864,-1.4626611,-0.020157898,0.08871956,-0.032095063,0.0,-0.49534088,-0.21920726,0.12745844,0.0,-0.096913606,0.0,-0.28921682,0.0,-0.30081528,0.0,-0.19342925,0.0,-0.29393342,0.0,-0.31336653,0.19162612,0.34429574,0.07954203,-1.2231175,-0.3033207,-0.11293361,0.127485,"charge_per_service, PaymentMethod_Electronic check, num_services",0.036836192
0.019967219,-0.27892888,0.08042551,-0.3270499,-0.0422445,0.032936357,0.89704853,0.6898342,0.18406014,0.6811208,0.009558913,-0.08108317,-0.3239123,0.0,-0.6543702,0.34641922,-0.0021188702,0.0,-0.080234975,0.0,-0.26838857,0.0,-0.41600063,0.0,-0.07300149,0.0,-0.7163531,0.0,0.51427335,0.068225995,0.14652497,-0.15925051,0.99070406,-0.12272854,0.03390195,-0.1308097,"PaymentMethod_Electronic check, MonthlyCharges, StreamingTV_Yes",0.73296124
-0.024125738,-0.11765839,-0.38498616,-0.2848438,0.14163288,0.022227561,-0.022078872,-0.70493096,-0.0033822544,-1.5981932,0.009345461,0.07314207,0.071716055,0.0,-0.35856062,-0.28766194,-0.0033727072,0.0,0.5577523,0.0,-0.7283923,0.0,0.50192386,0.0,0.2524078,0.0,-0.3820828,0.0,-0.3757033,-0.3696718,-0.16031092,-0.14482428,0.79125065,-0.13204134,0.025634363,-0.0483536,"charge_per_service, PaymentMethod_Electronic check, OnlineBackup_Yes",0.024293153
-0.016481299,-0.15039146,-0.4836724,-0.22339013,0.21035218,-0.31717807,0.14702189,-0.6680642,0.0139342025,-1.1059595,0.0039372896,0.24211854,0.12108052,0.0,-0.31093386,-0.70999986,-0.009392139,0.0,-0.25752142,0.0,-0.5149941,0.0,-0.29661876,0.0,0.38220188,0.0,0.31642953,0.0,0.31191197,0.12939793,0.3228329,0.38969004,-1.0474379,-0.22973147,-0.02905425,-0.10837459,"charge_per_service, PaymentMethod_Electronic check, InternetService_Fiber optic",0.019896539
0.017527005,0.14843942,0.062204093,0.562501,-0.05289781,0.029394688,0.357097,0.8599556,-0.34570843,0.82638294,-0.014795756,-0.123448215,0.014021113,0.0,-0.40301216,0.27036536,-0.0020585267,0.0,-0.07077532,0.0,-0.42810398,0.0,-0.42737773,0.0,-0.13427432,0.0,0.5485943,0.0,0.703079,0.104463875,0.13346757,-0.14469077,0.6997569,-0.1769854,-0.04592577,0.09149023,"TotalCharges, charge_per_service, StreamingMovies_Yes",0.95477647
0.00022468666,0.089686915,0.04816199,0.9563611,-0.047619067,-0.0043469216,0.22550455,0.15685141,1.101067,1.1094431,-0.016594853,-0.06124146,0.029395072,0.0,0.488843,0.2272195,-0.0033052235,0.0,-0.012544714,0.0,-0.38658583,0.0,-0.3661278,0.0,-0.20435634,0.0,-0.5783835,0.0,-0.4540404,0.09701677,0.20420313,-0.17304549,-0.7102545,0.37460503,-0.07870538,0.2590523,"charge_per_service, num_services, tenure",0.9056515
0.037933197,0.083550364,0.0744907,-0.08660497,-0.033068527,0.17766428,0.045796886,-0.23392771,0.38360626,0.8556297,0.022201588,-0.26661468,0.08109107,0.0,0.34826493,0.28053334,-0.001399539,0.0,-0.123709835,0.0,0.8974009,0.0,-0.37563112,0.0,-0.09434914,0.0,-0.8238643,0.0,-0.54503226,0.07526102,0.14823194,-0.17532185,0.94662774,-0.0986868,0.028744327,-0.06483386,"PaymentMethod_Electronic check, OnlineBackup_Yes, charge_per_service",0.8256573
-0.026303245,0.10790879,0.02681617,-0.20633842,-0.11963538,-0.01908105,-0.13816775,-0.18530467,-0.9706798,-1.6131439,-0.07753899,0.08861467,-0.18058267,0.0,-0.25288707,-0.3507872,-0.0011308234,0.0,0.5524895,0.0,-0.4826251,0.0,0.38888583,0.0,0.23089758,0.0,-0.76188415,0.0,0.37935305,0.060606383,0.31953028,-0.12015194,-0.60878706,-0.15281057,-0.00088983774,0.07489689,"charge_per_service, num_services, StreamingTV_Yes",0.017165193
-0.0050665783,0.02723793,0.04364731,-1.5749555,-0.17993356,-0.026676912,-0.04589993,-0.9375588,0.6252666,-0.648593,0.006870647,-0.15248914,-0.07074049,0.0,0.1465464,-0.42426816,0.058171347,0.0,-0.09609002,0.0,-0.5259573,0.0,-0.2136807,0.0,-0.23426779,0.0,-0.3618923,0.0,-0.527116,0.004894058,-0.65691274,-0.09267924,-0.68881196,-0.028886665,-0.024420481,-0.13198438,"tenure, TotalCharges, PaymentMethod_Electronic check",0.0011752773
-0.032816835,-0.2172949,-0.103017524,-0.17437583,-0.04891409,0.09047335,0.7018554,0.1587737,0.58476037,-1.1589898,0.0058998372,-0.11626077,0.10381639,0.0,-0.32535902,-0.4270635,0.12035155,0.0,-0.026227482,0.0,-0.20449701,0.0,-0.19492991,0.0,-0.24121793,0.0,-0.30132425,0.0,-0.36898658,0.022288773,-1.2137941,-0.11181824,-0.9340139,0.545761,-0.0490429,-0.13695098,"Contract_Two year, charge_per_service, PaymentMethod_Electronic check",0.016927509
-0.017718913,0.15386969,0.03615068,0.72039956,-0.046314593,0.05746917,-0.37413794,0.1063933,-0.18731631,0.17577033,-0.016294988,0.14859861,0.16366617,0.0,0.40452948,-0.5753702,-0.003811851,0.0,-0.13666856,0.0,-0.36519158,0.0,-0.4482953,0.0,0.45491675,0.0,0.6825477,0.0,-0.31049296,0.04061028,0.22135103,-0.14812833,-1.0306728,0.6635376,-0.011053864,0.13672285,"PaymentMethod_Electronic check, tenure, StreamingTV_Yes",0.61921984
0.0048408266,0.08436114,0.07057393,1.0754002,-0.055769287,0.19061618,0.4021733,0.1105715,0.2655355,-0.05315249,-0.022468165,0.13383147,0.043285366,0.0,-0.10871946,-0.3264836,-0.003872989,0.0,-0.2706244,0.0,-0.50437737,0.0,-0.39223272,0.0,-0.07931514,0.0,-0.61846346,0.0,-0.4816745,0.04700368,0.17332804,-0.23417877,0.8142222,-0.2636425,-0.042275302,0.10677867,"tenure, PaymentMethod_Electronic check, StreamingTV_Yes",0.51410747
-0.041513942,-0.19505586,-0.19937865,-0.31538743,-0.022423657,0.022765694,-0.18275157,-0.16889317,-1.1459019,0.24006109,0.006197011,0.19812676,-0.32764325,0.0,0.19304517,0.2679462,-0.001002092,0.0,0.05721349,0.0,0.568113,0.0,-0.627336,0.0,-0.26108834,0.0,0.5042636,0.0,0.678012,-0.4402343,-0.11941205,0.57748044,-0.9053986,-0.0991477,-0.004171663,-0.075400665,"num_services, PaymentMethod_Electronic check, StreamingMovies_Yes",0.13850729
-0.0082100965,0.08964679,0.0908776,0.5890949,-0.12299755,-0.001013188,0.74368167,0.6579982,0.66623145,-1.5428833,-0.017756745,0.10419164,0.011535671,0.0,-0.39888474,-0.34731182,0.11545408,0.0,-0.06678957,0.0,-0.3341914,0.0,-0.38426447,0.0,-0.17328843,0.0,-0.3117867,0.0,-0.37852645,0.18759571,0.35398737,-0.13589083,-1.0908252,0.55390483,-0.05579813,0.1262328,"charge_per_service, PaymentMethod_Electronic check, MonthlyCharges",0.25184196
-0.0031328797,-0.14548612,-0.019125912,-0.43723264,-0.036427736,0.018712834,0.08947798,-0.068967745,0.766836,0.70808923,0.004374793,-0.10841748,-0.019439643,0.0,0.3021676,0.3794424,-0.0015046225,0.0,-0.05764824,0.0,-0.36017215,0.0,-0.2680792,0.0,-0.11886042,0.0,-0.5103372,0.0,-0.4814537,0.22708724,0.19555132,-0.14327112,-0.5617617,-0.077804714,-0.048969585,-0.09920532,"num_services, charge_per_service, PaymentMethod_Electronic check",0.29226986
-0.0037708753,0.09853831,0.07720143,0.15000612,-0.12080912,0.011989702,0.85701877,0.21187265,0.9156463,-0.60376483,-0.020157898,0.115682855,-0.017827202,0.0,0.5728676,-0.23542432,0.10693922,0.0,-0.052874163,0.0,-0.22334522,0.0,-0.23247896,0.0,-0.15811166,0.0,-0.44075382,0.0,-0.37548512,0.06623209,0.34191376,-0.18927157,-1.1326427,0.47389477,-0.047540456,0.103686325,"PaymentMethod_Electronic check, num_services, MonthlyCharges",0.5598134
-0.039667185,-0.30573303,-0.3662757,-0.6261305,-0.040621985,0.12894629,0.66190016,-0.30578753,-0.038520467,-0.6338985,0.009345461,0.060584813,-0.11044921,0.0,-0.36261517,-0.36466157,-0.001414047,0.0,-0.16103081,0.0,-0.3193601,0.0,0.26927882,0.0,0.30396292,0.0,-0.35868278,0.0,-0.283056,-0.024039743,-0.8922297,0.7506232,-1.1861992,-0.0969032,0.021091495,-0.08722145,"PaymentMethod_Electronic check, Contract_Two year, PaymentMethod_Credit card (automatic)",0.012037812
-0.09130503,-0.30876204,-0.27937853,-0.32692418,-0.0633104,0.120991565,0.34315357,-0.23691462,-0.44512373,-0.9498182,0.014732954,0.1630533,-0.086583465,0.0,-0.16644704,-0.46239746,-0.0015156022,0.0,0.5511392,0.0,0.46606156,0.0,-0.42772493,0.0,0.09153251,0.0,-0.39062402,0.0,-0.42248663,0.16462487,0.26063246,0.9127767,-1.0492818,-0.079952605,0.014656181,-0.11283696,"PaymentMethod_Electronic check, charge_per_service, PaymentMethod_Credit card (automatic)",0.056954674
-0.45736602,0.03329958,0.0018993112,-1.4939327,-0.03833531,0.02000594,-0.07982195,-0.91524625,-1.2243932,-0.11622335,0.0134614725,-0.34061733,0.06045594,0.0,0.23926705,0.23750828,-0.00083869125,0.0,-0.0906689,0.0,0.6126078,0.0,0.6845977,0.0,-0.20617318,0.0,0.81685287,0.0,0.46441928,-0.035081558,-0.031587705,-0.21311739,0.73718196,-0.14413919,-0.011865097,-0.04173244,"tenure, num_services, TotalCharges",0.1782264
0.03722752,-0.20081778,-0.006347228,-0.013523283,-0.08191775,0.037099876,0.26582876,-0.05892139,0.003890167,-0.6366538,0.020728659,-0.2328502,-0.14457874,0.0,-0.34190136,-0.31127962,-0.0015002573,0.0,-0.07654967,0.0,0.51435274,0.0,-0.46919164,0.0,-0.11033337,0.0,-0.6898526,0.0,0.7555967,-0.34540498,-0.36443642,-0.16285296,-0.57948107,-0.08473204,-0.0011853534,-0.12316407,"StreamingMovies_Yes, StreamingTV_Yes, charge_per_service",0.03193561
0.040627245,0.10923675,0.038903963,1.2259021,-0.05320298,7.977302e-05,0.25558436,1.2728841,1.0191296,1.5032858,-0.014211415,-0.06213747,0.08257594,0.0,-0.08193468,0.40440515,-0.0033663616,0.0,-0.06855125,0.0,-0.5907917,0.0,-0.3184512,0.0,-0.08571743,0.0,-0.40546057,0.0,-0.39556074,0.10716247,0.15519373,-0.11529304,0.7603226,-0.20742482,-0.08732106,0.13047408,"charge_per_service, TotalCharges, tenure",0.990122
-0.017861497,0.0659362,0.10118762,1.353788,-0.09021409,0.14639097,0.8375973,0.8328189,0.81393254,-0.7157995,-0.017756745,0.09654779,-0.07476545,0.0,-0.2986851,-0.31459805,0.107984215,0.0,-0.06211129,0.0,-0.3062054,0.0,-0.33321583,0.0,-0.10658083,0.0,-0.41878054,0.0,-0.3647512,0.19243445,0.39741912,-0.10411579,-0.87846303,0.60091007,-0.054562237,0.24143058,"tenure, PaymentMethod_Electronic check, MonthlyCharges",0.83494455
-0.005839338,-0.16041248,-0.24628672,-1.2420994,-0.060892098,0.020717682,-0.21341363,-0.7050451,-0.023880478,-0.3050649,0.0045642145,-0.0096522225,0.014430352,0.0,0.21429047,-0.59898156,-0.0013072646,0.0,-0.13873786,0.0,-0.5056835,0.0,0.7169248,0.0,-0.1030484,0.0,0.3322848,0.0,-0.948685,-0.022353118,-1.1048189,-0.17161274,-0.80645794,-0.0735922,-0.0004387857,-0.15010358,"tenure, Contract_Two year, StreamingMovies_Yes",0.0018255902
-0.12330092,-0.18173334,0.034534305,1.598949,-0.04128442,-0.0061917347,0.022611989,0.111243576,0.8484462,0.89636403,-0.010491196,-0.12184361,-0.041088164,0.0,-0.17349522,0.26921073,-0.0033663616,0.0,-0.05430479,0.0,-0.44745675,0.0,-0.30265725,0.0,-0.073475115,0.0,-0.36783555,0.0,-0.45029357,0.2180277,0.22987826,-0.15964878,-0.5906679,0.40870008,-0.072095074,0.26432535,"tenure, charge_per_service, num_services",0.8418736
0.026000727,-0.013845523,0.016801346,1.3629644,-0.044211775,-0.25134492,0.10630119,0.43002552,-0.79138666,0.3295141,-0.12613122,-0.24499273,-0.24167888,0.0,-0.402717,0.21122058,-0.0015564747,0.0,-0.09887135,0.0,0.53856677,0.0,0.9014079,0.0,-0.18578999,0.0,-1.1564935,0.0,0.39661828,0.060560383,0.13798892,-0.12713192,0.53513443,-0.12999095,-0.033024695,0.10178603,"tenure, StreamingTV_Yes, DeviceProtection_Yes",0.7853122
0.036983818,0.06634291,0.0014506656,-0.6675376,-0.08339443,0.074478984,0.29396075,-0.094995745,0.31487972,-0.16603662,0.022987962,-0.43851718,-0.23886412,0.0,0.21965735,-0.5159672,-0.003616042,0.0,-0.15305635,0.0,0.77437985,0.0,-0.34884092,0.0,-0.11518364,0.0,-0.81520367,0.0,-0.48119152,-0.30952755,-0.031271078,-0.21958612,0.8592495,-0.157938,0.03782355,-0.082482114,"PaymentMethod_Electronic check, StreamingTV_Yes, OnlineBackup_Yes",0.09710247
-0.09613807,-0.19500376,0.040095095,-1.3842824,0.27990326,-0.11714654,-0.13008748,-0.6275251,-0.66146016,-1.8761864,0.005579306,0.032130636,0.04289181,0.0,-0.5627847,-0.6434859,-0.0014377093,0.0,0.19540787,0.0,-0.480173,0.0,0.4355196,0.0,0.22357714,0.0,0.38483226,0.0,0.44848478,-0.0353655,-1.5240977,-0.17688352,-1.1327353,0.30843037,-0.00841015,-0.11145451,"charge_per_service, Contract_Two year, tenure",0.00062531215
-0.014502636,0.06679949,0.059991095,1.2451721,-0.09056284,-0.07696888,0.16074263,0.63271004,1.006431,-1.1070851,-0.016139569,0.096824706,-0.19289261,0.0,-0.3002204,-0.31653413,0.107984215,0.0,-0.07111392,0.0,-0.32553494,0.0,-0.29618657,0.0,-0.11941487,0.0,-0.42533395,0.0,-0.3841121,0.23247874,0.3899191,-0.15005764,-0.87886626,0.5450503,-0.04593004,0.24818243,"tenure, charge_per_service, num_services",0.49300116
0.02744947,0.1122495,0.07625948,-0.08079128,-0.05979067,-0.09281751,0.32809636,0.10356578,0.9444539,0.83648026,-0.019513587,-0.085394554,0.045084044,0.0,-0.26153868,-0.20018424,-0.0047808792,0.0,-0.17507724,0.0,-0.2126587,0.0,-0.31888288,0.0,-0.13207099,0.0,-0.249644,0.0,-0.47783846,0.10687644,0.19416653,0.6154231,-1.165838,-0.14712842,-0.08776694,0.18643367,"PaymentMethod_Electronic check, num_services, charge_per_service",0.44917476
-0.039274782,-0.26335734,-0.0056720697,-0.45253232,-0.10740645,-0.14398167,0.10346639,-0.33008975,-0.7162322,-0.9108395,0.009963166,0.24004541,-0.09276901,0.0,-0.16768573,-0.34228465,-0.0010428828,0.0,0.20709902,0.0,1.0769055,0.0,0.62141305,0.0,-0.066905946,0.0,-0.5585525,0.0,-0.68333256,-0.68972814,-0.3756209,-0.2181995,-1.2199594,0.4523029,0.0010897607,-0.12099059,"PaymentMethod_Electronic check, OnlineBackup_Yes, charge_per_service",0.008138316
-0.023696275,-0.25154364,0.0470261,-0.6845606,-0.081098765,-0.05522055,0.73921335,0.40717173,0.7335034,-1.6692711,0.0059905457,0.057832956,0.057521235,0.0,-0.38580453,-0.49162728,0.12035155,0.0,-0.11890967,0.0,-0.30583057,0.0,-0.20248674,0.0,-0.22584136,0.0,-0.35362196,0.0,-0.40366718,0.020612767,-1.4367692,-0.11073091,-1.097603,0.54209036,-0.043879353,-0.15144044,"charge_per_service, Contract_Two year, PaymentMethod_Electronic check",0.004627429
-0.04798396,-0.23330286,-0.5139997,-0.6144778,-0.0391974,0.051246233,-1.095897,0.07690665,-1.783554,0.02778913,0.0134614725,0.052739136,0.21986419,0.0,0.296881,0.27396628,-0.00077185105,0.0,-0.18955673,0.0,0.66006815,0.0,0.70637965,0.0,0.51302254,0.0,0.5622416,0.0,0.65395063,-0.069235794,-1.0651326,-0.035359967,-0.27113652,-0.0510699,-0.0005648468,-0.10019722,"num_services, MonthlyCharges, Contract_Two year",0.117974885
-0.009623413,0.04238391,0.029187795,-2.1945617,-0.026184317,-0.11137123,-0.7193706,-0.9613879,-0.72038984,0.71055233,0.020113144,0.075738676,-0.11247438,0.0,0.22170222,0.14725967,-0.0010381518,0.0,0.6815634,0.0,-0.3698009,0.0,-0.31164452,0.0,0.8100055,0.0,-0.81676924,0.0,1.2750459,-0.11192389,-0.13730589,0.82031053,-1.0019122,-0.05872815,0.013944234,-0.1264477,"tenure, StreamingMovies_Yes, PaymentMethod_Electronic check",0.04964429
-0.021254364,0.2775277,-0.1017716,0.14927574,-0.068052955,-0.010629469,0.18306752,0.8827835,0.71425915,-1.6838266,0.0059006102,0.08526373,-0.18332903,0.0,-0.2686663,-0.47324148,0.12035155,0.0,-0.080291994,0.0,-0.21447892,0.0,-0.18937582,0.0,-0.23923789,0.0,-0.23102812,0.0,-0.32423586,-0.029304648,-1.499696,0.17985095,-1.2143158,-0.19448638,-0.043935806,-0.14026505,"charge_per_service, Contract_Two year, PaymentMethod_Electronic check",0.00973764
-0.02089885,0.12413015,-0.65567845,-0.28876427,-0.044509508,0.10163671,-1.1408083,0.3354516,-2.1006806,-0.733962,0.01529416,0.15597503,-0.01057177,0.0,0.12026786,0.39979294,-0.00083869125,0.0,0.21630338,0.0,0.6306923,0.0,0.6356397,0.0,-0.29866102,0.0,0.6161412,0.0,0.7550603,0.11271439,-0.3462443,0.3785422,-0.813999,-0.07231063,-0.004821632,-0.063824974,"num_services, MonthlyCharges, PaymentMethod_Electronic check",0.11839064
0.015429099,-0.28145772,0.11540806,-1.5147353,-0.085009724,0.039323878,0.23474763,0.28787687,-0.45048198,-0.7479536,0.02799312,0.15332592,0.14272247,0.0,0.1885518,-0.5481044,-0.001002092,0.0,-0.046726536,0.0,0.5723771,0.0,-0.3540096,0.0,0.1432212,0.0,-1.0507956,0.0,0.7811389,0.09279686,-0.33670583,-0.22901681,-1.2630302,0.34643105,-0.0037812553,-0.1270335,"tenure, PaymentMethod_Electronic check, StreamingTV_Yes",0.019698335
-0.0015755853,-0.116201885,0.08150075,-1.2179087,-0.23335573,0.002053427,-0.2313723,-0.4464781,-1.0817506,-0.84296346,0.006197011,0.18559888,-0.40001005,0.0,0.24916506,-0.56465155,-0.0008330113,0.0,-0.119374916,0.0,0.6153984,0.0,-0.6582017,0.0,0.28397205,0.0,0.48890534,0.0,0.6069193,-0.09786819,-0.16743791,-0.2377958,0.7206741,-0.16003573,-0.010236966,-0.063833006,"tenure, num_services, charge_per_service",0.031666193
-0.09123713,-0.16758391,0.013431856,-0.8309677,-0.03090652,0.10142215,-0.6217143,-0.61955905,-1.4656345,-1.561297,0.005525032,0.07263532,-0.2460007,0.0,-0.35477954,-0.32788292,-0.0007095528,0.0,0.45638126,0.0,0.33365008,0.0,0.37612388,0.0,0.39951327,0.0,0.37179932,0.0,0.43862665,-0.14442158,-1.640279,0.80209786,-1.15398,-0.15847169,0.0055623758,-0.11402391,"Contract_Two year, charge_per_service, num_services",0.0021046314
0.03193758,-0.16557668,0.041166175,-0.44695148,-0.17906396,0.03426157,0.05133905,-0.018983636,-0.78299844,-1.3080845,0.020728659,-0.24261259,-0.30055746,0.0,-0.34852478,-0.40018645,-0.0008584571,0.0,-0.14115152,0.0,0.41427007,0.0,0.52220607,0.0,-0.12522958,0.0,-1.0619227,0.0,0.47030717,-0.21574262,-0.18276939,-0.2263843,0.59221464,-0.19122906,-0.007548462,-0.047828205,"charge_per_service, StreamingTV_Yes, num_services",0.014420217
0.01724574,0.16857655,0.097804554,0.82469827,-0.04273474,0.15444231,0.32981652,0.8659046,0.43524408,-0.17963314,-0.0442617,-0.36147866,0.09615194,0.0,-0.18897207,-0.17018457,-0.0042276545,0.0,-0.100973435,0.0,0.6019372,0.0,-0.63524354,0.0,-0.04557925,0.0,-0.59208333,0.0,-0.43100733,0.15286514,0.22449616,-0.24489917,-0.91287917,0.4612839,-0.011294758,0.19381791,"PaymentMethod_Electronic check, TotalCharges, tenure",0.65701175
0.0024017286,-0.23309237,-0.22930303,-0.6293297,-0.11933491,-0.07403354,0.75363994,-0.06820825,0.8553046,-0.9706597,0.0058998372,0.120418884,-0.013681493,0.0,-0.4518482,-0.4993218,0.12745844,0.0,-0.063997775,0.0,-0.3381581,0.0,-0.14530447,0.0,-0.1792603,0.0,-0.2950523,0.0,-0.5940235,-0.3553128,-0.40217328,-0.07597164,-0.53595495,-0.14120926,0.3457474,-0.17242242,"charge_per_service, num_services, MonthlyCharges",0.012302073
-0.17500624,-0.056686036,0.08119982,-0.7598072,-0.0367053,0.027563905,-0.18900312,0.15099567,-1.3042487,0.11873211,0.006197011,-0.32200015,-0.1571555,0.0,0.22143292,0.23413736,-0.00083869125,0.0,-0.1222091,0.0,0.26813766,0.0,1.4275026,0.0,-0.18807681,0.0,0.8017748,0.0,0.5902785,-0.6486036,-0.044823263,-0.19988558,0.61832947,-0.14045985,-0.010804126,-0.037863098,"DeviceProtection_Yes, num_services, StreamingTV_Yes",0.5357586
-0.048293233,-0.21992734,0.03270684,0.4737634,-0.021316,0.122351214,0.10751415,0.3135714,0.23832493,1.5651901,-0.022849567,-0.26934424,-0.0015513503,0.0,0.4236914,0.37531105,-0.0035161742,0.0,0.01064047,0.0,0.9705976,0.0,-0.33095536,0.0,-0.12115033,0.0,-0.52711916,0.0,-0.6906698,0.10244541,0.20253555,0.4908532,-0.8644574,-0.11395377,-0.04802535,0.20154192,"charge_per_service, OnlineBackup_Yes, PaymentMethod_Electronic check",0.9120626
-0.04571526,-0.13721246,-0.19643974,0.10992973,-0.015563191,-0.018384531,-0.19580661,-0.4956991,-1.4120144,-1.2157892,0.006197011,0.10972675,0.11531696,0.0,0.2335943,-0.42170432,-0.0006027703,0.0,0.45358872,0.0,0.45277724,0.0,0.4359443,0.0,0.09477729,0.0,0.3939831,0.0,0.5431582,-0.011841307,-1.7814852,0.6546916,-1.0464503,-0.20793924,0.012052518,-0.111663155,"Contract_Two year, num_services, charge_per_service",0.023953404
-0.023209559,-0.25372583,-0.4902244,-0.6374009,0.27805927,0.054790303,0.020219695,0.17987609,0.16414723,-0.91436386,0.005880751,0.08809033,-0.22484559,0.0,-0.514063,-0.51498336,-0.0037818528,0.0,0.67667997,0.0,-0.22529939,0.0,-0.15770847,0.0,0.29227084,0.0,-0.5623176,0.0,-0.37152055,0.0028695604,-1.5111011,-0.21617496,-0.9391741,0.2502486,0.06276387,-0.12917921,"Contract_Two year, PaymentMethod_Electronic check, charge_per_service",0.0036043583
-0.00061771856,0.001027012,0.042646147,0.82384986,-0.036965348,0.114258766,0.50446934,-0.1342794,0.21210068,-0.22384164,-0.022468165,0.14569317,0.02106203,0.0,-0.013502321,-0.25627345,-0.003872989,0.0,0.42629942,0.0,-0.49783027,0.0,-0.3454837,0.0,-0.12732644,0.0,-0.55319566,0.0,-0.46711335,0.13478515,0.2214085,0.943336,-1.0618997,-0.4883346,-0.015381692,0.1906419,"PaymentMethod_Electronic check, PaymentMethod_Credit card (automatic), tenure",0.38328305
0.018923564,-0.24292755,-0.32188576,0.16413921,-0.03758074,0.0011869468,0.05518932,0.07228289,0.23589538,0.91841257,-0.016921697,0.12985349,-0.11902893,0.0,-0.55159825,0.25467893,-0.004681011,0.0,-0.1575873,0.0,-0.4670747,0.0,-0.382847,0.0,0.27870217,0.0,-0.8403579,0.0,-0.42815316,0.06358213,0.14462744,-0.1468115,0.55501354,-0.115279734,-0.055897906,0.10507688,"charge_per_service, StreamingTV_Yes, PaymentMethod_Electronic check",0.289072
-0.030580781,-0.26201823,-0.1977156,-0.02144716,-0.05447678,-0.007599108,0.21528152,0.767805,0.6175411,-1.3624848,0.0058998372,0.06384312,-0.17968361,0.0,-0.39588553,-0.46738458,0.12035155,0.0,-0.0511068,0.0,-0.23700261,0.0,-0.1992764,0.0,-0.21044493,0.0,-0.2189936,0.0,-0.271498,-0.012735702,-1.5642962,0.1196666,-1.0187447,-0.21310855,-0.051684253,-0.13578746,"Contract_Two year, charge_per_service, PaymentMethod_Electronic check",0.005156156
0.03804901,0.09295936,0.061670724,0.195024,-0.051047005,-0.029100657,0.06582529,0.3245369,1.0488919,1.0824082,-0.020634536,-0.079721,0.1220933,0.0,0.32123178,0.3165633,-0.0033052235,0.0,-0.08916922,0.0,-0.50421727,0.0,-0.27567124,0.0,-0.21150322,0.0,-0.44267505,0.0,-0.4890736,0.054960202,0.13740976,-0.14776091,0.8465677,-0.16220498,-0.13676126,0.12544222,"charge_per_service, num_services, PaymentMethod_Electronic check",0.8986181
-0.027710713,0.20996337,-0.45045587,-0.31366244,0.31671527,0.015373822,0.05408012,0.6061664,0.22232528,-0.9546566,0.008377616,0.088316806,-0.22579381,0.0,-0.49575472,-0.45781308,-0.0037818528,0.0,0.66100335,0.0,-0.19885911,0.0,-0.16165988,0.0,0.3651463,0.0,-0.51160353,0.0,-0.40124875,0.006704632,-0.8939589,-0.11502839,-0.60766,-0.04627385,0.01696394,-0.10321654,"charge_per_service, Contract_Two year, OnlineSecurity_Yes",0.032082748
0.008123691,-0.08818105,-0.4099689,-0.22521815,-0.11597694,-0.23789793,0.42787522,-0.57240856,-0.47958848,-0.83845675,0.0068507884,0.11238744,-0.0006149376,0.0,-0.30583367,-0.40121368,-0.0047808792,0.0,0.75007004,0.0,-0.35848758,0.0,-0.19855785,0.0,0.53703326,0.0,-0.6335171,0.0,-0.26539344,0.07144731,0.11131126,-0.23020445,0.807914,-0.124783285,-0.0062133577,-0.050601367,"charge_per_service, PaymentMethod_Electronic check, OnlineSecurity_Yes",0.061588574
0.044113297,0.055502772,0.027417677,-0.17393087,-0.037716676,0.0134554,0.15665597,-0.2917823,0.9018616,1.023907,0.0073190443,-0.0763653,0.11828203,0.0,0.2820214,0.3302198,-0.004182846,0.0,-0.1279086,0.0,-0.6915078,0.0,-0.27395988,0.0,-0.19787985,0.0,-0.5466402,0.0,-0.4041089,0.08985659,0.15200308,-0.17242022,0.92238253,-0.12961027,0.28245908,-0.077378385,"charge_per_service, PaymentMethod_Electronic check, num_services",0.76731974
-0.10416646,-0.13787146,-0.45617887,-1.4472467,-0.038492434,-0.03159169,-0.5564703,0.049896244,-1.0377353,-0.3175769,0.012789493,-0.05863549,0.03154322,0.0,-0.26592782,0.14474627,-0.0010844662,0.0,0.35829532,0.0,0.2014563,0.0,-0.43795675,0.0,0.40240473,0.0,0.45230794,0.0,0.5187679,-0.09606154,-1.1351689,-0.1161634,-0.5949114,-0.048665956,0.021911927,-0.07400414,"tenure, Contract_Two year, num_services",0.008403929
-0.028202733,-0.22933425,-0.2731459,-0.5915056,-0.09495493,-0.07403168,-0.07538003,1.2062339,0.71654737,-0.77121836,0.0059905457,0.099034816,0.08365916,0.0,0.20581228,-0.5038999,0.11658744,0.0,-0.114984795,0.0,-0.36725155,0.0,-0.3046506,0.0,-0.18599422,0.0,-0.32874313,0.0,-0.409145,0.010167661,-1.3311296,-0.20780702,-0.96184295,0.36144555,-0.054710466,-0.14742675,"Contract_Two year, TotalCharges, PaymentMethod_Electronic check",0.013943392
-0.022280103,-0.15039319,-0.29805297,-0.024148893,-0.03457331,0.0059493985,0.16649856,-0.087940335,0.2895039,0.45811924,-0.01852741,0.15932459,-0.17592378,0.0,-0.162036,-0.39819896,-0.0047808792,0.0,0.43063447,0.0,-0.28121448,0.0,-0.33851302,0.0,-0.18189545,0.0,-0.5669623,0.0,-0.49269992,0.081539474,0.18745463,-0.1584662,-0.5647957,-0.06409659,-0.021193549,0.23142208,"StreamingTV_Yes, PaymentMethod_Electronic check, StreamingMovies_Yes",0.11455115
0.0018571247,-0.22267725,-0.2762524,-0.030014504,-0.10114824,0.00965705,1.0168173,1.283712,0.8935202,-0.80974144,0.0059905457,0.08226244,0.092963256,0.0,-0.3972929,-0.19233209,0.12745844,0.0,-0.086905584,0.0,-0.21415253,0.0,-0.21153946,0.0,-0.21599676,0.0,-0.20663749,0.0,-0.5694689,-0.7468094,-0.38976735,-0.09067331,-0.99080336,0.5484636,-0.043750394,-0.16726264,"TotalCharges, MonthlyCharges, PaymentMethod_Electronic check",0.12905373
-0.0029240139,0.08442622,0.05518814,-0.4900754,-0.114776544,-0.07817582,0.8054221,-0.33343357,0.6475998,-1.7410177,0.008432575,0.10074878,-0.00781859,0.0,-0.4391843,-0.46556312,0.12745844,0.0,-0.15368488,0.0,-0.2729832,0.0,-0.22725175,0.0,-0.1881717,0.0,-0.2826205,0.0,-0.4247275,0.14083673,0.28812766,-0.08100892,-0.55846053,-0.11349134,-0.07967715,-0.117737055,"charge_per_service, MonthlyCharges, num_services",0.019390907
-0.068402894,-0.13628392,-0.29242378,-2.0941732,-0.1034786,-0.04186267,-0.16444401,-0.9255807,0.5250403,-0.5689907,0.0059905457,-0.21681558,-0.071927905,0.0,0.15062761,-0.4422074,0.058171347,0.0,-0.09974261,0.0,-0.43449467,0.0,-0.24230169,0.0,-0.19006345,0.0,-0.37958744,0.0,-0.47655508,-0.0011944352,-1.1428639,-0.068123296,-0.5953824,-0.021485293,-0.04421164,-0.14045992,"tenure, Contract_Two year, TotalCharges",0.0002659185
-0.020923132,0.12981802,0.010984607,-0.45083076,-0.061307855,-0.0019600587,0.17987454,-0.023496537,0.84069973,0.59839016,0.00690753,0.015130195,0.007062733,0.0,0.20515895,-0.4891034,-0.0015375055,0.0,-0.05332599,0.0,-0.5939338,0.0,-0.29100665,0.0,-0.106214136,0.0,-0.6835509,0.0,-0.60831606,0.17741318,0.18082859,-0.16395769,-1.028829,0.36801744,-0.01915073,-0.118951894,"PaymentMethod_Electronic check, num_services, StreamingTV_Yes",0.11868554
-0.05391186,-0.17822936,-0.37705058,-1.8170203,-0.083306685,-0.11154971,-0.026874365,-1.0030795,0.5700594,-0.42144418,0.0059905457,-0.15687004,-0.068302676,0.0,0.16979052,-0.45928177,0.058171347,0.0,-0.10228036,0.0,-0.34162027,0.0,-0.24256012,0.0,-0.2287899,0.0,-0.35856792,0.0,-0.48420987,-0.004991605,-0.90113664,0.61144537,-1.1074936,-0.19969372,-0.034040976,-0.13961053,"tenure, PaymentMethod_Electronic check, TotalCharges",0.00055538915
0.02119758,0.09141814,0.043585707,1.4662212,-0.042963155,0.003780284,0.3463037,0.5553079,1.0170047,1.2117164,-0.014211415,-0.051315103,0.031554278,0.0,0.23560992,0.25440294,-0.0031580264,0.0,-0.08049985,0.0,-0.5005641,0.0,-0.31621036,0.0,-0.08882154,0.0,-0.46768096,0.0,-0.47860587,0.13091362,0.21725805,-0.15184855,-0.76642317,0.3950246,-0.09643757,0.25606552,"tenure, charge_per_service, num_services",0.96120137
-0.04700709,0.18392451,0.0022198556,-0.31058088,0.33850205,0.024387065,-0.0585851,-0.79166925,-0.42632332,-2.973146,0.009965358,0.02641422,-0.15711826,0.0,-0.43403646,-0.3902508,-0.0016044981,0.0,0.32236668,0.0,0.41120654,0.0,0.4059151,0.0,0.5463943,0.0,-0.5373274,0.0,-0.43791574,0.031076103,-1.1208162,-0.16341336,-0.8040996,-0.08427859,0.020703645,-0.112741455,"charge_per_service, Contract_Two year, PaymentMethod_Electronic check",0.0014472158
0.033856433,-0.18519957,-0.23177041,-0.3933806,-0.023277432,0.13170272,-0.011635862,-0.22075327,0.070881985,0.61490184,0.0075239395,-0.25161108,0.0059326272,0.0,0.17638469,0.37328172,-0.001399539,0.0,-0.06381285,0.0,0.32509747,0.0,-0.3474553,0.0,-0.057083357,0.0,-0.68245435,0.0,-0.8079056,0.22509618,0.19416821,-0.2878896,-0.6634961,0.061954554,0.016937159,-0.09742855,"StreamingMovies_Yes, StreamingTV_Yes, PaymentMethod_Electronic check",0.10932443
-0.027358836,0.14508358,0.0617329,-1.2207962,-0.15738827,-0.19038221,-0.19678456,-1.0429963,0.6523243,-0.54034215,0.0059006102,0.12624104,0.027795207,0.0,0.23669524,-0.47571,0.058171347,0.0,-0.08745821,0.0,-0.5177375,0.0,-0.21613878,0.0,-0.22240318,0.0,-0.24678782,0.0,-0.4649826,0.007376898,-1.2777275,0.8099691,-1.1788032,-0.2014309,-0.03215953,-0.12648569,"Contract_Two year, tenure, PaymentMethod_Electronic check",0.0018303616
-0.15104821,-0.27262127,0.040402226,-0.54441494,-0.03760879,0.027400877,0.39315063,-0.3513573,1.0008026,1.2251867,0.004786307,-0.09644429,0.0920118,0.0,0.28114033,0.35739818,-0.0015046225,0.0,-0.1202848,0.0,-0.41117847,0.0,-0.21292242,0.0,-0.19205113,0.0,-0.53716075,0.0,-0.41225284,0.120765045,0.13765797,-0.17795147,0.8271517,-0.14108749,0.19556738,-0.07363339,"charge_per_service, num_services, PaymentMethod_Electronic check",0.72333676
0.02120821,0.026390541,0.03211643,0.3367685,-0.036845405,0.11077516,-0.40409374,0.9161819,-1.4940276,0.2944192,-0.027256664,0.13234961,-0.032430273,0.0,-0.34126726,0.1555121,-0.0016830041,0.0,0.44512784,0.0,-0.38043407,0.0,0.59569055,0.0,-0.30965304,0.0,0.9099301,0.0,0.70867974,-0.29241168,-0.04870065,-0.15353872,0.56430143,-0.1399508,-0.016893445,0.10598023,"num_services, TotalCharges, StreamingTV_Yes",0.8412313
0.004612433,0.07296787,0.047066316,-0.20036274,0.3122546,-0.16963886,-0.03964504,-0.6354584,-0.53669584,-1.5315473,0.009965358,0.23686646,-0.13522649,0.0,-0.3325516,-0.11829033,-0.0093041975,0.0,0.25370336,0.0,0.8458558,0.0,-0.4989624,0.0,0.2711418,0.0,-0.3692776,0.0,-0.5402179,-0.4451377,-0.3364797,-0.21481259,-0.80455947,-0.09272361,0.025049314,-0.12826379,"charge_per_service, OnlineBackup_Yes, PaymentMethod_Electronic check",0.0062525193
-0.11675775,-0.08986423,-0.2314773,-1.4439013,-0.01903224,0.11746584,-0.12264006,-0.5953342,-1.3156874,-1.2494305,0.012789493,-0.040590845,0.008363805,0.0,0.18055001,-0.35640228,-0.0006027703,0.0,0.40356043,0.0,0.2923783,0.0,0.40384257,0.0,0.38232744,0.0,0.31246206,0.0,0.50403,-0.08834724,-1.4679242,0.78002715,-1.0669795,-0.14725722,0.0019136752,-0.11757097,"Contract_Two year, tenure, num_services",0.0061881174
0.004581106,0.10354158,0.13879314,-0.3879013,0.34170842,0.039967135,-0.10718316,-0.46660444,0.039905425,-1.6587383,0.007014607,0.12735686,-0.08694125,0.0,-0.37692118,-0.34682718,-0.0093041975,0.0,0.36160907,0.0,0.67541194,0.0,-0.53053147,0.0,-0.052811578,0.0,0.31440577,0.0,-0.7562093,0.15094976,0.23132056,-0.20265518,0.9219243,-0.18919028,-0.007672962,-0.0486522,"charge_per_service, PaymentMethod_Electronic check, StreamingMovies_Yes",0.1444907
-0.005102969,0.11132804,0.042929117,-0.9947199,-0.078481816,-0.041308116,0.11558766,-0.11249765,0.7576526,-1.5561574,0.006870647,0.088323206,0.01836177,0.0,-0.4447651,-0.4851183,0.12035155,0.0,-0.1906968,0.0,-0.28364393,0.0,-0.18345991,0.0,-0.1927288,0.0,-0.3775284,0.0,-0.28832766,-0.022836333,-1.8088213,-0.1706949,-1.0851054,0.42940137,-0.040000584,-0.11788127,"Contract_Two year, charge_per_service, PaymentMethod_Electronic check",0.0011148757
-0.0010532523,0.09098413,-0.19434506,-0.73799586,-0.08456726,-0.043894295,1.0248642,-0.035795297,0.7309956,-2.0079587,0.006870647,0.11009605,-0.12025338,0.0,-0.41920954,-0.60681564,0.12745844,0.0,-0.24494773,0.0,-0.25019294,0.0,-0.27753857,0.0,-0.19779344,0.0,-0.38195628,0.0,-0.35351434,0.17255074,0.25079882,-0.12511252,-0.96557915,0.5013462,-0.06307647,-0.11291487,"charge_per_service, MonthlyCharges, PaymentMethod_Electronic check",0.014523208
-0.03740963,0.14647506,-0.1076292,-0.9086744,-0.004936751,0.01651463,-0.16047856,0.1128356,-0.7227482,-1.374397,0.003594768,0.081453644,0.05644151,0.0,-0.25722507,-0.58331126,-0.00093254773,0.0,0.28743476,0.0,-0.4217361,0.0,0.30011985,0.0,0.34444904,0.0,0.22482756,0.0,-0.41262442,-0.0031362039,-1.5532982,0.6758413,-1.0932488,-0.20904927,-0.066252664,-0.105146594,"Contract_Two year, charge_per_service, PaymentMethod_Electronic check",0.003075908
-0.076137215,0.12008999,0.04000314,-0.38443434,-0.04218696,0.08291892,0.057057902,0.3154737,-0.20100984,0.61472607,0.0061388975,-0.13660116,0.073841475,0.0,-0.37892136,0.29195485,-0.0015363169,0.0,-0.13984919,0.0,-0.4920156,0.0,-0.47838256,0.0,-0.06838596,0.0,0.59216744,0.0,0.65276337,0.1253956,0.12802924,-0.17064019,0.8227728,-0.16296487,0.039599083,-0.043176975,"PaymentMethod_Electronic check, StreamingMovies_Yes, charge_per_service",0.76456344
-0.058590986,-0.23845865,-0.00540747,-0.29017425,-0.09707766,0.011566636,0.09593612,0.12131925,-0.8372791,-0.7574993,0.018233985,0.1513284,-0.23102231,0.0,-0.32895064,-0.45763054,-0.0013311765,0.0,0.41723713,0.0,0.46575776,0.0,-0.34713036,0.0,0.26959622,0.0,-0.68741465,0.0,0.42781436,-0.108607695,-0.29991606,-0.24519858,-1.0473017,0.42823297,0.01937682,-0.12909889,"PaymentMethod_Electronic check, num_services, charge_per_service",0.022965768
-0.028624456,-0.19711801,-0.106174864,-1.666187,-0.067600064,-0.01537476,0.2850413,0.11692989,0.74857175,-1.2223334,0.005020509,-0.16284092,-0.014071662,0.0,-0.36940625,-0.36043778,0.12035155,0.0,-0.05743625,0.0,-0.28908664,0.0,-0.18401933,0.0,-0.22918388,0.0,-0.37412998,0.0,-0.38586724,-0.033254232,-1.2357564,-0.04321786,-0.40527335,-0.013587836,-0.01866071,-0.14017375,"tenure, Contract_Two year, charge_per_service",0.0017389595
0.019608498,0.11884258,0.03598481,-0.28400832,-0.033973012,-0.020652806,0.48577395,0.14477277,0.87615854,0.7795112,0.0073190443,-0.0729445,0.009423456,0.0,0.2764745,0.42441028,-0.0015046225,0.0,-0.11513306,0.0,-0.35216013,0.0,-0.27226526,0.0,-0.14255352,0.0,-0.53482485,0.0,-0.4052679,0.17414613,0.18206355,0.86001,-1.0689324,-0.12619278,-0.058400325,-0.07464155,"PaymentMethod_Electronic check, num_services, PaymentMethod_Credit card (automatic)",0.69470704
-0.021760015,-0.16671833,-0.49767303,0.082542725,-0.062846035,-0.3088429,0.38722157,0.0936257,-0.23338574,-1.1083312,-0.01852741,0.124895565,0.11870658,0.0,-0.22321716,-0.4230423,-0.0043081595,0.0,-0.1692859,0.0,-0.38446477,0.0,0.38067636,0.0,0.45116577,0.0,-0.4038198,0.0,-0.2799864,0.13824327,0.19444221,0.6130018,-1.0745859,-0.1474443,0.013708165,0.18754262,"charge_per_service, PaymentMethod_Electronic check, PaymentMethod_Credit card (automatic)",0.06001368
0.04091774,0.12362035,0.019475454,1.3284377,-0.050731353,-0.023481334,0.11864602,0.18505156,0.9074681,1.0378371,-0.012109019,-0.062272996,-0.15289943,0.0,-0.064249106,0.2750134,-0.0033663616,0.0,-0.089217134,0.0,-0.6180277,0.0,-0.31847805,0.0,-0.08823841,0.0,-0.3823533,0.0,-0.48205405,0.11322135,0.15023375,-0.13108069,0.6717396,-0.21024479,-0.101446025,0.13047408,"tenure, charge_per_service, num_services",0.9091301
0.015318149,-0.15177354,0.065649614,-0.3607264,-0.026793124,-0.19075994,-1.1795638,-0.09357936,-0.54534626,0.44490534,0.011774402,-0.29424828,-0.09446949,0.0,0.19290456,0.42835963,-0.0012690211,0.0,-0.18669075,0.0,0.69861704,0.0,0.5980483,0.0,-0.10968259,0.0,0.63195676,0.0,-1.4735751,0.25541857,0.1685288,0.5983665,-1.0856518,-0.13230023,0.00361086,-0.095468014,"StreamingMovies_Yes, MonthlyCharges, PaymentMethod_Electronic check",0.12816668
-0.0052868593,0.00055242534,0.0328609,-0.33471283,-0.104842365,-0.118367985,0.04034879,-0.21448444,-0.7116458,-1.056795,0.01722982,0.18233381,-0.09425422,0.0,-0.14077915,-0.40228,-0.0020813209,0.0,0.56871957,0.0,0.97602934,0.0,-0.49086773,0.0,0.09912163,0.0,-0.35721052,0.0,-0.3826415,0.15385675,0.3077947,-0.19922675,-0.68422794,-0.18203022,-0.034956396,-0.10907917,"charge_per_service, OnlineBackup_Yes, num_services",0.037120845
-0.07561566,0.041808218,0.08146393,-0.05878232,-0.026982421,-0.009111464,0.29212177,0.5400538,0.5471073,1.0178261,-0.044171788,-0.083011776,-0.05877547,0.0,0.47385943,0.38148722,-0.001620705,0.0,-7.988396e-05,0.0,-0.4502519,0.0,-0.35109422,0.0,-0.121773645,0.0,-0.57530147,0.0,0.7090254,0.050701875,0.21055515,0.54635274,-0.77273613,-0.12465443,-0.07298414,0.18239293,"charge_per_service, PaymentMethod_Electronic check, StreamingMovies_Yes",0.90369594
-0.0073284646,0.107050024,-0.016432775,-0.74372834,-0.08552954,0.011587075,0.4148547,0.109011695,0.7254813,-1.4158795,0.009402612,0.08411378,0.028972564,0.0,-0.44996843,-0.42525625,0.12035155,0.0,-0.13496421,0.0,-0.10983037,0.0,-0.31392086,0.0,-0.19762592,0.0,-0.3715109,0.0,-0.2941168,0.007648094,-1.8708842,-0.12159683,-1.1155167,0.43982187,-0.004803165,-0.11750155,"Contract_Two year, charge_per_service, PaymentMethod_Electronic check",0.0031824172
0.027899798,-0.08118593,0.048903406,-0.8880762,-0.031664453,0.065690875,-0.6726942,-0.6165567,-0.86270064,0.21398427,0.00430621,0.18803293,-0.17913091,0.0,0.26150012,0.32667616,-0.0010381518,0.0,-0.19291773,0.0,-0.60507035,0.0,-0.59587836,0.0,-0.011337118,0.0,0.5819267,0.0,0.86173505,0.14965373,0.18055837,-0.10660091,-0.22783685,-0.0648163,-0.03359496,-0.092129104,"tenure, num_services, StreamingMovies_Yes",0.08618061
-0.050409358,0.15540962,-0.0133278435,-0.8466709,-0.08995222,-0.021985028,-0.09746814,-1.1519346,-0.8234998,-1.4953132,0.007411993,0.037030105,0.044566423,0.0,-0.35184255,-0.56710726,-0.0007271896,0.0,0.27345163,0.0,-0.4983832,0.0,0.33828717,0.0,-0.20693365,0.0,0.259314,0.0,0.43377626,-0.07215688,-1.3571243,-0.079843074,-0.66628635,-0.038639706,-0.006863913,-0.10704413,"charge_per_service, Contract_Two year, TotalCharges",0.0009082395
-0.014661951,-0.19386771,0.047560357,-0.6698625,-0.120270744,-0.1548077,-1.0129719,0.12827581,-1.7844542,-0.67125493,0.006197011,0.06813321,-0.1310363,0.0,0.3292304,0.22410062,-0.00077185105,0.0,0.21079068,0.0,0.7374892,0.0,0.5183575,0.0,0.53189576,0.0,0.5598315,0.0,0.49005622,-0.14010142,-0.99261016,-0.18949878,0.43799335,-0.09432213,-0.004076393,-0.033045232,"num_services, MonthlyCharges, Contract_Two year",0.12713534
-0.06396088,-0.20436932,-0.2433754,-1.7937579,0.29835758,-0.06450633,-0.037216865,-0.5777184,-0.97944856,-2.8745363,0.0134614725,-0.18703319,0.069612734,0.0,-0.4823207,-0.5017494,-0.0014200725,0.0,0.37809905,0.0,0.2605889,0.0,0.2294474,0.0,0.31107712,0.0,0.3614334,0.0,0.41143593,-0.06957436,-1.1568272,-0.14764081,-0.755952,-0.09907571,0.004673147,-0.110925205,"charge_per_service, tenure, Contract_Two year",0.00032803963
0.022129111,0.0021618898,-0.21385688,-0.78943735,-0.027898287,0.09476878,-0.18599662,-0.3625617,-1.1307838,-0.26272327,0.008029698,-0.24367957,-0.13937622,0.0,-0.3906211,0.20409249,-0.0010275379,0.0,-0.15273426,0.0,0.6620839,0.0,0.17166427,0.0,-0.24262506,0.0,0.5764486,0.0,0.4229684,0.08571813,0.15851347,-0.12045264,0.5448816,-0.18290424,-0.010895037,-0.040393673,"num_services, tenure, OnlineBackup_Yes",0.17460516
0.0047817808,-0.14883015,-0.54801625,0.37107918,-0.13163227,-0.04405805,-0.0018383189,-0.36370918,-0.59367484,-0.76038563,-0.015795548,0.17184478,0.04426181,0.0,-0.33081147,-0.66498584,-0.0021557235,0.0,-0.18417957,0.0,-0.39679703,0.0,-0.28829235,0.0,0.23229632,0.0,0.44761643,0.0,0.43969056,0.048902143,0.15507483,-0.18798006,0.63477033,-0.2414745,-0.048379917,0.09309841,"charge_per_service, InternetService_Fiber optic, PaymentMethod_Electronic check",0.089609966
-0.03038137,0.009825459,-0.1761205,-1.8944408,-0.0330383,0.016601827,0.34246913,0.12675804,0.73174345,0.53475744,0.0099704275,0.36696947,-0.06520457,0.0,0.24271189,0.30717412,-0.0008839363,0.0,-0.04069204,0.0,-0.15839653,0.0,-0.046439916,0.0,-0.061602812,0.0,-0.92838866,0.0,0.6345252,-0.012061059,-0.6147578,0.7241952,-0.995737,-0.077943586,-0.015407135,-0.15422386,"tenure, PaymentMethod_Electronic check, StreamingTV_Yes",0.21979763
0.005553751,0.11193894,-0.47317156,0.64084107,0.10889141,0.2652354,0.08961708,0.03557477,-0.7160489,-1.8562186,-0.03269297,0.17787579,-0.03676057,0.0,-0.18378432,-0.48852414,-0.0027006317,0.0,0.0676951,0.0,0.93769723,0.0,1.0714306,0.0,-0.24435237,0.0,0.45602426,0.0,0.23704617,0.16435495,0.34922162,-0.12268034,-0.80045146,0.6007825,-0.00801589,0.09076934,"charge_per_service, DeviceProtection_Yes, OnlineBackup_Yes",0.607382
0.022898791,-0.37295583,-0.49755672,0.19793564,-0.043933064,-0.0024071084,0.2204429,-0.2780184,0.28324026,0.27337638,-0.021908095,-0.16633548,0.050234534,0.0,-0.1965259,-0.50560904,-0.0047808792,0.0,-0.2018435,0.0,-0.1766119,0.0,-0.36023757,0.0,-0.12454505,0.0,0.50134736,0.0,-0.6037662,0.038210534,0.1364882,-0.18950804,0.6510897,-0.18235026,-0.046718776,0.120466426,"PaymentMethod_Electronic check, StreamingMovies_Yes, InternetService_Fiber optic",0.18411565
-0.000105077896,-0.18854572,-0.47221047,0.013450996,-0.024131233,0.06262555,-0.36436743,0.15156731,-0.9012178,0.28433043,0.005579306,0.113122426,0.08134945,0.0,0.323798,0.28950617,-0.000874751,0.0,-0.2543552,0.0,-0.40577385,0.0,0.540176,0.0,0.41502675,0.0,0.49939933,0.0,0.9078947,-0.08467269,-0.12240511,0.4800247,-1.0897111,-0.12777412,-0.009202267,-0.06325888,"PaymentMethod_Electronic check, StreamingMovies_Yes, num_services",0.51260203
0.020296142,-0.23814909,-0.37071708,0.2726707,-0.058884032,0.08141837,0.33287385,0.41517183,0.43054038,0.17526352,0.009345461,-0.029861191,0.07593648,0.0,-0.20188124,-0.4669736,-0.0043081595,0.0,-0.21506254,0.0,-0.30547377,0.0,0.82830024,0.0,-0.08005519,0.0,-0.47752997,0.0,-0.5101147,0.046276815,0.16688946,-0.17363183,0.84947044,-0.11258192,-0.0032214976,-0.07650655,"PaymentMethod_Electronic check, DeviceProtection_Yes, StreamingMovies_Yes",0.59162194
0.0002174156,0.16950685,0.024943069,-0.5373424,-0.1309024,-0.07764805,0.29923248,-0.25349548,-0.85863805,-0.67964464,0.022987962,0.20904809,-0.17096129,0.0,0.12157111,-0.35950354,-0.001017437,0.0,0.18718676,0.0,0.7523077,0.0,-0.31068066,0.0,0.21064173,0.0,-0.53177524,0.0,-0.5990013,-0.5144271,-0.35318938,-0.2557394,-1.2371191,0.6636042,-0.03642537,-0.123740524,"PaymentMethod_Electronic check, num_services, OnlineBackup_Yes",0.012384729
-0.009213178,0.121580064,0.07599399,1.0898553,-0.038794123,0.022890275,0.24173425,0.116697386,0.26737294,0.2832558,-0.021287479,0.16293192,-0.11661184,0.0,0.5335731,-0.17760676,-0.003811851,0.0,-0.19159174,0.0,-0.4837532,0.0,-0.36474913,0.0,0.020737924,0.0,-0.5079698,0.0,-0.5349664,0.061489277,0.22034824,-0.19433758,-0.7775432,0.3669721,-0.013609157,0.19674657,"tenure, PaymentMethod_Electronic check, StreamingMovies_Yes",0.5835848
-0.01672575,-0.18393816,0.029359914,-0.10654964,-0.032945555,0.08386891,0.08378179,-0.8858938,-0.30307287,0.37412962,0.004717724,-0.10279034,-0.0022363195,0.0,-0.5151819,0.49277127,-0.0015363169,0.0,-0.16859461,0.0,-0.49353847,0.0,-0.57312703,0.0,-0.05857525,0.0,0.97365427,0.0,0.65484154,0.18092144,0.22509676,-0.19009829,-0.9780275,0.7238204,0.030040504,-0.085261114,"PaymentMethod_Electronic check, StreamingTV_Yes, TotalCharges",0.2994506
0.03882262,0.07756362,0.020970892,1.5572305,-0.041915834,0.00751761,0.34293962,0.34400293,0.952302,1.0526556,-0.010491843,-0.053101145,-0.06628786,0.0,-0.15870051,0.2577731,-0.0033663616,0.0,-0.05522552,0.0,-0.43776047,0.0,-0.3005809,0.0,-0.06988733,0.0,-0.41114226,0.0,-0.5052481,0.18946153,0.22402279,-0.15943901,-0.7432854,0.4212922,-0.07715159,0.25742444,"tenure, charge_per_service, num_services",0.93348944
-0.15007578,-0.24913998,0.09109644,-0.0059901467,-0.052150894,0.017734468,0.21625385,-0.04727557,0.8894218,0.9185057,0.004786307,-0.09104487,0.09546971,0.0,0.3268696,0.31018856,-0.004182846,0.0,-0.06508298,0.0,-0.6026177,0.0,-0.28106213,0.0,-0.19698714,0.0,-0.4211291,0.0,-0.4484711,0.08248736,0.14127454,-0.16800158,0.86270094,-0.19743228,0.31300962,-0.14699171,"charge_per_service, num_services, PaymentMethod_Electronic check",0.75645417
0.005620757,0.033710375,0.048476644,-0.5061358,-0.036437757,0.06596559,0.12812898,0.05015317,-1.6457378,0.0757419,0.008029698,-0.25063744,-0.23037794,0.0,0.2476317,0.2664976,-0.00083869125,0.0,-0.09421874,0.0,0.50285566,0.0,1.5662794,0.0,-0.266628,0.0,0.7130683,0.0,0.46676177,0.11829404,0.087362915,-0.17020734,0.45238185,-0.17403667,-0.010885483,-0.035866193,"num_services, DeviceProtection_Yes, StreamingTV_Yes",0.803154
-0.020490093,0.071102075,0.05549049,1.4145623,-0.08795536,0.050121486,0.73377025,0.5808508,0.79384136,-1.289031,-0.013782453,0.09827694,0.1466094,0.0,-0.29749352,-0.3195296,0.107984215,0.0,-0.030644873,0.0,-0.3019422,0.0,-0.3236805,0.0,-0.12340208,0.0,-0.38408104,0.0,-0.41690907,0.23903014,0.39802727,-0.13745892,-0.8507304,0.5230425,-0.05438432,0.24301252,"tenure, charge_per_service, PaymentMethod_Electronic check",0.688985
0.010491948,-0.15444306,0.04388943,-0.050756164,-0.02423958,0.095816486,-0.18788868,-0.6880143,-0.12575203,0.41797322,0.0037026329,-0.15008423,-0.048367325,0.0,-0.44675475,0.44289255,-0.0015629514,0.0,-0.18543893,0.0,-0.5944901,0.0,0.67817324,0.0,-0.11358507,0.0,0.7860242,0.0,-0.80607295,0.25338602,0.21876755,-0.08925879,-0.7670452,-0.10343475,0.010665238,-0.12601358,"StreamingMovies_Yes, StreamingTV_Yes, PaymentMethod_Electronic check",0.15313186
-0.030100066,-0.2685199,-0.3457603,-0.6519299,-0.06382019,0.031214098,0.38801798,0.16789247,0.69410086,-1.5480146,0.0068698744,0.04425928,-0.0005899379,0.0,-0.37989303,-0.5490346,0.12035155,0.0,-0.0904756,0.0,-0.38297376,0.0,-0.29594293,0.0,-0.21882977,0.0,-0.20975344,0.0,-0.3689624,-0.0049078204,-1.5616486,-0.15158737,-0.89817184,0.43443245,-0.06288557,-0.1509002,"Contract_Two year, charge_per_service, PaymentMethod_Electronic check",0.0017326121
-0.06070464,-0.17985757,-0.2522196,-2.1215165,-0.0338853,0.017161872,-0.36838993,-0.48137945,-0.60993135,-0.07234474,0.02799312,-0.045240212,0.015413644,0.0,0.20445749,0.17644203,-0.00086424523,0.0,0.4578712,0.0,0.41226932,0.0,-0.36779124,0.0,0.4242025,0.0,-1.0117986,0.0,0.89167076,-0.086792275,-0.9460592,0.49485582,-0.82798976,-0.04957701,0.010404327,-0.12166225,"tenure, StreamingTV_Yes, Contract_Two year",0.010834897
-0.01842747,0.15172954,-0.33123565,-0.6275282,0.2780881,-0.027929384,0.10521394,0.37288326,-0.30631182,-1.7207898,0.009347653,-0.0058602043,0.0056365044,0.0,-0.48356292,-0.34580365,-0.0023025307,0.0,0.7299428,0.0,-0.37205902,0.0,0.4315971,0.0,0.4512488,0.0,-0.478719,0.0,-0.35890052,0.014429652,-1.6308447,-0.15359154,-0.978745,0.36183044,-0.06600672,-0.11669397,"charge_per_service, Contract_Two year, PaymentMethod_Electronic check",0.005927607
0.010741303,0.111171156,0.10660149,1.0416925,-0.048911728,0.054129023,0.17664334,0.626288,-0.42726108,0.6481143,-0.014273351,-0.11766897,-0.06480443,0.0,-0.34013882,0.36208308,-0.0016214997,0.0,-0.14556885,0.0,-0.37927502,0.0,-0.4455695,0.0,0.017231904,0.0,0.57163364,0.0,0.5598081,0.10069411,0.13602379,-0.1544533,0.6787814,-0.20344472,-0.04728301,0.08986238,"tenure, PaymentMethod_Electronic check, charge_per_service",0.9474694
-0.032910008,0.07212883,0.08174112,-0.7033532,-0.035754073,0.015889829,-0.27350214,-0.83870155,-0.36432353,0.4572083,0.00553532,0.21786214,-0.0024688789,0.0,0.23080638,0.27792948,-0.0015375055,0.0,0.38574836,0.0,-0.50786614,0.0,-0.41514194,0.0,-0.19591713,0.0,0.7208732,0.0,-0.97011,0.05827952,0.13105278,-0.19720924,0.9588484,-0.1050409,-0.012649196,-0.044019338,"StreamingMovies_Yes, PaymentMethod_Electronic check, TotalCharges",0.2505976
-0.053607672,0.036637846,-0.0689356,-2.081849,-0.05746568,-0.0018110959,-0.040563874,-0.743922,0.3901783,-1.8478534,0.009402612,-0.15535833,-0.043885592,0.0,-0.23313783,-0.44617897,0.12035155,0.0,-0.09041481,0.0,-0.41125134,0.0,-0.18924144,0.0,-0.23568909,0.0,-0.28653926,0.0,-0.34547374,-0.016170036,-1.2765007,0.1694497,-1.2439629,-0.22442211,-0.06946235,-0.13755003,"tenure, charge_per_service, Contract_Two year",6.881279e-05
0.46798658,-0.068145245,-0.024583783,-1.555388,-0.076556556,0.105636686,-0.29856607,-0.497645,-1.2934433,-0.87617767,0.012789493,-0.15405007,-0.052990396,0.0,0.17467251,-0.2917265,-0.0006027703,0.0,0.28280526,0.0,0.3208412,0.0,0.42100638,0.0,-0.21779738,0.0,0.3116323,0.0,0.4078543,-0.09698112,-1.370411,0.7695277,-1.1963487,-0.11332434,0.0015344295,-0.11934581,"tenure, Contract_Two year, num_services",0.006453714
-0.110728115,0.13953793,0.0018032314,-0.2519085,-0.041370027,0.18798943,0.27096015,0.21688507,0.2550849,0.9715605,0.020548737,-0.26728046,-0.08615253,0.0,-0.30598956,0.30076334,-0.0019305871,0.0,-0.07167248,0.0,0.75772893,0.0,-0.36931825,0.0,-0.037752934,0.0,-0.76687974,0.0,-0.40137267,0.106059186,0.14501104,-0.19117387,0.77554566,-0.16057882,0.027817177,-0.0633608,"charge_per_service, PaymentMethod_Electronic check, StreamingTV_Yes",0.73904276
0.018058179,0.20068696,0.076637335,-0.54941493,-0.2504586,-0.07140272,0.27905,0.4623762,1.13609,-0.658443,0.006870647,0.23963985,-0.019009566,0.0,0.28861567,-0.39569566,0.11894358,0.0,-0.12779462,0.0,-0.51933134,0.0,-0.18741484,0.0,-0.19040911,0.0,-0.28466803,0.0,-0.65394646,-0.22407405,-0.39668578,-0.20816298,-0.64522207,-0.10223645,0.07457144,-0.14317325,"num_services, charge_per_service, StreamingMovies_Yes",0.060949177
-0.018823732,-0.18575878,-0.17086238,-0.5421402,-0.079010636,-0.058061942,0.7336552,0.16043451,0.60373527,-2.561159,0.005020509,0.07600386,0.014735079,0.0,-0.48685217,-0.3926335,0.12035155,0.0,-0.01764224,0.0,-0.19706419,0.0,-0.34204513,0.0,-0.22071421,0.0,-0.35490882,0.0,-0.2486586,0.0058146943,-1.875806,-0.12252133,-0.97852623,0.38503683,-0.05605192,-0.1787052,"charge_per_service, Contract_Two year, PaymentMethod_Electronic check",0.00091837515
0.029602902,-0.12402495,0.06469433,-0.6225018,-0.03871134,-0.32645255,-0.6336112,-0.49309304,-1.1988609,0.25243652,0.0039372896,0.082896255,-0.22636952,0.0,0.38514635,0.31571445,-0.0008079108,0.0,-0.37258673,0.0,-0.61372,0.0,0.5380962,0.0,0.14466007,0.0,0.6162685,0.0,0.7023804,-0.03526707,-1.2872311,-0.06212624,-0.5925736,-0.050715197,0.022500794,-0.080768615,"Contract_Two year, num_services, StreamingMovies_Yes",0.026341517
-0.014894195,-0.16833195,-0.29408014,-0.30517283,-0.026390161,-0.15709119,-0.34458053,-0.4315506,-0.6895495,0.32559186,0.0043077907,-0.17244887,-0.26726687,0.0,0.21318439,0.29496863,-0.001002092,0.0,0.021558179,0.0,0.9794841,0.0,-0.56017804,0.0,-0.11450297,0.0,0.5692357,0.0,1.0590843,-0.5752187,-0.16441056,-0.21190234,-0.66650957,0.3227544,-0.0013048383,-0.0922529,"StreamingMovies_Yes, OnlineBackup_Yes, num_services",0.18583608
-0.047953874,-0.26466942,0.01193578,-0.3726718,-0.043781154,0.0372414,0.2654408,-0.26192427,0.7054508,0.25177068,0.004374793,-0.07966068,-0.15491635,0.0,0.33452225,0.26308534,-0.0015046225,0.0,-0.069319785,0.0,-0.42319167,0.0,-0.3015836,0.0,-0.18400005,0.0,-0.555445,0.0,-0.40839735,0.096625604,0.13966185,-0.19123115,0.7290872,-0.12750351,0.000581496,-0.06417701,"PaymentMethod_Electronic check, num_services, StreamingTV_Yes",0.3271771
-0.018838521,0.09375719,0.06474056,1.3134085,-0.12660041,0.042083666,0.15407045,0.510084,0.88581187,-0.96657544,-0.017756745,0.13129489,-0.019368796,0.0,0.18217038,-0.33359754,0.104423255,0.0,-0.058480646,0.0,-0.42002836,0.0,-0.36820036,0.0,-0.07728762,0.0,-0.45829642,0.0,-0.4288872,0.17635827,0.36976823,-0.17581192,-0.8421998,0.6474654,-0.0509842,0.20919675,"tenure, charge_per_service, num_services",0.62548435
0.044939987,-0.26250222,0.070952654,0.31209987,-0.040874206,0.03058799,0.37922287,0.28664708,0.25481483,0.82988423,-0.013810415,-0.13236725,0.08054297,0.0,0.315224,0.369154,-0.0033052235,0.0,-0.017956506,0.0,-0.50710326,0.0,-0.23217984,0.0,-0.1831368,0.0,0.55231565,0.0,-0.71293396,0.059960507,0.14136189,-0.16079313,0.70990753,-0.14534764,-0.045543633,0.109872594,"charge_per_service, StreamingMovies_Yes, PaymentMethod_Electronic check",0.8890239
-0.06386507,-0.21501711,-0.13206297,-0.35709947,-0.058732804,-0.045566652,-0.26782462,-0.8050226,-1.0781457,-1.2462629,0.012789493,0.07351149,0.07087022,0.0,-0.32193226,-0.54162014,-0.00091538555,0.0,0.4199161,0.0,0.36797437,0.0,-0.42997503,0.0,0.39731243,0.0,0.38223156,0.0,0.5464926,-0.058647405,-1.5663112,-0.15011615,-0.55345184,-0.015999917,0.013852831,-0.1218295,"Contract_Two year, charge_per_service, num_services",0.0031591903
-0.11063146,-0.12732664,0.06201785,-1.0839937,-0.069758,0.028751345,0.33192018,-1.1068671,-0.33487642,-0.44083723,0.0068507884,-0.1382152,0.005864278,0.0,-0.22925983,-0.33515462,-0.0016198799,0.0,0.48028448,0.0,-0.1649626,0.0,-0.2838495,0.0,0.4834184,0.0,-0.6094416,0.0,-0.405381,-0.034890804,-0.42366537,-0.27441704,-0.68248546,-0.05146122,0.054842718,-0.11766088,"TotalCharges, tenure, PaymentMethod_Electronic check",0.0037522858
-0.054046426,-0.18150209,-0.45820674,-0.18367666,-0.07006768,-0.18467033,0.26941144,0.17765872,-0.3862418,-0.34389022,0.014732954,0.14828351,-0.062482174,0.0,-0.13663872,-0.3850415,-0.0019305871,0.0,0.14100057,0.0,0.5503038,0.0,-0.45321828,0.0,-0.15378946,0.0,-0.44532937,0.0,-0.33674794,0.1880964,0.23885082,-0.2141371,-0.947721,0.47898805,0.004438583,-0.088373296,"PaymentMethod_Electronic check, OnlineBackup_Yes, PaymentMethod_Mailed check",0.052911464
-0.02270062,-0.19265893,-0.15109678,-0.368847,-0.062855095,-0.07683849,0.57617366,-0.10446407,0.5988647,-1.109405,0.005020509,0.08421452,-0.044411328,0.0,-0.45563573,-0.63954216,0.12035155,0.0,-0.10739953,0.0,-0.23476435,0.0,-0.23036867,0.0,-0.21283092,0.0,-0.3161229,0.0,-0.33880928,0.016394176,-1.5446593,-0.12221685,-0.9059925,0.38422418,0.2047144,-0.12231175,"Contract_Two year, charge_per_service, PaymentMethod_Electronic check",0.0045739166
0.011426606,-0.3864584,0.11333581,1.2159988,0.35839218,0.03414292,0.30218545,0.25862157,0.999007,0.50346714,-0.009353037,-0.030189857,-0.20302816,0.0,-0.019050872,-0.3422604,-0.0057204627,0.0,-0.05162448,0.0,-0.3613561,0.0,-0.35373586,0.0,-0.106426656,0.0,-0.5819272,0.0,-0.5656925,0.10662019,0.14881767,-0.13536651,0.7355131,-0.16870174,-0.06403694,0.14163847,"tenure, num_services, PaymentMethod_Electronic check",0.8227965
-0.069541164,-0.15280525,-0.19061399,-1.5622016,-0.05403168,0.04709004,-0.35437375,-0.7912145,-1.2424515,-1.7336621,0.012789493,-0.11271342,0.0022115565,0.0,-0.36580002,-0.36683527,-0.0007095528,0.0,0.4016859,0.0,0.32118925,0.0,0.4334117,0.0,0.31495807,0.0,0.20352921,0.0,0.5075091,-0.0959365,-1.3310039,-0.17974775,-0.60654736,-0.0491571,0.004164083,-0.11819033,"charge_per_service, tenure, Contract_Two year",0.00079384714
0.020687085,0.11370774,0.061420638,0.9148568,-0.049387604,0.08271758,0.25955382,0.90788084,0.4816247,-0.1607048,-0.04146809,-0.33008674,0.099897936,0.0,-0.041214116,-0.35186598,-0.0037906272,0.0,-0.037868056,0.0,0.592351,0.0,-0.54268306,0.0,-0.1305394,0.0,-0.5710201,0.0,-0.55057746,0.09468791,0.16118939,-0.2174861,0.80213225,-0.2634389,-0.039784413,0.10384999,"tenure, TotalCharges, PaymentMethod_Electronic check",0.79507875
-0.10593547,-0.091962546,-0.054202028,-1.917105,-0.07220527,-0.09301679,-0.17268914,-0.38874173,-0.98405296,-1.3150592,0.004609269,-0.14373912,-0.01250956,0.0,0.16322237,-0.52270514,-0.00062040717,0.0,0.21617387,0.0,-0.19597173,0.0,0.2040781,0.0,0.18967618,0.0,0.32085708,0.0,0.51926476,-0.062275916,-1.2008358,-0.1286876,-0.69205415,-0.034710217,0.011020741,-0.1213869,"tenure, charge_per_service, Contract_Two year",0.001241251
0.009005151,0.12385244,-0.008269942,0.3332353,-0.13307989,-0.04999697,0.9187402,0.5312984,0.8690498,-2.125688,0.0059006102,0.12379206,0.08142775,0.0,-0.49699903,-0.2332394,0.12745844,0.0,-0.016192544,0.0,-0.27968577,0.0,-0.2783922,0.0,-0.25409576,0.0,-0.3638891,0.0,-0.55326986,-0.5128053,-0.32381603,-0.15267369,-1.1718113,0.57960486,0.012126363,-0.108857356,"charge_per_service, PaymentMethod_Electronic check, MonthlyCharges",0.033696044
0.07749173,-0.47794363,0.07887598,1.3752803,-0.041253913,-0.18781857,0.15540102,0.61606777,0.298083,1.2027702,-0.00741756,-0.121651076,-0.14832345,0.0,-0.1947647,0.34567988,-0.0033663616,0.0,-0.102393284,0.0,-0.2191448,0.0,-0.29095134,0.0,-0.0739181,0.0,0.90428144,0.0,-0.6425139,0.109011404,0.16450825,-0.15218118,0.60822123,-0.18398914,-0.027281417,0.11364617,"tenure, charge_per_service, StreamingTV_Yes",0.9595182
0.017671563,0.08357789,0.034362506,0.45271972,-0.05089964,-0.0156099275,0.24990384,0.3450663,0.97855157,1.1752613,-0.01701288,-0.021409743,-0.22952503,0.0,0.30671173,0.25261775,-0.0033052235,0.0,-0.010420375,0.0,-0.5201425,0.0,-0.36832002,0.0,-0.24319384,0.0,-0.37371543,0.0,-0.53544855,0.058761165,0.13134657,-0.14608878,0.61156297,-0.16501094,-0.099453315,0.11586852,"charge_per_service, num_services, PaymentMethod_Electronic check",0.8813838
-0.008150401,0.13272479,0.06179486,-0.45497587,-0.026626065,0.024208227,-0.13589074,0.17200208,-0.20384109,0.45702058,0.00553532,0.17811628,0.03851588,0.0,0.21966952,0.43325427,-0.0015375055,0.0,0.34884918,0.0,-0.4435445,0.0,-0.26968446,0.0,-0.12823611,0.0,0.6610973,0.0,-0.93185055,0.2054232,0.19405797,0.63275105,-1.1483512,-0.11354638,-0.0132793365,-0.07933818,"PaymentMethod_Electronic check, StreamingMovies_Yes, StreamingTV_Yes",0.44950822
-0.02232622,0.08190656,0.08740993,0.061927363,-0.16941658,-0.13298711,0.38442343,-0.108045325,0.82768095,-2.0508773,-0.031135889,0.1783832,-0.018918218,0.0,-0.5164759,-0.21439126,0.12745844,0.0,-0.07352042,0.0,-0.27365845,0.0,-0.32583734,0.0,-0.20513271,0.0,-0.2545708,0.0,-0.30278492,0.14161517,0.3455338,0.519984,-1.1888932,-0.26936033,-0.070972234,0.13869758,"charge_per_service, PaymentMethod_Electronic check, num_services",0.034121517
-0.048714455,0.02173249,0.04364731,-2.0371318,-0.18221958,-0.036795925,-0.009057742,-0.94417024,0.61693245,-0.6344343,0.006870647,-0.13706554,-0.08244355,0.0,0.117938876,-0.42341283,0.058171347,0.0,-0.094960004,0.0,-0.503877,0.0,-0.20682731,0.0,-0.23250404,0.0,-0.37895176,0.0,-0.5256094,0.0007796467,-0.912409,-0.09209553,-0.7201599,-0.028545842,-0.042665962,-0.13176082,"tenure, TotalCharges, Contract_Two year",0.0005265877
0.011879177,-0.17282042,0.08523234,-1.9954798,-0.12481113,0.030886624,-1.3325619,-0.5409626,-1.8526595,-0.51996213,0.0134614725,-0.05101819,0.0941038,0.0,0.21746776,0.2203526,-0.00077185105,0.0,0.2546958,0.0,0.8274604,0.0,0.67549914,0.0,-0.35563585,0.0,0.55291724,0.0,0.37526327,-0.17837557,-1.1988606,-0.18501827,0.6676406,-0.08565295,-0.0056709056,-0.04262866,"tenure, num_services, MonthlyCharges",0.0097098425
0.0271488,-0.13357379,-0.23856239,0.13703549,-0.024187904,0.09106667,0.08431701,-0.24947987,-1.0141118,-0.03710166,0.0134614725,-0.21622443,-0.057808697,0.0,-0.3683668,0.22663899,-0.0010275379,0.0,-0.13149972,0.0,0.54198855,0.0,0.64711154,0.0,-0.15546468,0.0,0.78464574,0.0,0.6752764,-0.42084435,-0.16872913,-0.1419535,-0.9150691,0.48878032,0.015418107,-0.100730814,"num_services, PaymentMethod_Electronic check, StreamingTV_Yes",0.3428378
0.6385688,0.16850017,0.027138073,-0.58753395,-0.08319826,0.2116194,0.22856517,-1.1136149,-0.6703856,-1.043719,0.003594768,0.09006975,-0.07617153,0.0,-0.23904274,-0.24182944,-0.00093254773,0.0,0.5710897,0.0,-0.381469,0.0,0.4081341,0.0,0.4473929,0.0,0.33480707,0.0,-0.41016597,-0.030358719,-1.1271421,-0.19765872,-0.64311427,0.017712183,0.052936777,-0.10283031,"Contract_Two year, TotalCharges, charge_per_service",0.022801492
0.008157521,-0.119233474,-0.5957746,0.18119277,-0.11080903,-0.47717056,0.40828395,-0.25196257,-0.12322726,-0.85501826,0.01761628,-0.051034056,-0.18812361,0.0,-0.3602532,-0.48085222,-0.0016830041,0.0,-0.20813783,0.0,-0.3454847,0.0,0.6470469,0.0,-0.14751841,0.0,-0.719051,0.0,0.6058801,0.013322259,0.15107845,-0.18157297,0.74032396,-0.13968301,-0.006626978,-0.04624083,"charge_per_service, PaymentMethod_Electronic check, StreamingTV_Yes",0.0662743
-0.010505234,0.03492602,0.050036613,-0.5681685,-0.036437757,0.06567966,0.048949778,0.056947123,-1.6369375,0.07449142,0.008029698,-0.25068453,-0.23491046,0.0,0.24893624,0.2664976,-0.00083869125,0.0,-0.12471041,0.0,0.50871754,0.0,1.559248,0.0,-0.26527292,0.0,0.6534433,0.0,0.45601344,0.12165875,0.087362915,-0.1691543,0.45238185,-0.17880924,-0.01058651,-0.035866193,"num_services, DeviceProtection_Yes, StreamingTV_Yes",0.7616252
0.012042145,0.11329777,0.077153064,-0.57297283,-0.071919985,0.08604364,0.038023125,-0.15764652,-0.28959712,-0.5891783,0.007411993,0.0024184294,0.034487803,0.0,0.33972052,-0.67750144,-0.0008079108,0.0,-0.13475269,0.0,-0.47694212,0.0,0.27664828,0.0,-0.1433736,0.0,0.35025647,0.0,0.5389226,-0.05507022,-1.1179553,-0.093073994,-0.78952557,-0.06714915,0.0005519012,-0.13948959,"Contract_Two year, PaymentMethod_Electronic check, InternetService_Fiber optic",0.02906275
0.010284176,0.070229344,0.102911346,0.35084334,-0.03131322,0.083319835,0.39390293,0.37766448,-0.47224075,0.8428089,-0.036526695,-0.29398605,-0.028609013,0.0,0.3604927,0.3601877,-0.0015358801,0.0,-0.1073202,0.0,0.7982459,0.0,-0.584526,0.0,-0.09605251,0.0,0.8076914,0.0,0.6383327,0.079752855,0.18819444,0.4445908,-0.8026951,-0.129812,-0.04519777,0.16320652,"charge_per_service, StreamingTV_Yes, PaymentMethod_Electronic check",0.96875095
-0.023379171,0.12797755,0.04832046,-0.49828792,-0.15686238,0.030987412,-0.00040714722,-0.7035028,0.5800509,-0.75109965,0.009402612,0.08392007,0.02443621,0.0,0.195737,-0.4994505,0.11658744,0.0,-0.079287626,0.0,-0.59256554,0.0,-0.29919496,0.0,-0.18855047,0.0,-0.18605776,0.0,-0.35021582,0.008086413,-1.3619008,0.78743994,-1.1645554,-0.20135103,-0.06691377,-0.12644751,"Contract_Two year, PaymentMethod_Electronic check, PaymentMethod_Credit card (automatic)",0.0052414043
0.015295979,-0.3208448,-0.282595,0.08364606,-0.075005636,0.0901676,0.106261104,-0.19723338,-0.5439976,-0.63292736,0.0045642145,0.1477353,0.02540999,0.0,0.3036053,-0.43281564,-0.004119313,0.0,0.41372022,0.0,-0.39649528,0.0,0.3837014,0.0,-0.06880571,0.0,0.53540874,0.0,-0.72735953,-0.11521292,-0.36228782,-0.09071207,-0.71950495,-0.15061721,0.008813054,-0.08840697,"StreamingMovies_Yes, PaymentMethod_Electronic check, charge_per_service",0.043130394
-0.06292726,-0.25957838,-0.23622641,-0.86375433,0.24585783,-0.11586035,-0.085853465,-0.68614995,-0.4665061,-1.8977233,0.005525032,0.11069163,-0.13632546,0.0,-0.55909246,-0.5531795,-0.0014200725,0.0,-0.32656294,0.0,0.7817067,0.0,0.4875299,0.0,0.34601966,0.0,0.24124558,0.0,0.28406766,-0.05724336,-1.7240533,0.5604198,-0.9648854,-0.2039837,0.0058096508,-0.11013138,"charge_per_service, Contract_Two year, PaymentMethod_Electronic check",0.0019240222
-0.014850079,-0.3696541,0.02718554,0.4005549,-0.048262913,-0.117274284,0.036838643,0.38090914,0.25199312,0.12766007,-0.020126214,0.08666026,-0.05109065,0.0,-0.27298442,-0.22841896,-0.004310016,0.0,-0.21490821,0.0,-0.37620702,0.0,-0.39483383,0.0,0.2883352,0.0,-0.56552356,0.0,-0.32641912,0.078354724,0.21060082,-0.18715028,-1.0408999,0.3741478,-0.0077259983,0.2208858,"PaymentMethod_Electronic check, StreamingTV_Yes, tenure",0.14612271
0.016117139,-0.2418621,0.057200138,-0.22141245,-0.03935399,0.069081284,-0.69740313,0.005536091,-1.2118064,0.17612424,0.005579306,0.11970246,0.047531314,0.0,0.32653782,0.21825597,-0.000874751,0.0,-0.27039438,0.0,-0.48675984,0.0,1.3468425,0.0,0.7248929,0.0,0.6994333,0.0,0.78350353,-0.060549878,-0.031108577,-0.17244807,0.745031,-0.16351224,-0.009630836,-0.037417203,"DeviceProtection_Yes, num_services, StreamingMovies_Yes",0.8439621
-0.008828259,-0.25536814,-0.29790485,-1.1543238,-0.094002165,-0.240207,0.26721102,-1.2333324,-0.48666713,-1.0475047,0.017227627,0.172004,0.12966953,0.0,-0.18198943,-0.33660418,-0.0010428828,0.0,0.2864679,0.0,0.91705275,0.0,0.625433,0.0,0.10002879,0.0,-0.6310205,0.0,-0.6641226,-0.06779394,-0.38743305,-0.25515783,-0.65264624,-0.08800669,0.016261186,-0.12111718,"TotalCharges, tenure, charge_per_service",0.0033933406
-0.0398452,0.07633165,0.07606801,0.1856303,-0.022978866,-0.22053407,0.22722001,0.16734457,-0.6246525,0.7397749,0.0055798963,0.1366107,-0.014878526,0.0,0.29871893,0.3166986,-0.0016575583,0.0,0.40288815,0.0,-0.37733114,0.0,-0.42729825,0.0,-0.18787287,0.0,0.95648754,0.0,0.9188056,0.07096055,0.18938866,-0.20441517,-0.8167833,0.39838928,0.0012232695,-0.084075615,"StreamingTV_Yes, StreamingMovies_Yes, PaymentMethod_Electronic check",0.894445
-0.004145583,-0.05590203,-0.27692035,-0.16415404,-0.120522656,0.0307895,0.24831715,0.055106286,-0.55738443,-1.1353326,0.014732954,0.25520748,0.07206916,0.0,-0.1952687,-0.30757222,-0.0010428828,0.0,0.39191246,0.0,0.8005707,0.0,0.6757175,0.0,-0.06589427,0.0,-0.7429833,0.0,-0.53620464,-0.17460689,-0.13994725,-0.17610079,0.77042955,-0.1836024,0.0014208829,-0.048179217,"charge_per_service, OnlineBackup_Yes, PaymentMethod_Electronic check",0.17103393
-0.084586784,0.09257757,0.01514398,-0.5858904,-0.03133646,0.08396504,1.0010707,-0.6487631,0.3485324,0.83196163,0.019875176,-0.06742333,-0.15328312,0.0,0.23492423,0.29494467,-0.0013412217,0.0,-0.15860237,0.0,-0.4011223,0.0,0.45892724,0.0,-0.14267626,0.0,-0.64138055,0.0,-0.60383135,0.1169658,0.12106083,-0.1464358,0.9664926,-0.13168193,-0.019561639,-0.053421974,"MonthlyCharges, PaymentMethod_Electronic check, charge_per_service",0.66957784
-0.11311797,-0.11416287,-0.037809506,-1.855371,-0.094222,-0.12134754,-0.15083164,-0.96258074,-1.4543527,-1.499146,0.006197011,-0.07082932,-0.1566389,0.0,0.18367103,-0.43659374,-0.0006027703,0.0,0.1732242,0.0,0.4197935,0.0,0.14056045,0.0,0.24517642,0.0,0.32023898,0.0,0.54237217,-0.115835935,-1.424284,-0.21316826,-0.7530311,-0.020108642,-0.0034884033,-0.11882908,"tenure, charge_per_service, num_services",0.0004553697
-0.010579989,-0.15132663,-0.21926396,-0.36123827,-0.06439302,0.022626441,0.40556023,0.580971,0.8533818,-1.5209754,0.0059905457,0.080711566,0.017501798,0.0,-0.4670994,-0.43717498,0.12035155,0.0,-0.11484032,0.0,-0.0601545,0.0,-0.31069812,0.0,-0.19655557,0.0,-0.34469625,0.0,-0.29528326,-0.025624266,-1.9613163,-0.15442115,-0.95753837,0.33520973,0.037964586,-0.11956837,"Contract_Two year, charge_per_service, PaymentMethod_Electronic check",0.004862609
-0.0073822713,-0.062215365,-0.30773425,0.3318416,-0.11157645,-0.025544927,0.7666896,-0.33268556,0.77625406,-1.3716109,-0.014221426,0.0758085,-0.033851694,0.0,-0.51912814,-0.2110465,0.11545408,0.0,-0.03646142,0.0,-0.28995198,0.0,-0.33430073,0.0,-0.15184659,0.0,-0.30499592,0.0,-0.57407624,-0.793392,-0.33311597,-0.11219951,-0.9234309,0.55700564,-0.060331196,0.22468382,"charge_per_service, PaymentMethod_Electronic check, Contract_One year",0.016754534
0.074852265,0.152965,0.09327338,0.1261499,-0.065630324,0.01440516,0.38478985,-0.11156219,0.8897405,1.115319,0.0073190443,-0.07763727,0.1583203,0.0,0.2674571,-0.37926587,-0.004282714,0.0,-0.1606977,0.0,-0.40972385,0.0,-0.1826425,0.0,-0.18340753,0.0,-0.5571805,0.0,-0.6497143,0.060413316,0.14164586,-0.19369878,0.98216397,-0.13745712,0.26746073,-0.09262781,"charge_per_service, PaymentMethod_Electronic check, num_services",0.8208211
-0.053592943,0.11306011,0.04210211,-1.8145486,0.34704098,-0.05714912,-0.12234604,-0.38298094,-0.9406878,-3.1415017,0.01529416,-0.07797561,0.08003676,0.0,-0.42371002,-0.49053875,-0.0014200725,0.0,0.38449427,0.0,0.35591894,0.0,0.09539122,0.0,0.33765218,0.0,0.3678649,0.0,0.42362195,-0.16443278,-1.1313471,-0.12747353,-0.8608163,-0.104222804,0.005125984,-0.11572791,"charge_per_service, tenure, Contract_Two year",0.00058011996
-0.07876967,0.12659465,-0.1855792,-0.85351217,-0.036080446,-0.32980916,-0.024877032,-0.3489144,-0.56229454,-1.0851655,0.005426865,0.1086497,-0.042478096,0.0,-0.28898922,-0.4858377,-0.0010814521,0.0,0.39888337,0.0,-0.4926593,0.0,0.47794557,0.0,0.1781032,0.0,0.2488478,0.0,-0.6753909,-0.30831853,-0.41196913,0.8771228,-1.1836276,-0.1632171,0.011609363,-0.10498694,"PaymentMethod_Electronic check, charge_per_service, PaymentMethod_Credit card (automatic)",0.0052764886
-0.0132158585,0.18629557,0.02168009,-0.033466674,-0.041969977,-0.01798957,0.16217698,0.16716191,0.1405279,0.118643165,0.02140022,0.1419471,-0.20007202,0.0,0.2053519,-0.43423334,-0.004282714,0.0,0.28543964,0.0,-0.32877636,0.0,-0.264505,0.0,-0.21530066,0.0,-0.6376105,0.0,-0.63843757,0.047791407,0.20058987,-0.2745873,-1.0046597,0.28786126,0.024612382,-0.09377313,"PaymentMethod_Electronic check, StreamingMovies_Yes, StreamingTV_Yes",0.09973009
-0.022180783,0.14696136,0.087749995,-2.098206,-0.11697525,0.046394143,-1.2491176,-0.6286416,-1.695632,-0.30417404,0.008029698,-0.023906704,-0.33391538,0.0,0.33895007,0.22566186,-0.00077185105,0.0,-0.17439333,0.0,0.6430091,0.0,0.5051268,0.0,0.5629712,0.0,0.5309338,0.0,0.5074564,-0.15395987,-0.9430829,-0.18187052,0.5881732,-0.14605875,-0.009909403,-0.04267197,"tenure, num_services, MonthlyCharges",0.01902345
0.03367362,0.15798303,0.119271465,-1.027961,0.39907384,-0.10228187,0.30653065,0.2016806,1.1441003,0.6882183,0.004375566,-0.051205467,-0.21858528,0.0,-0.26569453,-0.40666723,-0.012569474,0.0,-0.101108946,0.0,-0.36661202,0.0,-0.122976616,0.0,-0.15291516,0.0,-0.5291782,0.0,-0.54695743,0.06413433,0.11823875,-0.1911143,0.8623963,-0.13469674,0.08965372,-0.092943855,"num_services, tenure, PaymentMethod_Electronic check",0.4643195
0.013198331,0.10800866,-0.012757807,-0.45084593,-0.06811444,0.13548833,0.1756634,-0.6171733,-0.25918847,-0.11506212,0.032165714,0.19819252,-0.028128354,0.0,0.22356765,-0.58556116,-0.0010381518,0.0,0.534712,0.0,-0.48683017,0.0,-0.4775855,0.0,-0.18838087,0.0,-1.2577176,0.0,0.41442344,0.1108619,0.18247263,-0.24270567,0.78181404,-0.11707876,0.025201812,-0.05166331,"StreamingTV_Yes, PaymentMethod_Electronic check, TotalCharges",0.115793034
-0.024927985,-0.29848546,-0.31514856,-0.7650891,-0.05926179,-0.058501355,0.34202296,0.0634795,0.7054502,-1.7275673,0.0059905457,0.06662705,-0.016183482,0.0,-0.4173407,-0.5811094,0.12035155,0.0,-0.14013505,0.0,-0.30678272,0.0,-0.26467833,0.0,-0.23317797,0.0,-0.2675935,0.0,-0.39860025,-0.020310475,-1.4917272,0.3287402,-1.0330656,-0.19601762,-0.045659397,-0.14660224,"charge_per_service, Contract_Two year, PaymentMethod_Electronic check",0.0007579525
0.0016434838,0.21067716,0.038889185,-0.2282094,0.19648258,-0.08896402,0.08273932,0.052800804,-0.66524553,-2.3113656,0.009965358,0.1503186,-0.14591308,0.0,-0.21776344,-0.17135334,-0.0032403935,0.0,0.38053492,0.0,0.5341964,0.0,0.425169,0.0,0.6174395,0.0,-0.54134136,0.0,-0.54823464,-0.5321349,-0.32969382,-0.20892227,-1.2859472,0.65282226,-0.029834483,-0.09800192,"charge_per_service, PaymentMethod_Electronic check, num_services",0.016934644
-0.00230854,0.11920035,0.06429189,-0.50803643,-0.07704488,-0.23031677,0.28378308,-0.19720306,-0.5186853,0.040670246,0.009965358,0.37906218,-0.14360243,0.0,-0.14886126,-0.32107177,-0.0019305871,0.0,0.1901525,0.0,0.95757115,0.0,-0.40396783,0.0,-0.13828874,0.0,-0.5007241,0.0,-0.49984878,-0.47037628,-0.38148102,-0.34222478,-1.2371819,0.53798145,-0.00041393633,-0.120270714,"PaymentMethod_Electronic check, OnlineBackup_Yes, PaymentMethod_Mailed check",0.02484385
0.06365777,-0.19941582,-0.40627578,-1.4299737,-0.012288896,0.027452877,0.06711372,-0.67296326,-0.5133008,-0.24228899,0.00518192,0.28239805,-0.0059448564,0.0,-0.34131822,0.2021065,-0.0014578677,0.0,-0.20568088,0.0,0.8350969,0.0,0.5995448,0.0,0.21363197,0.0,0.57819366,0.0,-0.6178051,0.19167079,0.18360971,0.40614495,-0.80125964,-0.1514808,-0.01126072,-0.11625134,"tenure, OnlineBackup_Yes, PaymentMethod_Electronic check",0.11085957
-0.036539543,0.13220833,0.021774635,-1.3462976,-0.12562674,0.15686129,0.26944834,-0.67727244,-0.6235787,-0.6464266,0.01722982,0.19186997,0.15449782,0.0,0.19313507,-0.4337079,-0.0008540362,0.0,0.5379308,0.0,0.7878339,0.0,0.47184172,0.0,0.29163575,0.0,-0.6927125,0.0,-0.71878666,0.10121374,-0.342683,-0.34399885,-0.82547903,-0.044474564,0.026860848,-0.11044018,"tenure, PaymentMethod_Electronic check, OnlineBackup_Yes",0.025998779
0.07867507,0.07759821,0.04037293,-0.17316408,-0.045446895,-0.03331017,0.2234961,-0.022770613,0.5420533,1.0227264,-0.02054685,-0.07222853,0.1486173,0.0,-0.35325933,0.30238706,-0.0043081595,0.0,-0.15497595,0.0,-0.423472,0.0,0.5732361,0.0,-0.16158833,0.0,-0.81352663,0.0,-0.61852854,0.065464534,0.14247172,-0.13694353,0.7338356,-0.145972,-0.0117775295,0.11519228,"charge_per_service, StreamingTV_Yes, PaymentMethod_Electronic check",0.70380443
0.13603424,0.12120066,0.005474148,-0.48233813,-0.11878082,-0.067398086,0.02617315,-0.1834761,-0.8699171,-1.199587,0.0046098595,0.16324453,-0.07425544,0.0,-0.30291682,-0.37773317,-0.000876094,0.0,-0.38013625,0.0,-0.3667112,0.0,0.31110215,0.0,0.3441274,0.0,0.33545277,0.0,0.54462904,0.20201945,-0.2881448,-0.16187969,-0.73737127,-0.06557795,0.05045628,-0.10392018,"charge_per_service, num_services, PaymentMethod_Electronic check",0.028049812
0.031309213,-0.28515303,-0.2396144,-0.13000253,-0.045339767,-0.022768732,0.39583308,0.90680397,0.75133526,0.86034065,0.0034954646,-0.07459425,-0.1681433,0.0,-0.43248588,0.34378222,-0.004681011,0.0,-0.08637661,0.0,-0.3774899,0.0,-0.33840853,0.0,-0.17508738,0.0,-0.47369078,0.0,-0.3563681,0.0806978,0.14115156,-0.14110057,0.84388745,-0.12688793,0.15086548,-0.14813052,"TotalCharges, charge_per_service, PaymentMethod_Electronic check",0.70565045
0.04427174,0.10364264,0.04418145,0.29127592,-0.05966068,-0.028497702,0.13406318,0.19447088,1.0295511,0.99050593,-0.020634536,-0.07997216,0.12542762,0.0,-0.4414987,0.21588527,-0.0038033887,0.0,-0.06717234,0.0,-0.6052855,0.0,-0.35247877,0.0,-0.20010202,0.0,-0.42580828,0.0,-0.41695392,0.0632429,0.14345044,-0.14357111,0.72050923,-0.16662797,-0.11688445,0.12151475,"num_services, charge_per_service, PaymentMethod_Electronic check",0.7472909
0.05535186,0.1512182,0.029248094,-0.2286577,-0.03783731,0.1844881,0.1925555,-0.50189424,-0.16025867,0.3040566,0.007411993,-0.25322685,0.038480815,0.0,-0.4578505,-0.61232597,-0.0021557235,0.0,-0.20390026,0.0,-0.49080417,0.0,-0.47815013,0.0,-0.0987203,0.0,0.5153375,0.0,0.7259023,-0.30860233,-0.16269352,-0.10062075,-0.72273177,-0.13708404,0.024290415,-0.11336146,"StreamingMovies_Yes, PaymentMethod_Electronic check, InternetService_Fiber optic",0.054611057
0.09257283,0.07822759,0.028304806,0.545439,-0.046508238,0.041708983,0.21286006,0.35565683,0.41128424,0.98610365,-0.041324064,-0.06953244,0.09665068,0.0,-0.2926711,0.25907063,-0.0038372967,0.0,-0.0811091,0.0,-0.51106924,0.0,0.97632986,0.0,-0.20485908,0.0,-0.68839973,0.0,-0.52791834,0.06431537,0.14688212,-0.12496526,0.6259505,-0.1236873,-0.006270303,0.106320746,"charge_per_service, DeviceProtection_Yes, StreamingTV_Yes",0.9086035
-0.012016254,-0.14634794,-0.26346257,0.036067363,-0.1402412,0.07277584,0.3218873,0.1225141,1.0109597,-1.059044,-0.017154917,0.1560205,-0.017665608,0.0,-0.5561308,-0.232273,0.12745844,0.0,0.00034922437,0.0,-0.25111255,0.0,-0.3426009,0.0,-0.17777076,0.0,-0.31493375,0.0,-0.45205152,-0.15868351,-0.32704857,-0.1511964,-0.89041406,0.45288357,-0.037211686,0.23926601,"charge_per_service, num_services, PaymentMethod_Electronic check",0.046708044
-0.025705647,-0.25778446,-0.15154636,-1.1624941,-0.06089453,-0.11426334,-0.024810191,-1.3118738,-0.17061867,-1.270197,0.017227627,0.083667666,0.06716732,0.0,-0.2709928,-0.35940576,-0.0008939784,0.0,0.36886102,0.0,0.6590968,0.0,0.46897644,0.0,-0.15851642,0.0,-0.7133784,0.0,-0.5487956,-0.07921159,-1.6200626,-0.24026957,-0.6005263,-0.03231651,-0.0041020885,-0.1179385,"Contract_Two year, TotalCharges, charge_per_service",0.00048039178
-0.016750006,-0.31498682,-0.41422102,-0.80251116,-0.13346064,-0.07622324,0.9567169,0.30732802,0.66035163,-2.3057404,0.0059905457,0.04276761,-0.057638407,0.0,-0.40531096,-0.551863,0.12035155,0.0,-0.1804701,0.0,-0.28270903,0.0,-0.337989,0.0,-0.2394761,0.0,-0.4705794,0.0,-0.40142807,0.008462847,-1.2847421,-0.11181974,0.90580034,-0.17653757,-0.05211356,-0.08202151,"charge_per_service, Contract_Two year, MonthlyCharges",0.0033359667
0.34733316,0.076294996,0.026484955,-0.504251,-0.025461081,0.024689987,-0.8960853,-0.46539804,-1.6791013,0.031362724,0.008029698,0.24848132,-0.1976214,0.0,0.113760434,0.37705177,-0.001002092,0.0,0.26527533,0.0,0.38201633,0.0,-0.975644,0.0,-0.11449562,0.0,0.43903115,0.0,0.5437173,0.1407802,0.15512978,-0.17555042,-0.48379788,-0.09158808,-0.0018854747,-0.08133433,"num_services, DeviceProtection_Yes, MonthlyCharges",0.07428875
-0.09112062,-0.25376236,-0.02192263,0.14892966,-0.037572812,0.040721215,-0.42886582,-0.71992934,-0.65011877,0.6200218,0.01924937,0.1343979,-0.058413927,0.0,0.32280988,0.1902334,-0.0010381518,0.0,0.3634983,0.0,-0.45895445,0.0,-0.5426099,0.0,-0.20594327,0.0,-1.250361,0.0,0.687776,-0.8884526,-0.038921684,-0.22993118,0.73922795,-0.12631826,0.032226473,-0.056782465,"StreamingTV_Yes, Contract_One year, PaymentMethod_Electronic check",0.05892529
0.009730229,0.124571115,0.050169695,0.92740357,-0.050087824,0.0023877807,0.25571263,0.23762935,0.909368,0.9818572,-0.01701288,-0.059069924,-0.083605655,0.0,0.5065253,-0.31301174,-0.0033052235,0.0,0.014653906,0.0,-0.42245147,0.0,-0.4136937,0.0,-0.1990786,0.0,-0.44595206,0.0,-0.5474977,0.0587673,0.19989735,-0.16895318,-0.80835253,0.32836995,-0.039148215,0.18177286,"charge_per_service, tenure, num_services",0.77008116
-0.05556761,-0.14144611,0.04804794,-1.7289441,-0.17370799,-0.040683318,-0.0059712906,-0.6987275,0.6233196,-0.4708203,0.005020509,-0.19471943,0.06692993,0.0,0.14422609,-0.44849837,0.058171347,0.0,-0.0521574,0.0,-0.4487075,0.0,-0.21465561,0.0,-0.23704134,0.0,-0.4403967,0.0,-0.5170895,0.008890966,-0.87851715,-0.084264405,-0.679264,-0.024413059,-0.0046960926,-0.14133862,"tenure, Contract_Two year, TotalCharges",0.0011861603
0.051946346,0.13277017,-0.25674117,1.1956291,-0.04538013,-0.02172913,0.43698153,0.43880585,0.97647077,1.1749285,-0.014211415,-0.050895736,0.047863588,0.0,-0.06840099,0.31907576,-0.0033663616,0.0,-0.12038522,0.0,-0.62221926,0.0,-0.31492668,0.0,-0.09009492,0.0,-0.39842042,0.0,-0.4186015,0.099812604,0.1487506,-0.109716795,0.68404925,-0.19197516,-0.12607273,0.13105379,"tenure, charge_per_service, num_services",0.951486
0.039226152,0.036747236,0.087794855,1.1086066,-0.044055957,-0.08522558,0.080757245,0.76222974,0.62382686,0.98896694,-0.020645693,-0.06392686,0.07845376,0.0,-0.3684048,0.3671119,-0.0015175454,0.0,-0.11184846,0.0,-0.34220654,0.0,-0.26117495,0.0,-0.044987,0.0,-0.58471096,0.0,0.7312301,0.082955614,0.15721698,-0.14162043,0.7059818,-0.17396748,-0.0383214,0.10525666,"tenure, charge_per_service, TotalCharges",0.97503316
-0.01825656,0.276256,-0.047801603,0.48861548,-0.06872956,0.002853547,0.47419733,1.2436876,0.7631833,-1.8973753,0.006870647,0.08520547,0.10829586,0.0,-0.2540982,-0.36297497,0.12035155,0.0,-0.14629386,0.0,-0.23199826,0.0,-0.17841771,0.0,-0.23668097,0.0,-0.21760695,0.0,-0.32738113,0.02464395,-1.3542519,0.01448868,-1.2815723,-0.22943239,-0.07017656,-0.14026505,"charge_per_service, Contract_Two year, PaymentMethod_Electronic check",0.030369123
-0.02345341,-0.13751718,-0.34363624,-0.18938239,0.121620774,0.12342683,-0.1300953,-0.5690322,0.34508863,-0.8566179,0.005880751,0.12353576,-0.047941376,0.0,-0.30459023,-0.41217947,-0.0033727072,0.0,0.6192782,0.0,-0.69455093,0.0,0.5093919,0.0,-0.09220685,0.0,-0.4504668,0.0,-0.58835703,-0.17308003,-0.35406104,0.5140513,-1.0021344,-0.16903149,0.028331766,-0.115759045,"PaymentMethod_Electronic check, charge_per_service, OnlineBackup_Yes",0.013711856
0.003176417,0.122556515,-0.524622,0.09195262,-0.02438045,0.14403974,-0.29606843,-0.5291663,-0.30996022,0.59830654,0.0074502174,-0.15808275,-0.085671745,0.0,0.23606157,0.48214692,-0.0014324219,0.0,-0.1271083,0.0,0.76753914,0.0,-0.5519853,0.0,-0.06607525,0.0,0.57103956,0.0,-0.8420067,0.14306168,0.20901506,0.50314635,-0.82268566,-0.16750434,0.045741413,-0.081721455,"StreamingMovies_Yes, PaymentMethod_Electronic check, OnlineBackup_Yes",0.3380348
-0.025416994,-0.1535217,0.07119238,0.025160452,-0.14928989,-0.2004913,0.33142197,-0.042081,0.61482733,-1.4794496,-0.020156665,0.06709369,-0.0069334446,0.0,-0.5040206,-0.23628464,0.12745844,0.0,-0.06668505,0.0,-0.26135296,0.0,-0.3779863,0.0,-0.17270927,0.0,-0.31221366,0.0,-0.351158,0.14881425,0.3137575,-0.04496046,-0.72315973,-0.21127881,-0.11609422,0.17886816,"charge_per_service, PaymentMethod_Electronic check, num_services",0.026975606
-0.050835177,0.089068405,0.0077787363,-0.9257613,-0.086596616,-0.11854847,-0.27732408,-0.34616932,-1.2077671,-1.3721297,0.0064419564,0.04382014,-0.19557945,0.0,0.21681534,-0.43113002,-0.00062040717,0.0,0.28404728,0.0,-0.1931667,0.0,0.25247926,0.0,0.2710075,0.0,0.12613921,0.0,0.4015182,-0.11891855,-1.3889307,0.71760035,-1.1954474,-0.15193808,0.0111534735,-0.10498648,"Contract_Two year, charge_per_service, num_services",0.0031827923
0.011113568,0.12145072,0.050732743,-0.8375876,-0.198405,-0.010632896,0.36525765,0.17682903,1.038379,-0.63400394,0.0059006102,0.122244745,-0.021454157,0.0,-0.45699328,-0.37980366,0.12745844,0.0,-0.061288055,0.0,-0.37328637,0.0,-0.1242052,0.0,-0.18589617,0.0,-0.3699167,0.0,-0.5414068,-0.07353147,-0.36427662,-0.21102983,-1.1195503,0.52389944,0.32916602,-0.16894925,"PaymentMethod_Electronic check, num_services, tenure",0.036663834
-0.020064276,0.08001367,0.012529381,1.1733379,-0.054022968,0.021763254,-0.41845128,0.62922865,0.4378317,0.053045105,-0.02536665,-0.074435845,-0.07297315,0.0,-0.19926623,-0.45366523,-0.0016214997,0.0,-0.033661284,0.0,-0.2897663,0.0,-0.4227156,0.0,-0.03965832,0.0,-0.55033946,0.0,0.75377846,0.067369536,0.15255785,-0.20505959,0.6484713,-0.2058964,-0.04332062,0.102707304,"tenure, StreamingMovies_Yes, PaymentMethod_Electronic check",0.73370886
0.00015850874,-0.26851362,0.1274163,0.1372422,-0.040105384,0.019291127,-0.23175378,0.13870604,0.48992452,0.7512769,-0.013810415,-0.08935556,0.105351344,0.0,0.255124,0.36900255,-0.004182846,0.0,-0.017800922,0.0,-0.5854737,0.0,-0.21120565,0.0,-0.18967584,0.0,0.36995506,0.0,-0.6973491,0.06586689,0.14878874,-0.17560266,0.6417909,-0.14074768,-0.09175099,0.111472905,"charge_per_service, StreamingMovies_Yes, PaymentMethod_Electronic check",0.7241644
0.0422714,0.099607565,0.081842445,0.031723954,-0.059767783,0.070132256,0.007712232,-0.124086805,0.019781072,0.085701115,-0.018719552,-0.2653941,0.014889704,0.0,-0.38936168,-0.614964,-0.0021557235,0.0,-0.19788781,0.0,-0.23871055,0.0,-0.34170744,0.0,-0.120214336,0.0,0.7045824,0.0,0.5525571,0.052479755,0.14309974,-0.21429667,0.7832262,-0.21432605,-0.04927597,0.096940644,"PaymentMethod_Electronic check, StreamingTV_Yes, InternetService_Fiber optic",0.4817212
0.013255804,0.17749768,0.040827893,-1.4518135,-0.03658577,-0.37106994,-0.014970004,-0.63194674,-0.59676987,0.54236865,0.0046098595,-0.0135964975,-0.24634793,0.0,-0.43944266,0.2595705,-0.0009146932,0.0,-0.25111276,0.0,-0.5283411,0.0,0.8699871,0.0,-0.059019208,0.0,0.7274939,0.0,0.49166244,-0.0744269,-0.8700097,-0.17595384,0.7438381,-0.12520738,-0.0049211187,-0.042676672,"tenure, Contract_Two year, DeviceProtection_Yes",0.11176471
-0.0801403,-0.23751509,-0.43543115,-0.95449436,-0.051593684,-0.16600671,0.41128826,-0.7272218,-0.55511606,-0.023990856,0.0029221983,0.19948366,-0.18538678,0.0,0.13646147,-0.47654888,-0.0015375055,0.0,0.36527324,0.0,-0.25126493,0.0,-0.46857554,0.0,-0.16881245,0.0,0.5096974,0.0,-0.82934064,-0.41911247,-0.24003276,-0.16328703,-0.71357304,-0.038708083,0.024404394,-0.12402875,"tenure, StreamingMovies_Yes, TotalCharges",0.0034325388
-0.0035990318,0.12017106,-0.27990636,-0.8647883,-0.09586441,-0.13720758,0.74874043,-0.02722419,0.7516167,-1.534357,0.008432575,0.115904264,0.061737966,0.0,-0.49096668,-0.5099274,0.12745844,0.0,-0.1026186,0.0,-0.4536765,0.0,-0.24069245,0.0,-0.19138215,0.0,-0.23940371,0.0,-0.64878577,-0.26533,-0.38247782,0.53140485,-1.0763059,-0.24864654,-0.05013989,-0.1450182,"charge_per_service, PaymentMethod_Electronic check, tenure",0.0039437185
0.01993801,0.063131236,0.0140366,0.8329701,-0.033981945,0.14820582,0.17029487,0.15161812,0.055214662,1.3625435,-0.04363028,-0.19313392,-0.0723374,0.0,-0.35452777,0.25136083,-0.003721027,0.0,-0.03187523,0.0,0.6668358,0.0,-0.6001804,0.0,-0.09632013,0.0,-0.7451606,0.0,-0.6182531,0.13035233,0.19800727,-0.12115721,-0.59565103,-0.07846814,-0.030944403,0.15724766,"charge_per_service, tenure, StreamingTV_Yes",0.6441877
-0.013102019,-0.22283529,-0.48937494,-0.9689352,-0.0886443,0.019557228,0.3828017,0.6735969,0.70720327,-1.0590874,0.0058998372,0.11894946,-0.046066713,0.0,0.28494433,-0.59486717,0.11658744,0.0,-0.06591453,0.0,-0.36769393,0.0,-0.24932306,0.0,-0.20555632,0.0,-0.15218659,0.0,-0.3254715,-0.01641604,-1.1649036,0.74740535,-1.0474744,-0.2047748,0.12867914,-0.15679134,"Contract_Two year, charge_per_service, PaymentMethod_Electronic check",0.013889696
0.032313682,0.04113366,0.18407254,0.06696097,-0.116338015,0.09902489,-0.34422788,-0.08097669,-2.148547,-0.016635258,0.008029698,0.18700744,-0.08044963,0.0,0.19716647,0.31455547,-0.00083869125,0.0,0.35920033,0.0,0.45190558,0.0,0.85379356,0.0,-0.3057258,0.0,0.7319082,0.0,0.51021546,0.2816539,-0.14559808,-0.16951871,0.79688936,-0.11377582,-0.004699278,-0.03942164,"num_services, DeviceProtection_Yes, PaymentMethod_Electronic check",0.82350135
-0.0071038175,0.1788037,-0.49691942,0.11092229,-0.06342694,-0.022565616,0.51573807,-0.19993241,0.67284936,-0.6833055,0.009402612,0.14935367,-0.026387135,0.0,0.33163354,-0.53201455,0.11894358,0.0,-0.15088099,0.0,-0.15747476,0.0,-0.18255202,0.0,-0.14591672,0.0,-0.29270843,0.0,-0.44153658,0.0180979,0.27436855,0.7700023,-0.97348034,-0.23692065,-0.05708115,-0.084458604,"PaymentMethod_Electronic check, PaymentMethod_Credit card (automatic), charge_per_service",0.16612032
-0.24807651,-0.13239333,-0.020511178,-1.2998396,-0.13157324,-0.063440725,-0.62602943,-0.47553912,-0.84106326,-0.60248816,0.0074684927,0.22807533,-0.14710008,0.0,0.17164019,0.17424677,-0.0012690211,0.0,0.31441754,0.0,0.6141805,0.0,0.6647594,0.0,0.6409452,0.0,-1.2942669,0.0,-0.79501075,-0.21656322,-0.089712985,-0.22916678,0.744972,-0.10696218,0.0034466884,-0.04378156,"tenure, StreamingTV_Yes, num_services",0.021679673
-0.0793319,0.09426629,0.0063538374,-0.257098,-0.0213944,0.059132542,0.14770332,-0.33795035,0.41597867,0.38125613,0.02028669,-0.07689962,-0.03995937,0.0,0.3395228,0.45623887,-0.0013412217,0.0,-0.052895904,0.0,-0.4348077,0.0,0.3590025,0.0,-0.11123547,0.0,-0.7170857,0.0,-0.7228165,0.20425142,0.1887526,1.0034086,-1.0703566,-0.11472138,-0.006561276,-0.098421745,"PaymentMethod_Electronic check, PaymentMethod_Credit card (automatic), StreamingMovies_Yes",0.38330358
-0.12113184,0.10850205,0.008924218,0.62275016,-0.043640144,-0.06529201,0.27500287,0.0862592,0.3670138,0.9424586,-0.016925193,-0.105013475,-0.119488075,0.0,-0.30726048,0.20016204,-0.0038372967,0.0,-0.040055804,0.0,-0.285808,0.0,0.9233681,0.0,-0.2462006,0.0,-0.7217971,0.0,-0.62018746,0.10531763,0.1439622,-0.14012448,0.5734859,-0.19656727,-0.0036392272,0.10224193,"charge_per_service, DeviceProtection_Yes, StreamingTV_Yes",0.80434144
-0.012608827,0.02438979,-0.23602058,-0.038933106,-0.019365802,0.07447209,0.12572202,0.31645414,-0.49856955,0.6141572,0.022987962,0.29389668,0.25606504,0.0,0.20333634,0.29134044,-0.0034526412,0.0,-0.12674654,0.0,1.0328107,0.0,0.6323258,0.0,0.30888852,0.0,-0.5224366,0.0,-0.75678784,0.16908647,0.21126981,0.4792606,-0.83366627,-0.109194204,0.026937217,-0.09787317,"OnlineBackup_Yes, PaymentMethod_Electronic check, StreamingMovies_Yes",0.8604363
0.051767334,-0.46898142,0.025611132,0.6475487,-0.040694766,-0.1977709,0.073202,0.2579405,0.41332316,-0.048583932,-0.021447303,-0.45522127,-0.061018698,0.0,-0.27221996,-0.20194279,-0.0042276545,0.0,-0.14404158,0.0,0.45001617,0.0,-0.38742995,0.0,-0.043731358,0.0,-0.4294263,0.0,-0.50719523,0.14737593,0.22341439,0.6899782,-0.9311257,-0.26969856,-0.03600679,0.27187613,"PaymentMethod_Electronic check, PaymentMethod_Credit card (automatic), tenure",0.2179698
-0.007680728,-0.20891938,-0.35577503,-0.36400905,-0.03645433,0.0732537,0.09694791,-0.38892332,-0.071607016,0.8963892,0.019511417,-0.09814022,0.13287348,0.0,0.28689146,0.2983093,-0.001002092,0.0,-0.09062906,0.0,0.7249816,0.0,-0.6002032,0.0,-0.105123,0.0,-0.812012,0.0,0.8086425,0.09391669,0.100350805,-0.18772766,0.59209096,-0.11233939,0.04012775,-0.04422004,"charge_per_service, StreamingTV_Yes, StreamingMovies_Yes",0.6616586
-0.2325238,0.11952538,0.024058403,-0.76410615,-0.047418274,-0.050924033,-0.11107413,-0.50127065,-0.761779,0.10508374,0.007014607,-0.30119723,-0.076016665,0.0,-0.28628966,0.2165264,-0.0014578677,0.0,-0.18855178,0.0,0.58489573,0.0,0.37246886,0.0,-0.16259006,0.0,0.44068637,0.0,-1.2305337,-0.84970313,-0.1735577,-0.14865899,-0.8609278,-0.12413256,-0.0037691453,-0.1114143,"StreamingMovies_Yes, PaymentMethod_Electronic check, Contract_One year",0.0059024673
0.073699124,0.07305942,0.011251279,-0.074378245,-0.012796705,0.040465944,-0.09254388,-1.0481638,0.4728736,0.47563305,0.02258371,-0.11292993,0.099300906,0.0,0.49240986,0.44471654,-0.0010217831,0.0,-0.08144531,0.0,-0.5824309,0.0,-0.32336473,0.0,-0.074551836,0.0,-0.7903208,0.0,0.5107433,0.07220316,0.21374561,0.7848846,-0.86651486,-0.12068359,0.09948818,-0.0898643,"TotalCharges, PaymentMethod_Electronic check, StreamingTV_Yes",0.40304857
-0.120543376,0.067077294,0.058998484,0.6361597,-0.04870373,0.064380206,0.00994078,0.68254256,-0.50704175,0.653066,-0.017876055,-0.18028368,-0.067498066,0.0,0.37837493,0.22535387,-0.0015603616,0.0,-0.042907115,0.0,-0.56646985,0.0,-0.5435466,0.0,-0.16172184,0.0,0.59097546,0.0,0.49577168,0.048197296,0.1335923,-0.13586263,0.70417124,-0.1657934,-0.04697174,0.08952736,"PaymentMethod_Electronic check, TotalCharges, charge_per_service",0.90225387
-0.13220905,0.121426605,0.09616679,0.07584347,-0.071736716,0.038642578,0.2874397,-0.30734068,0.83248365,0.7239285,0.00854103,-0.09129855,0.12548226,0.0,-0.30601925,-0.27838203,-0.0047808792,0.0,-0.18977362,0.0,-0.36081192,0.0,-0.19941954,0.0,-0.14566448,0.0,-0.3843152,0.0,-0.540327,0.08531339,0.14591926,-0.19058254,0.91692847,-0.1637663,0.27547333,-0.092499,"PaymentMethod_Electronic check, num_services, charge_per_service",0.56607026
-0.011985495,0.08302674,-0.6520966,-0.037962295,-0.017400749,0.095852934,-0.47637793,-0.4477397,-1.3203984,0.13038783,0.008029698,-0.23665847,-0.03793997,0.0,0.22983667,0.3556202,-0.0013724794,0.0,-0.11348029,0.0,0.29147503,0.0,0.69683945,0.0,-0.14965442,0.0,0.30312902,0.0,0.5803886,-0.42747667,-0.08860332,0.42165524,-0.7639434,-0.1517362,0.0283961,-0.069746755,"num_services, PaymentMethod_Electronic check, DeviceProtection_Yes",0.1432245
-0.00817415,-0.30398735,0.12668456,0.9181311,0.3225806,0.0020999843,0.24012093,0.7524764,1.4394563,0.24677894,-0.040671807,-0.087530255,-0.13342528,0.0,-0.17584835,-0.34462157,-0.009847122,0.0,-0.07991457,0.0,-0.1267731,0.0,-0.45493612,0.0,-0.09360156,0.0,-0.39645654,0.0,1.1706414,0.06928633,0.1485714,-0.14788836,0.6743267,-0.18116622,-0.062223196,0.1285961,"num_services, StreamingMovies_Yes, tenure",0.97298187
-0.0103879385,-0.25383973,-0.37113196,-0.069597974,-0.08101499,0.12030402,0.1378095,-0.3994074,0.06355187,-0.9619823,-0.021908095,-0.11607843,-0.029133871,0.0,-0.16517812,-0.523458,-0.0043081595,0.0,-0.16462104,0.0,-0.3556175,0.0,0.4049783,0.0,-0.09835,0.0,0.3766477,0.0,-0.5868201,0.15310955,0.19908074,-0.058062606,-0.59986037,-0.10064047,-0.040348798,0.20254599,"charge_per_service, PaymentMethod_Electronic check, StreamingMovies_Yes",0.03348671
0.0044824537,0.07374284,-0.010267213,-0.40654388,-0.08294941,-0.093518555,0.066137105,-0.6155226,0.16058199,-0.20726673,0.008377616,0.13883036,0.0030336804,0.0,-0.22850387,-0.39128658,-0.0020356707,0.0,-0.25546584,0.0,-0.57487917,0.0,-0.3053106,0.0,0.16046336,0.0,-0.78385836,0.0,-0.49559277,-0.49080083,-0.20898375,-0.16484994,-0.7477385,-0.08623072,0.014474578,-0.13032603,"StreamingTV_Yes, PaymentMethod_Electronic check, TotalCharges",0.003468242
0.018185068,-0.23523639,0.13532089,0.2863848,0.43882203,-0.004805578,0.14027062,-0.1591443,0.9618822,-0.27069008,0.005020509,0.16229846,-0.40970525,0.0,-0.22928077,-0.29620564,-0.012569474,0.0,0.7348808,0.0,-0.47690344,0.0,-0.29062143,0.0,-0.21716602,0.0,-0.47356173,0.0,-0.5115009,0.052808214,0.19750468,-0.24417017,0.9778777,-0.14862089,0.11824452,-0.09979522,"PaymentMethod_Electronic check, num_services, OnlineSecurity_Yes",0.53511596
0.18215069,-0.00013852399,0.075029016,-0.12220246,-0.1070211,0.10315064,-1.4021463,0.025721334,-1.9245092,-0.32665235,0.008029698,0.24946176,-0.12522066,0.0,0.2842338,0.28813136,-0.00083869125,0.0,0.38934568,0.0,0.78819025,0.0,0.63323253,0.0,-0.40235502,0.0,0.61233014,0.0,0.51254296,-0.033420082,0.16275679,-0.17489937,0.43745202,-0.15198073,-0.0044816616,-0.036300976,"num_services, MonthlyCharges, OnlineBackup_Yes",0.4826981
-0.008519328,0.0986612,-0.27119336,-0.17992625,0.18279731,-0.040640462,-0.21676616,-0.99439234,-0.2602606,-1.1210554,0.004564805,0.1658459,0.03364369,0.0,-0.37045586,-0.41843185,-0.009342767,0.0,0.6085557,0.0,-0.4629373,0.0,-0.37517673,0.0,0.2491209,0.0,0.2781411,0.0,-0.5971692,-0.17071408,-0.3801506,-0.10622656,-0.7690919,-0.092593946,0.03644399,-0.11977201,"charge_per_service, TotalCharges, PaymentMethod_Electronic check",0.0048889886
-0.018726876,-0.16664232,-0.41861883,0.010571281,-0.07040811,-0.29953933,0.12344062,-0.47381812,-0.24431664,-0.4793183,-0.020835971,-0.07524552,-0.019147119,0.0,-0.16254398,-0.49406254,-0.0043081595,0.0,-0.17070927,0.0,-0.43609816,0.0,0.57847404,0.0,-0.14186168,0.0,0.50539017,0.0,-0.38797864,0.11480963,0.23301461,-0.14221413,-0.9397293,0.80271107,0.0037816442,0.18310924,"PaymentMethod_Electronic check, PaymentMethod_Mailed check, DeviceProtection_Yes",0.06788458
0.03393221,-0.4730023,0.023559945,0.45427293,-0.04322269,0.019246759,-0.014648552,-0.273532,0.1495324,0.49912927,-0.015665065,0.14461559,-0.2865407,0.0,-0.4001701,0.12419113,-0.004310016,0.0,0.36145413,0.0,-0.5092621,0.0,-0.28582662,0.0,-0.19758582,0.0,-0.78812706,0.0,-0.60603374,0.10625297,0.14763322,-0.17952281,0.5410357,-0.12133949,-0.015852747,0.09619319,"StreamingTV_Yes, StreamingMovies_Yes, PaymentMethod_Electronic check",0.17910562
-0.016366074,-0.2993831,0.05686865,1.7459396,-0.025555218,0.093988806,0.028984118,0.5203907,0.15385713,1.2036102,-0.015513683,-0.27923423,-0.04524657,0.0,-0.18213186,0.2932687,-0.0032839999,0.0,-0.0695935,0.0,0.50551146,0.0,-0.49400046,0.0,-0.09061734,0.0,-0.619205,0.0,-0.5960047,0.21051009,0.23624091,-0.15309037,-0.6050574,0.25049734,-0.006968769,0.24105787,"tenure, charge_per_service, StreamingTV_Yes",0.8839774
-0.14339942,0.13649264,0.11768242,-1.6969599,-0.06511882,0.020975664,-0.43906367,-0.4993856,-1.8873075,-0.083231054,0.01529416,0.08304321,0.07981449,0.0,0.17547852,0.37120005,-0.00083869125,0.0,-0.13994816,0.0,0.9212543,0.0,0.6162011,0.0,0.45840123,0.0,0.69246143,0.0,0.87019277,0.085144304,-0.19659369,-0.19238189,-0.5340153,-0.067371696,0.00021697266,-0.09442792,"num_services, tenure, OnlineBackup_Yes",0.19702117
0.0029348847,-0.19185792,-0.06682502,-1.032713,-0.05471913,-0.043495547,0.19850177,-0.6964809,0.3648986,-0.13793805,0.008375424,0.0029067441,0.027920581,0.0,-0.2735881,-0.26535046,-0.0015629514,0.0,-0.1298097,0.0,-0.3788473,0.0,0.49581048,0.0,-0.06128349,0.0,-0.79360205,0.0,-0.6686477,-0.6949332,-0.18347503,-0.078011036,-0.701238,-0.059788954,0.028133295,-0.15996572,"tenure, StreamingTV_Yes, PaymentMethod_Electronic check",0.0038590005
-0.062380604,0.13030358,0.08648529,0.7990024,-0.08564128,-0.017954458,-0.15099137,0.20178157,-0.67806685,-0.49551237,-0.056761775,0.1277786,-0.26381993,0.0,-0.2909504,-0.38423976,-0.0020585267,0.0,-0.19754848,0.0,-0.43648812,0.0,-0.35768467,0.0,0.33049107,0.0,-0.80640805,0.0,0.32496786,0.0042146835,0.28285006,-0.16282865,-1.009991,0.4550499,0.027571848,0.15564059,"PaymentMethod_Electronic check, StreamingTV_Yes, tenure",0.07296476
0.13522993,-0.09728135,0.085424855,-0.14730558,-0.028576246,0.06340375,-0.23470134,0.14080806,0.0023261234,0.6843097,0.01924937,-0.07076504,-0.12453567,0.0,0.404428,0.42746788,-0.000874751,0.0,-0.14694023,0.0,-0.5424644,0.0,0.5179533,0.0,-0.12451153,0.0,-0.8452144,0.0,0.89062375,0.16894256,0.18692276,0.580501,-1.0121012,-0.1123139,-0.03638219,-0.08373417,"PaymentMethod_Electronic check, StreamingMovies_Yes, StreamingTV_Yes",0.6662032
0.030227756,-0.04168386,-0.45558995,-1.4943166,-0.021606835,0.08820445,0.11977544,0.18127026,-0.5163797,0.5588942,0.004717724,-0.027087271,0.1040742,0.0,0.31058374,0.3084381,-0.000874751,0.0,-0.1600854,0.0,-0.6401211,0.0,0.25348112,0.0,-0.23294808,0.0,0.55729187,0.0,0.64050287,0.18036935,0.21836656,0.6114439,-0.7489093,-0.11469164,-0.013122253,-0.12897958,"tenure, PaymentMethod_Electronic check, StreamingMovies_Yes",0.3923172
-0.08356006,-0.14694795,0.039207704,-1.0706778,-0.05799573,-0.1944388,-0.35761803,-0.83229834,-0.5136468,-0.10129085,0.0074684927,0.23088682,-0.067126535,0.0,0.33504888,0.2078012,-0.0012690211,0.0,-0.22123164,0.0,0.8235608,0.0,0.6204767,0.0,0.27124146,0.0,-1.0290082,0.0,-0.6452217,0.08024203,0.098120205,-0.22211133,0.6780495,-0.14408743,0.0029078447,-0.042383894,"tenure, StreamingTV_Yes, TotalCharges",0.08748562
-0.014393125,0.06264939,0.10111359,1.3084023,-0.09034994,-0.118636675,0.7709352,0.61341923,0.95542085,-0.726314,-0.016139569,0.097089045,-0.07469826,0.0,-0.29940733,-0.31653413,0.107984215,0.0,-0.07059184,0.0,-0.27647123,0.0,-0.29738858,0.0,-0.11317614,0.0,-0.42533395,0.0,-0.37191942,0.19507751,0.39345762,-0.10234978,-0.8787285,0.5787546,-0.05007415,0.24222346,"tenure, num_services, PaymentMethod_Electronic check",0.7640825
-0.01423623,0.061900962,0.057926476,1.0597348,-0.09034994,0.053640682,0.3893885,0.86438286,0.9563682,-0.99348235,-0.016139569,0.097089045,-0.061132908,0.0,-0.2980923,-0.31653413,0.107984215,0.0,-0.07505896,0.0,-0.29965958,0.0,-0.29738858,0.0,-0.105005294,0.0,-0.42471647,0.0,-0.37091115,0.24415566,0.360535,-0.11212742,-0.99358416,0.65700185,-0.0570696,0.24222346,"tenure, PaymentMethod_Electronic check, charge_per_service",0.6497671
-0.0538087,0.12206813,0.036971476,-0.48478588,0.18087915,-0.14987165,-0.17792675,-1.0531169,0.27809432,-0.7277301,0.022370258,0.07995823,0.050329056,0.0,-0.45026985,-0.16201818,-0.009342767,0.0,0.33632195,0.0,-0.6066126,0.0,-0.17747329,0.0,0.21740276,0.0,-0.37592405,0.0,-0.554359,-0.4684973,-0.34619802,-0.21633402,-1.2212794,0.35296825,-0.0034266838,-0.13834086,"PaymentMethod_Electronic check, TotalCharges, charge_per_service",0.003305756
-0.02913898,-0.30135593,0.03620464,-0.33695316,-0.07509305,-0.081597045,0.16655996,-0.35983083,-0.5161019,-1.4130042,0.00518192,0.17518274,0.04439319,0.0,-0.29813996,-0.557008,-0.0010998112,0.0,-0.12504275,0.0,0.58568037,0.0,-0.5392722,0.0,0.22753115,0.0,0.10770283,0.0,-0.63379896,0.005855883,-1.362362,0.7971062,-1.2513964,-0.24251737,-0.011564656,-0.11343122,"charge_per_service, Contract_Two year, PaymentMethod_Electronic check",0.0022241867
-0.07476897,0.008426375,0.01003489,0.9824572,-0.049687058,0.059863348,0.033721812,-0.51508546,-0.81421065,0.5538136,-0.06995637,0.11979158,-0.20496118,0.0,-0.44214463,0.14219084,-0.0020585267,0.0,0.11183013,0.0,-0.4511748,0.0,-0.50363505,0.0,-0.21091293,0.0,-1.1130348,0.0,0.41915163,0.094342574,0.20962119,-0.13764033,-0.8251481,0.4842341,-0.0054147327,0.14554389,"StreamingTV_Yes, tenure, PaymentMethod_Electronic check",0.113685325
0.11558206,0.04018368,-0.0015669524,-0.40397426,-0.026299035,0.06322269,-0.35917413,-0.19125135,-0.4803655,0.4530678,0.032274168,0.13285732,-0.24097398,0.0,0.2354391,0.36591688,-0.0010381518,0.0,0.29419273,0.0,-0.48821607,0.0,-0.4516107,0.0,-0.093934275,0.0,-1.1938637,0.0,0.41920072,0.13163556,0.18100655,0.73455316,-0.92431724,-0.09925724,0.02714804,-0.07725201,"StreamingTV_Yes, PaymentMethod_Electronic check, PaymentMethod_Credit card (automatic)",0.13995773
-0.037179258,-0.17899951,-0.07938632,-0.3891536,-0.07654051,-0.04970219,-0.25676548,-0.11199529,-0.80379,-0.6073787,0.004609269,0.032905336,-0.14762203,0.0,0.22233504,-0.6653974,-0.00071280135,0.0,0.12322743,0.0,-0.24177659,0.0,-0.3882794,0.0,0.37139753,0.0,0.38988107,0.0,0.5652038,-0.06392066,-0.6949736,-0.13448143,-0.6306903,-0.05975191,0.013069823,-0.092146955,"num_services, Contract_Two year, InternetService_Fiber optic",0.01804205
-0.16108578,-0.10561688,-0.22237699,-1.7080989,-0.018700026,0.121535,-0.127515,-0.7407459,-1.290421,-1.2150359,0.005525032,-0.04068535,-0.13363248,0.0,0.17896679,-0.36247995,-0.0006027703,0.0,0.38524935,0.0,0.32795072,0.0,0.31963623,0.0,0.315193,0.0,0.26517645,0.0,0.45062414,-0.050336644,-1.5197594,0.775729,-1.0523381,-0.14715856,0.002702877,-0.11757097,"tenure, Contract_Two year, num_services",0.0028017648
-0.058699116,-0.11289972,-0.18500493,-0.32823542,-0.015877454,-0.1491698,-0.12518361,-0.5407561,-1.58538,-1.1943016,0.0134614725,0.09843752,0.13822834,0.0,0.24235442,-0.37803358,-0.0006027703,0.0,0.23674269,0.0,0.43213856,0.0,0.18917286,0.0,0.43082067,0.0,0.30502838,0.0,0.5443906,-0.08536762,-1.5084046,0.7397842,-1.0003362,-0.13400735,-0.005382093,-0.11534668,"num_services, Contract_Two year, charge_per_service",0.015348721
-0.050351094,-0.22174306,-0.3316492,-0.385837,0.20799837,-0.32637396,0.24543425,-0.23167038,-0.12233926,-1.2668972,0.01761628,0.03343042,-0.042628907,0.0,-0.6711516,-0.47982907,-0.0014377093,0.0,-0.298388,0.0,-0.499143,0.0,0.1579512,0.0,0.038969263,0.0,-0.45527592,0.0,0.38663745,-0.011467246,-1.0996547,0.5614365,-0.94142514,-0.15732265,0.02726333,-0.1053745,"charge_per_service, Contract_Two year, PaymentMethod_Electronic check",0.0023948196
-0.017819185,0.25402084,0.049475476,-0.71691334,-0.097306415,0.00768035,0.010096602,0.69748527,0.71612024,-2.1738145,0.006870647,0.05758307,0.0064508477,0.0,-0.27404377,-0.46216786,0.12035155,0.0,-0.13380995,0.0,-0.3075418,0.0,-0.24922398,0.0,-0.25482002,0.0,-0.18225573,0.0,-0.35902795,-0.019184513,-1.2572638,-0.028464457,-0.6251665,-0.03634216,-0.024781562,-0.14502563,"charge_per_service, Contract_Two year, tenure",0.004287884
-0.05306485,0.32412407,0.04233136,-0.23848933,-0.043248564,-0.018242195,0.5328536,-0.66632766,0.8549387,0.6125094,0.004375566,-0.015448519,0.076979786,0.0,-0.29892176,0.4514964,-0.0015869967,0.0,-0.06874516,0.0,-0.34960195,0.0,-0.39214885,0.0,-0.19695835,0.0,-0.5293635,0.0,-0.34166986,0.024701625,-1.3073096,0.66255397,-0.82684845,-0.11017446,-0.04069484,-0.075434834,"Contract_Two year, num_services, PaymentMethod_Electronic check",0.11959801
-0.028106622,0.0569388,0.110408366,0.10059326,-0.26385063,0.032249685,0.25894123,0.1878954,0.71272254,-1.3393183,-0.016183607,0.07964935,-0.06387533,0.0,-0.54314053,-0.21347836,0.12745844,0.0,-0.072478525,0.0,-0.16494574,0.0,-0.30668116,0.0,-0.18217115,0.0,-0.31829083,0.0,-0.40704322,0.1479736,0.27023092,-0.14865528,0.769793,-0.24410261,-0.09423033,0.108714186,"charge_per_service, PaymentMethod_Electronic check, num_services",0.1897231
0.0044497196,-0.17990924,0.11176364,0.15003532,-0.046373293,0.06177362,0.13208532,-0.025396187,-0.11319934,0.28921244,0.0045642145,0.2821834,-0.09520798,0.0,0.2655931,-0.5403895,-0.004282714,0.0,-0.16065502,0.0,-0.43135753,0.0,-0.2408257,0.0,0.28335103,0.0,0.5200467,0.0,-0.6115714,0.05663444,0.20166261,0.63008213,-1.2947044,-0.20507409,0.032383263,-0.12201919,"PaymentMethod_Electronic check, PaymentMethod_Credit card (automatic), StreamingMovies_Yes",0.25846326
-0.023726925,-0.16771208,-0.00031566035,-0.14296931,-0.03597638,-0.16655402,0.19894798,-0.30827558,-0.080020934,0.53619486,0.017016742,-0.17970908,0.12606062,0.0,-0.37428302,0.51991016,-0.0015002573,0.0,-0.09723824,0.0,0.5986553,0.0,-0.4066041,0.0,-0.052055795,0.0,-0.7837417,0.0,0.9977429,0.19518688,0.2000771,-0.1331947,-0.6122111,-0.084049135,-0.018160665,-0.09574739,"StreamingMovies_Yes, StreamingTV_Yes, PaymentMethod_Electronic check",0.40538424
-0.10679573,-0.28192452,0.092236415,-1.1577954,-0.046436362,0.009566944,0.27487037,-0.8327223,-0.21665622,-0.1553774,0.0035941778,0.14897768,-0.063691884,0.0,-0.32859394,-0.52137583,-0.0016198799,0.0,-0.19607563,0.0,-0.31649464,0.0,-0.35118952,0.0,0.32749948,0.0,0.2769113,0.0,-0.48282528,-0.07108671,-1.2350907,0.94263124,-1.2211949,-0.12522808,-0.00879944,-0.111545004,"Contract_Two year, PaymentMethod_Electronic check, tenure",0.0031254087
-0.046367265,0.040046234,0.012834922,-1.0153245,-0.19781762,-0.11619208,-0.42865634,-0.74333245,-1.8128152,-2.3775792,0.008029698,0.09912237,-0.293088,0.0,0.24411792,-0.40394533,-0.0006027703,0.0,0.23654181,0.0,0.33515507,0.0,0.34133324,0.0,0.27157387,0.0,0.46455213,0.0,0.5099378,-0.14594786,-1.3801444,-0.24392411,0.86146617,-0.10240382,-0.006886138,-0.040522695,"charge_per_service, num_services, Contract_Two year",0.0026259979
-0.028820483,-0.117188334,-0.037311554,-1.003251,-0.061779287,-0.116931416,0.49613345,-0.07060955,0.54698056,-2.0623407,0.005020509,-0.18125819,0.03271338,0.0,-0.3539931,-0.4080965,0.12035155,0.0,-0.09801665,0.0,-0.26987678,0.0,-0.16130227,0.0,-0.26641145,0.0,-0.44516876,0.0,-0.39445087,0.011866002,-1.2230989,0.05281521,-1.2744099,-0.31175745,-0.050064147,-0.13787585,"charge_per_service, PaymentMethod_Electronic check, Contract_Two year",0.00040268287
-0.06812033,-0.006554452,0.016393078,0.1752505,-0.030580485,-0.10772378,0.022598576,0.029580265,-0.027981825,0.69853765,-0.016925193,0.1476765,-0.059986606,0.0,-0.3356568,0.2757947,-0.0038033887,0.0,0.20309578,0.0,-0.24967773,0.0,-0.29845303,0.0,-0.18898912,0.0,-0.7365211,0.0,-0.513005,0.1501517,0.20313251,-0.09919617,-0.7111041,-0.0889466,-0.011166357,0.1512638,"StreamingTV_Yes, PaymentMethod_Electronic check, charge_per_service",0.18396017
0.0004261222,0.030266546,0.02652438,0.7559678,-0.043279774,0.050783213,0.41329297,0.4400128,-0.7029012,0.29997978,-0.08297529,0.23262802,0.29967523,0.0,0.47079873,0.23749772,-0.0015310289,0.0,-0.1391105,0.0,0.67830795,0.0,-0.5849097,0.0,0.3346171,0.0,-0.9609943,0.0,0.6183358,0.06577203,0.13375081,-0.17069179,0.73600554,-0.14671215,-0.04514671,0.08768299,"StreamingTV_Yes, tenure, PaymentMethod_Electronic check",0.95370173
0.06470375,-0.099486016,0.024803117,0.0039321175,-0.123191826,-0.14796345,-0.010950829,-0.7465427,-0.6648991,-0.92583543,0.0038922352,0.20722347,-0.0034849753,0.0,-0.22360036,-0.46005845,-0.0017409152,0.0,0.68978983,0.0,-0.5849765,0.0,0.29953194,0.0,-0.13258083,0.0,0.48909745,0.0,-0.6331968,0.24884173,0.24289942,-0.1206127,-0.60205126,-0.10318474,-0.048085313,-0.1100943,"charge_per_service, TotalCharges, OnlineSecurity_Yes",0.029984051
0.012917737,0.21202429,-0.32345244,-0.2896821,-0.15048602,0.00850266,0.37875235,0.24485528,1.0930575,-0.70496196,0.006870647,0.16834235,0.019367907,0.0,0.27909303,-0.5144194,0.11894358,0.0,-0.13648367,0.0,-0.3659809,0.0,-0.16098715,0.0,-0.18688981,0.0,-0.39492205,0.0,-0.6176463,-0.109905444,-0.40150687,-0.11750409,-0.5361077,-0.06796054,0.310874,-0.13877024,"num_services, charge_per_service, StreamingMovies_Yes",0.08526336
-0.02468201,-0.1826031,0.04181697,-0.24116802,-0.10598011,0.06722081,-0.11386239,-0.37371325,-0.7662883,-0.56501514,0.020110952,0.08451306,-0.054932818,0.0,-0.3561715,-0.5060625,-0.000876094,0.0,-0.14532375,0.0,-0.4759283,0.0,0.4625573,0.0,0.21737435,0.0,-0.670122,0.0,0.3281932,0.11057696,0.21694988,0.70460725,-1.2002949,-0.11784774,0.032797176,-0.1112558,"PaymentMethod_Electronic check, num_services, PaymentMethod_Credit card (automatic)",0.023333931
-0.018147163,-0.1527501,0.024592135,-0.40941313,-0.015807284,0.044960093,0.06633397,-0.79000956,0.07232988,0.16363634,0.0068503795,-0.09613658,-0.05934135,0.0,0.31082255,0.35655412,-0.0013412217,0.0,-0.13775255,0.0,-0.45493305,0.0,0.6012538,0.0,-0.115817964,0.0,-0.83888876,0.0,-0.7175873,0.14985788,0.20458786,-0.24390659,-0.8956717,0.08585088,-0.027970616,-0.12643747,"PaymentMethod_Electronic check, StreamingTV_Yes, TotalCharges",0.04639273
-0.038080808,-0.16638729,-0.18834242,-1.1746644,-0.039544486,-0.13362163,-0.023476126,-0.267833,-0.68384606,-0.79285616,0.0039372896,-0.27242574,-0.0034131932,0.0,-0.32690752,-0.53264666,-0.0007271896,0.0,0.36932698,0.0,-0.21972188,0.0,0.4549571,0.0,-0.27367216,0.0,0.23084956,0.0,0.316919,-0.048842438,-0.97787875,0.5112612,-1.0730299,-0.13253579,0.0071377493,-0.119541585,"tenure, PaymentMethod_Electronic check, Contract_Two year",0.0036679946
-0.014620369,-0.1988838,-0.3026042,-0.27465472,-0.09127279,-0.03150784,0.3997116,0.66191334,0.86985654,-0.8605975,0.0068698744,0.1134932,0.028351525,0.0,0.33040652,-0.33795238,0.11658744,0.0,-0.0034895411,0.0,-0.26001194,0.0,-0.25933608,0.0,-0.18065001,0.0,-0.36309132,0.0,-0.33100373,-0.017950535,-1.2405627,-0.17246814,-0.9551249,0.48773676,0.04078598,-0.11619275,"Contract_Two year, PaymentMethod_Electronic check, num_services",0.04902824
0.043505,-0.29111227,0.07021191,-0.16068286,-0.030828923,0.0409968,0.013756324,-0.9959781,-0.06684615,0.3046587,0.003291119,-0.122442044,-0.09452531,0.0,-0.5000399,0.3716077,-0.0043081595,0.0,-0.14853507,0.0,-0.44058126,0.0,0.3730727,0.0,-0.1538835,0.0,0.54550815,0.0,-0.85070205,0.09755191,0.14497846,-0.12916322,0.700004,-0.18197142,0.023877904,-0.05008507,"TotalCharges, StreamingMovies_Yes, PaymentMethod_Electronic check",0.18279994
-0.093748316,-0.30803546,-0.3281934,-0.6806587,-0.00561795,0.11848264,-0.052389093,-0.50266767,-0.25041515,-1.3816526,0.014732954,0.045525584,0.0226683,0.0,-0.2880232,-0.34495297,-0.0008939784,0.0,0.6459191,0.0,0.5667585,0.0,0.33916682,0.0,0.476709,0.0,-0.56132334,0.0,-0.26709273,-0.11067422,-1.5521259,1.0362878,-1.0671118,-0.16541447,0.020473395,-0.11813046,"Contract_Two year, charge_per_service, PaymentMethod_Electronic check",0.008152669
0.019711599,-0.23824939,-0.10392164,-0.2709266,-0.03668447,0.064217746,0.021586323,-0.2941098,-0.34117842,0.50699174,0.00430621,-0.12472618,0.00054380647,0.0,-0.41097167,0.35247892,-0.0015363169,0.0,-0.21026124,0.0,-0.45006633,0.0,-0.44829282,0.0,-0.07134818,0.0,0.5964802,0.0,0.8571024,-0.72483784,-0.15532294,-0.08345633,-0.69939685,-0.091387406,0.020394664,-0.104168735,"StreamingMovies_Yes, Contract_One year, PaymentMethod_Electronic check",0.08122221
0.0135932425,0.050627254,0.16324681,-1.384527,-0.049478248,0.035699762,-0.93552446,-0.38714042,-1.9512737,-0.3015339,0.008029698,0.042017438,-0.18283616,0.0,0.2065759,0.41213238,-0.00083869125,0.0,-0.15489791,0.0,0.80585754,0.0,0.6312983,0.0,0.401219,0.0,0.6199671,0.0,0.53561395,0.07746228,0.21813004,0.71083367,-0.9591888,-0.106877185,-0.009044479,-0.07996163,"num_services, tenure, PaymentMethod_Electronic check",0.17084564
-0.029792825,0.05041703,0.09956873,-0.09080681,-0.037943855,0.08096565,-0.4260431,-0.16932511,-1.5942787,0.3265542,-0.09662612,-0.22398452,-0.07946042,0.0,0.3454397,0.25213143,-0.0013724794,0.0,-0.11671971,0.0,0.1968897,0.0,1.5985931,0.0,-0.13603535,0.0,0.7820274,0.0,0.4351442,0.10879398,0.11517581,-0.1390363,0.44402447,-0.18242252,-0.040788073,0.0913147,"DeviceProtection_Yes, num_services, StreamingTV_Yes",0.82542974
-0.025220858,-0.15096977,-0.2943803,-1.3228052,-0.10163988,-0.16649832,-0.29182032,-1.0585401,0.5413248,-0.5336068,0.0059905457,0.068469204,-0.06912118,0.0,0.21859345,-0.46265194,0.11658744,0.0,-0.10236437,0.0,-0.6405831,0.0,-0.33113405,0.0,-0.25148535,0.0,-0.27616552,0.0,-0.5221889,-0.016433986,-1.2513849,-0.07786214,-0.5487167,-0.020362804,-0.04535478,-0.13825203,"tenure, Contract_Two year, TotalCharges",0.00042738245
0.0029183729,0.0968758,0.09243056,1.1001635,0.37267464,0.04455945,0.39730236,0.6915985,1.612174,0.2899102,-0.024629522,-0.03253508,0.02459805,0.0,-0.1732345,-0.32274035,-0.003468973,0.0,-0.13003777,0.0,-0.21540913,0.0,-0.4481455,0.0,-0.044203337,0.0,-0.45266104,0.0,1.2469535,0.06435097,0.17139651,-0.13030173,0.853543,-0.19422258,-0.049104534,0.11885702,"num_services, StreamingMovies_Yes, tenure",0.99297196
-0.0050487462,0.03940289,-0.19040485,1.2721148,-0.1009368,-0.46995598,0.054903753,0.88062376,-0.15301389,-1.0409853,-0.020620128,-0.051562678,0.077117905,0.0,-0.28957096,-0.45494443,-0.0014269208,0.0,-0.111028664,0.0,-0.35051858,0.0,0.59905773,0.0,-0.042505544,0.0,-0.5082448,0.0,0.43910587,0.12447976,0.18549742,-0.13255496,0.7005405,-0.18823269,-0.025313154,0.08819102,"tenure, charge_per_service, TotalCharges",0.5781881
0.016099239,-0.106227845,0.18548007,-1.9732319,-0.13539417,-0.12167851,-1.4061018,-0.9035994,-2.3037975,-0.595893,0.006197011,0.15730472,-0.2383035,0.0,0.24262175,0.31603217,-0.00083869125,0.0,0.24923411,0.0,0.702874,0.0,0.5613704,0.0,0.5718315,0.0,0.75248384,0.0,0.67018396,0.104353145,-0.119252816,-0.23171501,0.7126619,-0.11502777,-0.0035266066,-0.034786604,"num_services, tenure, MonthlyCharges",0.045240197
0.0065981047,0.12694022,0.021262921,-0.74849236,-0.1151626,0.049900565,0.4952209,0.12419375,0.8174303,-2.0671537,0.006870647,0.11732529,-0.00701257,0.0,-0.4832703,-0.39027312,0.12745844,0.0,-0.15969795,0.0,-0.45325834,0.0,-0.18616465,0.0,-0.24175416,0.0,-0.2599411,0.0,-0.67241657,-0.5693173,-0.34854093,0.21056162,-1.2972207,-0.25262165,-0.06863219,-0.14413483,"charge_per_service, PaymentMethod_Electronic check, num_services",0.0017090124
0.016800173,0.08926511,0.05215636,1.256157,-0.03921077,0.015287939,-0.0036340482,0.36790836,0.46857837,0.39173266,-0.014784411,-0.0571364,0.033991724,0.0,-0.10961357,-0.40958056,-0.003872989,0.0,-0.060509782,0.0,-0.34616667,0.0,-0.4784778,0.0,-0.019364404,0.0,0.63254756,0.0,-0.55319303,0.17077492,0.22847708,-0.19054604,-0.8664122,0.5826395,-0.017622644,0.1968343,"tenure, PaymentMethod_Electronic check, StreamingTV_Yes",0.7898794
-0.12569407,0.121950224,-0.022342227,-0.33404768,-0.046959333,-0.11442995,0.34928527,0.19587147,0.9295138,0.88513124,0.004375566,-0.08716942,-0.027513644,0.0,-0.3243294,0.28678587,-0.0020027878,0.0,-0.056459904,0.0,-0.34111422,0.0,-0.20370845,0.0,-0.1397689,0.0,-0.5940818,0.0,-0.3906599,0.12028712,0.14715016,-0.18535045,0.7581774,-0.15378542,0.1528912,-0.07710417,"num_services, charge_per_service, PaymentMethod_Electronic check",0.67174107
-0.0264767,-0.14205617,-0.5974469,-1.9144653,-0.112958774,-0.11239507,-1.6418192,-0.25922185,-1.8936102,-0.70719606,0.0134614725,-0.07779031,-0.050228406,0.0,0.21942294,0.24038346,-0.00077185105,0.0,0.2338395,0.0,0.46043572,0.0,0.65496117,0.0,0.5122756,0.0,0.5162349,0.0,0.5037053,-0.106120996,-1.5234203,-0.17893654,0.61185145,-0.079797454,-0.004730267,-0.034871556,"tenure, num_services, MonthlyCharges",0.004043589
0.035051268,0.098822616,0.0261177,-0.33607367,-0.027711943,0.15503624,-0.2669955,-0.6403492,0.26932177,0.7907015,0.022201588,-0.30059785,-0.01565092,0.0,0.20600934,0.41121206,-0.001399539,0.0,-0.041565992,0.0,0.63321364,0.0,-0.34414658,0.0,-0.08254108,0.0,-0.7347609,0.0,-0.8493262,0.17802906,0.1842126,-0.25457197,-0.8683977,-0.05873623,0.01689892,-0.132041,"PaymentMethod_Electronic check, StreamingMovies_Yes, charge_per_service",0.12599269
-0.011999877,0.03548645,0.034621917,0.05039482,-0.022354301,-0.28473434,-0.16852954,-0.96449006,-0.71066755,0.4490089,0.004564805,0.15742907,-0.14087085,0.0,-0.5523683,0.26945296,-0.0015629514,0.0,-0.2563517,0.0,-0.67738,0.0,0.5467967,0.0,0.24230622,0.0,0.9551614,0.0,-0.65010864,0.1729632,0.22091098,-0.22431932,-1.1256775,0.5735313,0.009734138,-0.118793145,"PaymentMethod_Electronic check, TotalCharges, StreamingTV_Yes",0.10004977
0.033965103,0.0692934,0.019940864,0.44286224,-0.04030478,0.054557674,0.14684656,0.44290015,0.3366507,0.8112302,-0.037702408,-0.066486664,-0.2438974,0.0,-0.370102,0.3041311,-0.0038372967,0.0,-0.12872018,0.0,-0.36089802,0.0,0.925029,0.0,-0.13900752,0.0,-0.82799184,0.0,-0.5682082,0.06853189,0.14418004,-0.13570996,0.6632099,-0.17027123,-0.011731984,0.10868949,"DeviceProtection_Yes, StreamingTV_Yes, charge_per_service",0.8112759
-0.01770087,0.07065812,0.07388192,0.13287531,-0.076951295,0.010943247,-0.26831782,-0.28528687,-1.5957904,-0.60077554,0.007411993,0.10592043,-0.018632064,0.0,-0.2729975,0.2023047,-0.0010635976,0.0,0.73449576,0.0,-0.2091392,0.0,0.9802756,0.0,0.3194041,0.0,0.78666157,0.0,0.70685333,-0.009669043,0.21602659,-0.18724513,0.782005,-0.15384343,0.0075163026,-0.03288782,"num_services, DeviceProtection_Yes, StreamingTV_Yes",0.80188334
-0.0020031314,-0.1689601,0.040992104,-1.5067967,-0.08905654,-0.12477733,0.23119745,-0.8657638,-0.588047,-0.8623324,0.025498446,0.1339183,0.056298435,0.0,0.20555843,-0.70778126,-0.00069516455,0.0,-0.13887306,0.0,0.5639308,0.0,-0.48673877,0.0,0.28806838,0.0,-0.9606782,0.0,0.5306897,-0.07342225,-1.3332168,-0.25499848,-1.16317,0.30720675,0.0046982286,-0.113445975,"tenure, Contract_Two year, PaymentMethod_Electronic check",0.0008567333
0.27410147,0.028212296,0.07836518,0.026944438,-0.033522096,-0.023439853,0.33531657,-1.0755774,-0.4859913,0.7553799,0.019251563,0.111544825,0.049958583,0.0,-0.47280118,0.27615672,-0.0015363169,0.0,0.52166,0.0,-0.3432985,0.0,-0.4240805,0.0,-0.14973147,0.0,-0.79120386,0.0,0.5568301,0.06548331,0.1251353,-0.2067586,0.6663835,-0.11800917,0.021705454,-0.041134372,"TotalCharges, StreamingTV_Yes, charge_per_service",0.4345079
0.014870628,0.13009484,-0.18330635,0.12943602,-0.10224111,-0.016661188,0.57643,0.13130955,0.87434167,-1.3217642,0.0059006102,0.118632354,-0.024810849,0.0,-0.5100137,-0.24025021,0.12745844,0.0,-0.011612339,0.0,-0.29388863,0.0,-0.2593564,0.0,-0.23353729,0.0,-0.34770834,0.0,-0.5228759,-0.60648715,-0.33067784,-0.14561333,-0.9324252,0.30373752,-0.05807284,-0.11006809,"charge_per_service, PaymentMethod_Electronic check, num_services",0.020877479
-0.013366311,0.09279958,0.0889979,0.2604367,-0.08545709,-0.03675114,-0.013210218,0.2210423,-0.15795879,-0.3740196,-0.016294988,0.20582119,0.07464347,0.0,-0.22818126,-0.3507378,-0.004310016,0.0,-0.12568054,0.0,-0.28595412,0.0,-0.3748114,0.0,0.35230768,0.0,0.678666,0.0,-0.2998781,0.15576187,0.24853614,-0.20422304,-1.1818097,0.55105484,-0.011579319,0.15148094,"PaymentMethod_Electronic check, StreamingTV_Yes, PaymentMethod_Mailed check",0.33369908
-0.07773737,0.093664914,0.078379385,0.08527194,-0.038009614,0.03261983,0.063166,-0.03421052,-0.25169826,0.7112726,-0.014254399,-0.15218881,0.037078194,0.0,0.37120813,0.38561818,-0.0016575583,0.0,-0.12500755,0.0,-0.5677857,0.0,-0.42122248,0.0,-0.121652804,0.0,0.6894201,0.0,0.50655,0.13917087,0.20043084,-0.06278186,-0.55186266,-0.14203107,-0.041149482,0.18627228,"charge_per_service, StreamingTV_Yes, OnlineBackup_Yes",0.72473
-0.027285354,-0.21358545,-0.28420296,-0.5690812,-0.030442338,-0.23942286,0.9555652,-0.70709175,-0.50505984,0.1284286,0.0045099403,0.21516941,-0.13609721,0.0,0.28357485,0.2338524,-0.0012945752,0.0,-0.25884095,0.0,0.46494535,0.0,-0.6220782,0.0,0.42609373,0.0,0.3290738,0.0,-0.7850194,0.0060231825,-1.446948,0.59381217,-1.0150701,-0.106068745,-0.00129707,-0.11122956,"Contract_Two year, PaymentMethod_Electronic check, MonthlyCharges",0.031435
-0.09423359,-0.14396945,-0.28319228,-0.44280437,-0.052894644,-0.07400929,-0.370314,-0.42504975,-1.7918276,-1.6774188,0.0134614725,0.09682922,0.05123695,0.0,0.20674571,-0.47838807,-0.0006027703,0.0,0.1301767,0.0,0.39614356,0.0,0.0028151288,0.0,0.22500293,0.0,0.42157355,0.0,0.5396358,0.10096374,-1.568669,-0.17119342,-0.96916276,0.33281204,-0.021812873,-0.11347783,"num_services, charge_per_service, Contract_Two year",0.0020859274
0.024807028,0.18284376,0.06017871,-0.3910467,-0.041976623,0.12301698,0.22052315,-0.31122205,0.26064625,0.07764744,0.030252423,-0.35733268,0.06480995,0.0,-0.19752635,-0.39502665,-0.0041142073,0.0,-0.20217544,0.0,0.6522723,0.0,-0.46332344,0.0,-0.021457113,0.0,-0.64562654,0.0,-0.5008786,0.11128599,0.18215133,-0.30904424,-0.89071125,0.37628683,0.013829751,-0.093134165,"PaymentMethod_Electronic check, OnlineBackup_Yes, StreamingTV_Yes",0.07922895
-0.020733653,-0.13576934,0.08303262,-0.9309428,0.25875488,-0.0054100663,0.011566798,-0.3499832,-0.4392973,-1.4896337,0.005579306,-0.03169729,0.010158816,0.0,-0.4532586,-0.5402393,-0.002507886,0.0,-0.20356312,0.0,-0.7054742,0.0,0.26956865,0.0,0.08204299,0.0,0.33244497,0.0,0.61137843,0.04794528,0.252379,-0.092246845,-0.8065111,-0.09289153,-0.0005457999,-0.109313674,"charge_per_service, tenure, PaymentMethod_Electronic check",0.011498238
-0.0011689033,0.05508455,0.063907124,-0.034820132,-0.038064547,-0.20068718,-0.025446866,-0.49707502,-0.22069909,0.47459152,0.0043068007,-0.16933589,0.054694384,0.0,-0.54251146,0.30390626,-0.0015363169,0.0,-0.19285344,0.0,-0.5226733,0.0,-0.4588364,0.0,-0.1209326,0.0,0.87902254,0.0,0.6962238,0.1093366,0.14704485,-0.15908241,0.85344374,-0.17142849,-0.02009548,-0.043808233,"StreamingTV_Yes, PaymentMethod_Electronic check, StreamingMovies_Yes",0.55272317
0.008797732,-0.26021048,0.064587764,-1.8474352,-0.048947826,0.053689674,0.106573865,-1.0548694,-0.5109148,0.12659182,0.0066326214,0.22612882,0.19968808,0.0,0.26394364,0.28068885,-0.00086424523,0.0,-0.08647542,0.0,0.7401487,0.0,-0.60004467,0.0,-0.13379057,0.0,0.5982561,0.0,0.59735286,0.07934339,-0.49665302,-0.20093015,0.8046483,-0.11433018,-0.012469875,-0.046753313,"tenure, TotalCharges, PaymentMethod_Electronic check",0.21986671
0.008013995,0.099246114,0.04277768,-0.47589412,0.2589356,-0.09610334,0.18160541,-0.8931855,1.0896631,-0.19764456,0.009402612,0.1989648,0.120594904,0.0,-0.22091222,-0.33126047,-0.012569474,0.0,0.46909413,0.0,-0.83838814,0.0,-0.3098731,0.0,-0.1317664,0.0,-0.3482028,0.0,-0.6031995,-0.46988934,-0.3592615,-0.16401401,-0.9255584,-0.08394559,-0.037956525,-0.13115793,"num_services, PaymentMethod_Electronic check, TotalCharges",0.015347871
-0.22509465,-0.062840074,0.045710754,-1.0891237,-0.0367053,-0.023479486,-0.37702626,-0.47577384,-1.1885126,0.26482072,0.006197011,-0.17060709,-0.33664888,0.0,0.21926844,0.228157,-0.00083869125,0.0,-0.10220657,0.0,0.5790151,0.0,1.2967765,0.0,-0.26244888,0.0,0.728648,0.0,0.50635177,-0.5806739,-0.040409047,-0.25466833,0.60444975,-0.14736563,-0.010804126,-0.039929707,"DeviceProtection_Yes, num_services, tenure",0.27796295
-0.004389571,0.16298378,0.07139968,0.21216181,-0.18874922,-0.010359776,0.2246499,-0.06428839,0.89062023,-0.84207463,0.0059006102,0.16752739,-0.031146076,0.0,0.2742849,-0.4290019,0.11894358,0.0,-0.046041988,0.0,-0.32408482,0.0,-0.19878829,0.0,-0.18497945,0.0,-0.43479672,0.0,-0.4446975,0.09574218,0.30749643,-0.24136063,-1.0154585,0.56317985,-0.08789857,-0.08884522,"PaymentMethod_Electronic check, num_services, charge_per_service",0.1749566
0.2056825,0.004133029,0.027767744,-0.22352897,-0.019422209,0.026252825,0.37368017,-0.20024146,-0.5303798,0.47127163,0.008072365,0.18199609,0.03229887,0.0,0.25267887,0.38553712,-0.004119313,0.0,0.30386716,0.0,-0.63587403,0.0,0.5209215,0.0,-0.17000489,0.0,-0.50725317,0.0,-0.9195651,0.25943428,0.2172159,-0.1089477,-0.6718094,-0.08557257,-0.03521225,-0.11279906,"StreamingMovies_Yes, PaymentMethod_Electronic check, OnlineBackup_Yes",0.27632868
-0.026460491,0.10307389,0.059681114,-0.5207949,-0.13108025,0.014788478,0.12378096,0.31025195,0.91076005,-1.9248248,-0.027096206,0.100100026,0.0363135,0.0,-0.51149076,-0.23932695,0.12035155,0.0,-0.05513675,0.0,-0.19246392,0.0,-0.32556883,0.0,-0.22918525,0.0,-0.36913824,0.0,-0.20941831,-0.031667277,-2.0065963,-0.15180404,-1.0513983,0.40004516,-0.057508156,0.13995996,"Contract_Two year, charge_per_service, PaymentMethod_Electronic check",0.0031705287
0.024058165,0.069094576,0.12576808,-1.019104,-0.026811318,0.008179146,-0.1116468,-0.43714997,-1.9315058,-0.27658665,0.013462063,0.03659193,0.14782237,0.0,-0.28535962,0.3231392,-0.00087863347,0.0,0.4765874,0.0,0.57593447,0.0,0.63516486,0.0,0.6988376,0.0,0.71755546,0.0,0.4984223,-0.0029153107,-0.8011341,0.64498854,-0.81999207,-0.0742353,0.007520762,-0.06416864,"num_services, tenure, PaymentMethod_Electronic check",0.29792708
0.013140213,0.03722051,-0.01021575,-0.19425596,-0.05546542,0.077573955,-0.8420101,-0.40979177,-1.2745012,-0.33299166,0.041017916,0.2630105,0.090972066,0.0,0.2547663,0.21820846,-0.00083869125,0.0,0.4297904,0.0,0.3877935,0.0,0.6724991,0.0,-0.34820086,0.0,-1.310134,0.0,0.7747679,-0.3037165,-0.04727597,-0.18359442,0.57664275,-0.13606732,-0.0048862887,-0.04335142,"StreamingTV_Yes, num_services, MonthlyCharges",0.15859495
-0.051456902,0.10857987,0.038017947,-0.30292422,-0.119156875,-0.033448294,-0.15146297,0.062324755,-0.56397426,-1.3484828,-0.04822466,0.117525406,0.010598692,0.0,-0.2780075,-0.42877862,-0.0011308234,0.0,0.43258318,0.0,-0.4248111,0.0,0.35210082,0.0,-0.16216286,0.0,-0.7524526,0.0,0.40671343,0.12020425,0.31542763,-0.12390445,-0.5741801,-0.1772699,0.017006427,0.1846677,"charge_per_service, StreamingTV_Yes, PaymentMethod_Electronic check",0.0327706
0.06690355,-0.3405624,0.037294213,-1.8553568,-0.057720207,0.038408004,-0.19334932,-0.49404898,-1.0128723,-0.19907191,0.004609269,0.07742554,-0.18489777,0.0,-0.7578171,0.27294523,-0.0011205261,0.0,0.4039573,0.0,-0.31313014,0.0,-0.639056,0.0,0.41414106,0.0,0.711225,0.0,0.9353446,-0.048663426,-1.2136561,-0.24608752,0.6971782,-0.093237355,-0.003921494,-0.041696772,"tenure, Contract_Two year, num_services",0.017197208
-0.008219459,0.08555454,0.10116946,0.56371033,-0.12299755,-0.030743921,0.36319244,0.53903234,0.7037873,-1.3999546,-0.020550352,0.10419164,0.011321457,0.0,-0.3997893,-0.34731182,0.11545408,0.0,-0.07607358,0.0,-0.3456448,0.0,-0.38438454,0.0,-0.17400178,0.0,-0.32181224,0.0,-0.3319234,0.18927188,0.3502174,-0.11094632,-1.104149,0.626464,-0.06329575,0.12593803,"charge_per_service, PaymentMethod_Electronic check, num_services",0.20240651
-0.04130573,-0.10054796,-0.57235885,-0.58189356,-0.033974044,-0.05827419,0.010853134,-0.12715614,-1.5092342,0.110153526,0.004609269,0.046349697,-0.3389366,0.0,0.2361438,0.2409175,-0.0008079108,0.0,0.38673115,0.0,-0.20008492,0.0,0.56313026,0.0,0.5461568,0.0,0.35865343,0.0,0.46571088,0.013142849,-0.7338954,0.4670858,-0.7346402,-0.074288465,0.012550247,-0.098540984,"num_services, PaymentMethod_Electronic check, Contract_Two year",0.14772226
-0.10397956,-0.0036936589,0.09998775,-0.45585403,-0.04909211,-0.027594704,-1.3979696,-1.0912874,-1.7626957,-0.6815361,0.01529416,0.2306478,-0.13678516,0.0,0.10112625,0.43057317,-0.001002092,0.0,0.16252087,0.0,0.33988458,0.0,-0.5357449,0.0,0.62640744,0.0,0.6569458,0.0,0.69593453,-0.02327023,0.17636757,0.7715836,-1.078314,-0.111532085,-0.038578458,-0.07284508,"num_services, MonthlyCharges, TotalCharges",0.036497615
-0.071832165,-0.17648356,-0.034324072,-1.7365177,-0.024749916,0.041033253,-0.13748306,-0.20892924,-0.29662773,0.30427998,0.008072365,0.07308387,0.02285628,0.0,0.2158205,0.21959135,-0.0015375055,0.0,0.3182482,0.0,-0.3431831,0.0,-0.4582484,0.0,0.30690446,0.0,-0.81513125,0.0,-0.66598994,0.15400916,0.13079207,-0.18428895,-0.7250719,-0.038661808,0.008629054,-0.121141486,"tenure, StreamingTV_Yes, PaymentMethod_Electronic check",0.014123256
-0.07611496,-0.33225375,0.101102255,-1.2375426,-0.071210645,0.11487736,0.024338301,0.3103216,-0.38765103,-0.57011503,0.011774402,0.15272681,0.11052413,0.0,-0.25900456,-0.39388055,-0.0015156022,0.0,0.5351633,0.0,0.7077085,0.0,-0.4139603,0.0,0.2263647,0.0,0.33373407,0.0,-0.5700129,-0.093784094,-0.33847895,1.1296718,-1.4261854,-0.16907653,0.017301528,-0.11941401,"PaymentMethod_Electronic check, tenure, PaymentMethod_Credit card (automatic)",0.063362874
-0.00033741005,0.11072737,0.09901512,0.09953565,0.499933,0.045694698,0.19583096,0.18230298,1.121358,-0.40076178,-0.027096206,0.18098477,0.15926588,0.0,-0.25565642,-0.15476425,-0.012569474,0.0,0.40853342,0.0,-0.38568783,0.0,-0.4008989,0.0,-0.21077482,0.0,-0.46591887,0.0,-0.30767983,0.13274811,0.28349027,-0.26245016,-1.2582057,0.4155553,-0.041012034,0.17876908,"PaymentMethod_Electronic check, num_services, PhoneService",0.4802862
-0.027928106,-0.18246424,0.0007960644,-1.4473709,-0.15520938,-0.08614145,-0.06869125,-0.6401415,-1.1313181,-1.5350294,0.005579306,-0.1604055,-0.022588927,0.0,-0.40207416,-0.4882533,-0.0007271896,0.0,0.3385365,0.0,-0.2765301,0.0,0.27574974,0.0,0.166489,0.0,0.45897922,0.0,0.5045309,-0.15292458,-1.0920196,-0.26482666,0.7841184,-0.0954189,-0.006642626,-0.047014024,"charge_per_service, tenure, num_services",0.0031482067
-0.015193687,-0.16644056,-0.3057527,-0.39969072,-0.0648605,0.030096527,0.62775195,0.456109,0.6607257,-1.4922779,-0.014779429,0.073615395,-0.05081254,0.0,-0.46618503,-0.30388036,0.12035155,0.0,-0.009046032,0.0,-0.19454229,0.0,-0.3755578,0.0,-0.205748,0.0,-0.35906857,0.0,-0.2745549,0.001512272,-2.0084958,-0.14371842,-0.8606016,0.45668006,-0.07037207,0.18296017,"Contract_Two year, charge_per_service, PaymentMethod_Electronic check",0.005593146
-0.038887326,-0.23054366,0.05661895,-0.2753097,-0.040839687,0.05342068,0.13324112,-0.5639966,-0.25116277,0.28690335,0.004609269,-0.16549118,-0.1208183,0.0,0.2691437,-0.57090336,-0.0010381518,0.0,-0.10485532,0.0,-0.32767895,0.0,-0.55602795,0.0,-0.09046519,0.0,0.50760996,0.0,0.86422837,-0.17469454,-0.13693166,0.5849282,-1.1096172,-0.118054405,-0.010145494,-0.10899558,"PaymentMethod_Electronic check, StreamingMovies_Yes, PaymentMethod_Credit card (automatic)",0.09581799
0.004942203,-0.21011324,0.14960583,-1.5107833,-0.037607014,0.036293752,-1.1178349,-0.33391386,-1.9238005,0.054276668,0.0134614725,0.059252612,0.20208956,0.0,0.32098857,0.23210455,-0.00083869125,0.0,-0.17901537,0.0,1.0200149,0.0,0.8244928,0.0,0.47161093,0.0,0.8460459,0.0,0.55197763,-0.048118312,0.18657939,-0.195262,0.65185255,-0.15466316,-0.010597535,-0.03754656,"num_services, tenure, MonthlyCharges",0.46422833
-0.0120782945,-0.15843002,0.044146623,-1.133075,-0.10743186,-0.020967936,0.6904933,-0.30321595,0.8174369,-1.0374984,0.005020509,0.087502636,-0.10014115,0.0,-0.4887893,-0.31608194,0.12745844,0.0,-0.031194663,0.0,-0.53285986,0.0,-0.18004607,0.0,-0.1583477,0.0,-0.33005342,0.0,-0.5350174,-0.2881999,-0.3696445,-0.18705405,-1.019306,0.45741346,-0.028911844,-0.15368752,"tenure, charge_per_service, PaymentMethod_Electronic check",0.0051102396
-0.015893847,0.03023147,0.092161186,-0.4497155,-0.044970967,-0.28416058,0.22875912,-0.4472758,-1.5966725,0.1628749,0.0061976016,-0.19668831,-0.22318745,0.0,0.28566033,0.27636585,-0.00077185105,0.0,-0.1682306,0.0,0.5015724,0.0,1.1478367,0.0,-0.35064965,0.0,0.80503523,0.0,0.47996977,0.0060343184,-1.0254588,-0.1570367,0.62365454,-0.123579815,0.0033147307,-0.03590339,"num_services, DeviceProtection_Yes, Contract_Two year",0.38240469
0.041449007,0.10923675,0.040515028,1.2259021,-0.05320298,7.977302e-05,0.26245946,1.3016188,1.0191296,1.5030452,-0.014211415,-0.06213747,0.08491732,0.0,-0.08193468,0.40440515,-0.0033663616,0.0,-0.11219691,0.0,-0.5907917,0.0,-0.3184512,0.0,-0.08571743,0.0,-0.40546057,0.0,-0.39556074,0.10716247,0.15519373,-0.11529304,0.7638248,-0.20742482,-0.08732106,0.13047408,"charge_per_service, TotalCharges, tenure",0.990122
-0.010903684,0.12831663,0.054409117,0.53677416,-0.07075074,-0.006575981,0.29821742,-0.19873776,0.7129245,0.7150157,-0.019931613,-0.006865247,-0.08480999,0.0,-0.35805577,-0.1923275,-0.004310016,0.0,-0.08324927,0.0,-0.4199576,0.0,-0.38327807,0.0,-0.18338382,0.0,-0.27236566,0.0,-0.415121,0.14490461,0.2011298,0.55241925,-0.96940327,-0.16855288,-0.08185203,0.1751748,"PaymentMethod_Electronic check, charge_per_service, num_services",0.39652324
-0.11265449,-0.13381325,-0.13518792,-1.8625062,-0.052138653,0.05650572,-0.31844124,-0.7003813,-1.6703137,-1.5337094,0.005525032,0.08654635,-0.19501887,0.0,0.17259476,-0.472484,-0.0006027703,0.0,0.19554357,0.0,0.32914883,0.0,0.49387947,0.0,0.37335515,0.0,0.4421553,0.0,0.5293862,0.08937353,-1.5577463,-0.21317084,-1.1005621,0.09319244,-0.016738752,-0.11783777,"tenure, num_services, Contract_Two year",0.0006519243
0.010366167,0.06758896,0.14263843,-0.019459046,0.5245645,-0.013264875,0.07615252,-0.34654275,0.7435527,-0.78020096,-0.0248321,-0.17483358,0.05700153,0.0,-0.25123507,-0.38430595,-0.0059399516,0.0,-0.18905284,0.0,-0.17804492,0.0,0.46589786,0.0,-0.11871563,0.0,0.3877216,0.0,-0.77946126,-0.10460858,-0.08264556,-0.19232868,0.9734283,-0.20937233,-0.041798744,0.1206085,"PaymentMethod_Electronic check, charge_per_service, StreamingMovies_Yes",0.41679394
-0.12156384,-0.1324932,-0.13874035,-0.4828234,-0.015592508,0.097901054,-0.20869873,-0.30295783,-1.6925054,-1.0868161,0.005525032,0.09374718,-0.10439519,0.0,0.2982973,-0.44625914,-0.0006027703,0.0,0.50061315,0.0,0.5066951,0.0,0.22090276,0.0,0.3745578,0.0,0.38561398,0.0,0.4700303,0.102210246,-1.2769389,0.71392125,-1.017519,-0.105017915,0.003624701,-0.110729456,"num_services, Contract_Two year, charge_per_service",0.029920312
-0.047418464,0.16920894,0.03009455,-0.9312546,-0.09319846,-0.044388894,-0.07975968,-0.805661,-0.54211533,-0.7045995,0.022987962,0.09563175,-0.16020182,0.0,0.05762181,-0.52957267,-0.00087959017,0.0,0.19881293,0.0,0.53236276,0.0,-0.44319394,0.0,0.4491,0.0,-0.5217043,0.0,-0.5190455,0.007366352,-1.2757809,-0.39993104,-1.1051658,0.35287398,0.012495003,-0.10471314,"Contract_Two year, PaymentMethod_Electronic check, tenure",0.0016773575
0.007664884,0.059798464,0.047114845,-0.58946335,-0.030716328,0.08868604,0.08419206,-0.99733067,0.33527628,0.6187136,0.02028669,-0.14101546,0.15708147,0.0,-0.4443471,0.27553657,-0.004208292,0.0,-0.104201354,0.0,-0.45044756,0.0,0.3644031,0.0,-0.089149624,0.0,-0.8008121,0.0,-0.61969197,0.07507639,0.14707285,-0.12444422,0.8369809,-0.13454518,-0.02603397,-0.055490423,"TotalCharges, PaymentMethod_Electronic check, StreamingTV_Yes",0.18200229
-0.03196898,-0.10237416,-0.09821581,1.6067778,-0.030018622,0.12451346,0.5825616,0.422884,0.18020491,0.17892258,-0.01772024,0.11563042,0.059938468,0.0,-0.104634956,-0.29751432,-0.003872989,0.0,0.46726075,0.0,-0.31025136,0.0,-0.45788062,0.0,-0.085866205,0.0,-0.5831405,0.0,-0.3864458,0.18300445,0.24941745,-0.2352133,-0.6994382,0.39209798,-0.0088023385,0.26915818,"tenure, PaymentMethod_Electronic check, StreamingTV_Yes",0.79741025
0.05208914,-0.10729331,0.030517029,-0.791958,-0.043382823,-0.35257185,-1.0417368,-0.09773947,-2.0617325,-0.674768,0.005525032,0.2542167,-0.006816409,0.0,0.16057223,0.4182982,-0.00083869125,0.0,0.33689132,0.0,0.5994018,0.0,0.57966554,0.0,-0.4305545,0.0,0.69209385,0.0,0.6377136,0.09802234,0.17953116,-0.11621256,-0.46102214,-0.045053255,0.007673984,-0.08052437,"num_services, MonthlyCharges, tenure",0.093738526
-0.019963542,0.13945882,0.0073657455,-1.2018715,-0.08042075,-0.03579068,0.55089456,0.43109336,0.704733,-1.4316174,0.0059006102,0.080718674,-0.06320388,0.0,-0.4319828,-0.4462443,0.12035155,0.0,-0.056221165,0.0,-0.27246705,0.0,-0.21346216,0.0,-0.1986268,0.0,-0.36489454,0.0,-0.39435607,-0.04043673,-1.8583637,-0.11615513,-1.0256234,0.41700467,-0.056847252,-0.14600444,"Contract_Two year, charge_per_service, tenure",0.0024582117
-0.028670078,0.39856473,0.047533263,-0.81064177,-0.059548527,-0.06560429,0.7161245,0.8327345,0.76860803,-1.1242949,0.006870647,0.05360841,0.042840015,0.0,-0.21441178,-0.35499442,0.12035155,0.0,-0.08626643,0.0,-0.21289672,0.0,-0.27728778,0.0,-0.18852676,0.0,-0.37969235,0.0,-0.30436578,-0.012467047,-1.5236884,-0.12865624,-0.97146523,0.36551306,-0.058570847,-0.13472441,"Contract_Two year, charge_per_service, PaymentMethod_Electronic check",0.026782682
-0.01856705,-0.19639885,-0.12584925,-0.21299343,-0.10711893,0.0068985852,0.12867281,-0.31141374,-0.541368,-0.94148874,0.020728659,0.24152851,-0.2466657,0.0,-0.2602348,-0.49137446,-0.0013311765,0.0,-0.114286594,0.0,0.7497915,0.0,-0.43925008,0.0,0.1464718,0.0,-0.70109594,0.0,0.6936226,-0.20615956,-0.35255307,-0.05633758,-0.4293943,-0.07130543,-0.00059908396,-0.097331285,"charge_per_service, OnlineBackup_Yes, StreamingTV_Yes",0.018998226
0.050238512,0.23221123,0.024884306,-0.55024666,-0.02923978,-0.16616996,-0.45550147,-0.9093386,-0.7306579,-0.014090299,0.02073085,-0.24860193,-0.03596911,0.0,-0.46936172,0.30675983,-0.0010275379,0.0,-0.22465684,0.0,0.64538586,0.0,0.4524554,0.0,-0.1380076,0.0,-0.9993695,0.0,0.650994,-0.33787245,-0.109948926,0.83184254,-0.86910146,-0.12512825,0.0058265403,-0.08262042,"StreamingTV_Yes, TotalCharges, PaymentMethod_Electronic check",0.036110025
0.034349475,0.06887504,0.14322984,-0.68083024,0.49076205,0.066624865,0.16041072,-0.329781,0.5293797,-0.99202925,0.033753455,-0.29194334,-0.15261579,0.0,-0.43724236,-0.15414548,-0.009119772,0.0,-0.121375956,0.0,1.037148,0.0,-0.46616876,0.0,-0.10222866,0.0,-0.6287782,0.0,0.48679376,0.051635038,0.23546003,-0.20793161,0.64639366,-0.1807111,-0.012002403,-0.06532953,"OnlineBackup_Yes, charge_per_service, tenure",0.29812446
0.054687,0.06286221,0.057954844,-1.0421492,-0.047317475,-0.04580062,0.4944409,-0.06802614,-0.24373259,0.5222396,0.005123806,-0.0768633,-0.056847543,0.0,0.27389574,0.26564997,-0.0013741048,0.0,-0.14970918,0.0,-0.555081,0.0,0.3880725,0.0,-0.1052181,0.0,0.606303,0.0,-1.2051044,-0.47785848,-0.17315657,-0.075173385,-0.90077746,-0.066437006,-0.057454146,-0.12045875,"StreamingMovies_Yes, tenure, PaymentMethod_Electronic check",0.060305167
-0.04432455,0.1520301,-0.1591044,-0.68287086,-0.020824356,-0.1250746,-0.056347378,-0.28003436,-1.1005449,-1.0761433,0.014279068,0.057111137,0.14897077,0.0,0.12567487,-0.29375392,-0.000787196,0.0,0.33357134,0.0,0.32566777,0.0,0.28146154,0.0,0.40362868,0.0,0.3050885,0.0,-0.470168,-0.041039895,-1.3255038,0.93446654,-1.0770367,-0.13981842,0.012123535,-0.107466236,"Contract_Two year, num_services, PaymentMethod_Electronic check",0.019539263
-0.08947585,-0.17694184,0.08438046,-0.6485304,-0.30892262,-0.039296586,0.19189785,-0.06394837,0.9078824,-0.96130264,0.005020509,0.14397728,-0.116576605,0.0,0.35611296,-0.37870154,0.11894358,0.0,-0.11820082,0.0,-0.5611033,0.0,-0.20396945,0.0,-0.19983338,0.0,-0.48704842,0.0,-0.43759584,-0.22315305,-0.1582966,-0.23191014,0.74747276,-0.15924221,-0.031742096,-0.08334417,"charge_per_service, num_services, PaymentMethod_Electronic check",0.041795455
0.0031024485,0.124775045,-0.12093477,0.24691476,-0.1164927,-0.090335935,0.8998835,0.17097205,0.69915897,-2.0582788,0.008432575,0.12148233,-0.11254912,0.0,-0.50097513,-0.33992806,0.12745844,0.0,-0.063295715,0.0,-0.15794721,0.0,-0.31378236,0.0,-0.21899806,0.0,-0.25117654,0.0,-0.58717376,-0.45640746,-0.35856017,-0.05952399,-0.64783806,-0.24105988,0.12316264,-0.10997643,"charge_per_service, MonthlyCharges, num_services",0.013536765
0.036711834,-0.04242745,-0.013247758,-0.6507585,-0.035526328,0.036074135,-0.27532196,-0.19635451,-1.4336852,0.3190763,0.005579306,0.11360166,0.13674586,0.0,0.300898,0.21831219,-0.000874751,0.0,0.45402536,0.0,-0.48692226,0.0,0.8482547,0.0,-0.3328843,0.0,0.7575181,0.0,0.6197405,-0.29992437,-0.028314179,-0.16110939,0.7205686,-0.09036189,-0.007030184,-0.03955339,"num_services, DeviceProtection_Yes, StreamingTV_Yes",0.6139588
0.021336421,-0.18016666,0.12968826,0.045215793,-0.059762575,0.01452806,-0.17902021,-0.11186017,-0.5808202,-0.57108957,-0.015795548,-0.10703628,0.00075267954,0.0,-0.31984204,-0.5365632,-0.0016830041,0.0,-0.1624236,0.0,-0.5702899,0.0,0.3979659,0.0,-0.10606316,0.0,0.5074897,0.0,0.5587166,0.09042344,0.21931596,0.5968555,-1.0983822,-0.16950879,-0.045508683,0.25546718,"PaymentMethod_Electronic check, PaymentMethod_Credit card (automatic), num_services",0.12058648
0.06612047,-0.2869356,0.046370253,1.5405236,-0.033438835,0.04645576,0.30813476,0.5483499,0.3775379,1.2713447,-0.008001779,-0.118174575,-0.061065868,0.0,-0.14917345,0.41909724,-0.0033663616,0.0,-0.07289124,0.0,-0.25792286,0.0,-0.3179152,0.0,-0.065194435,0.0,0.83526284,0.0,-0.56892717,0.19781415,0.22506002,-0.05268099,-0.534217,-0.1774415,-0.03277711,0.26477626,"tenure, charge_per_service, StreamingTV_Yes",0.9676388
0.23440138,0.061286803,0.035261862,1.0134683,-0.020922031,-0.092897184,0.08948162,-0.119354114,0.17024359,0.7135033,-0.016925193,-0.0951068,-0.020674484,0.0,-0.3212974,0.18486227,-0.0038372967,0.0,-0.049392186,0.0,-0.3525075,0.0,0.9421319,0.0,-0.20177615,0.0,-0.69488406,0.0,-0.5787776,0.18240938,0.21419948,-0.14495876,-0.7732072,0.47731656,0.021967193,0.16682051,"tenure, DeviceProtection_Yes, PaymentMethod_Electronic check",0.7334132
-0.02193609,-0.104498014,0.071439065,-1.1459248,-0.038006574,0.035395883,-0.8181255,-0.78600705,-1.2739378,0.17236413,0.006197011,0.14356025,-0.22719747,0.0,0.30847985,0.3206414,-0.00086424523,0.0,-0.23357798,0.0,0.5070536,0.0,-0.9282542,0.0,0.13022001,0.0,0.64482105,0.0,0.52806914,-0.03312116,-1.3793341,-0.23085718,-0.5854471,-0.04427989,-0.00033545838,-0.090552986,"Contract_Two year, num_services, tenure",0.006164018
-0.113140374,-0.16766028,-0.012748503,-2.002747,-0.06794079,0.07169263,-0.33705193,-0.6930151,-1.2293831,-1.7372369,0.005525032,-0.06913018,-0.09829039,0.0,-0.20058233,-0.55830234,-0.0007095528,0.0,0.20679933,0.0,0.221111,0.0,0.3391901,0.0,0.31000125,0.0,0.36942652,0.0,0.41385284,-0.114343815,-1.7212844,-0.2262766,-1.1091352,0.18370362,-0.014552358,-0.12070082,"tenure, charge_per_service, Contract_Two year",0.00020717175
0.031545226,-0.10719564,0.049281575,-1.7120689,-0.04921106,-0.068401195,-0.82109547,-0.55739486,-1.9325473,-0.9366036,0.006197011,0.047605928,-0.15406403,0.0,0.25967777,0.3313635,-0.00077185105,0.0,0.207596,0.0,0.45553842,0.0,0.5136362,0.0,0.36979493,0.0,0.62852764,0.0,0.51818705,0.09870383,-1.2156091,-0.18977742,-0.5333672,-0.04736665,0.0011532517,-0.065077364,"num_services, tenure, Contract_Two year",0.007535478
-0.02714762,-0.15572493,0.043556616,0.4733605,-0.04662677,0.00493871,-0.092364214,0.44290307,-0.29464015,0.6915363,-0.045553997,0.12635419,0.16081718,0.0,0.57308954,0.2986048,-0.0016575583,0.0,-0.1760103,0.0,-0.53788674,0.0,-0.5440854,0.0,0.40231848,0.0,-0.9792146,0.0,0.46364793,0.08885556,0.13579121,-0.18035139,0.6970451,-0.13534854,-0.058529038,0.10028811,"StreamingTV_Yes, PaymentMethod_Electronic check, charge_per_service",0.80520344
-0.034828324,-0.021940617,0.080081955,-0.46512944,-0.031256076,0.03324396,-0.6354334,-0.888798,-1.4760025,0.023153905,0.01529416,0.22417635,0.058022387,0.0,0.23621598,0.3293916,-0.001002092,0.0,-0.21871366,0.0,0.6439591,0.0,-0.86141527,0.0,0.12749374,0.0,0.78015774,0.0,0.7483991,0.027082568,0.11946602,-0.18515208,-0.59721994,-0.06154674,-0.00019830564,-0.09250913,"num_services, TotalCharges, DeviceProtection_Yes",0.1058516
0.012496689,-0.15618522,0.047113147,-0.4358036,-0.17977485,0.07377405,0.1344666,-0.40423447,-0.8599435,-1.5194278,0.006197011,0.2559865,-0.034841303,0.0,-0.30907628,-0.49565378,-0.0013311765,0.0,-0.2839258,0.0,0.56606114,0.0,-0.6542461,0.0,-0.02682242,0.0,0.37901863,0.0,0.33302563,0.08504835,0.252526,-0.21089973,0.74053246,-0.24995358,0.04554244,-0.05132564,"charge_per_service, num_services, PaymentMethod_Electronic check",0.049713664
0.026873257,-0.16150723,-0.019774562,-1.3041576,-0.07306992,-0.30875862,-0.38352814,-0.5274699,-0.9663627,-0.74408185,0.012789493,-0.118866935,0.08950158,0.0,0.26707387,-0.7367438,-0.00077185105,0.0,-0.1357324,0.0,0.70599306,0.0,0.71604335,0.0,-0.31258032,0.0,0.49060178,0.0,0.6226984,-0.062719345,-1.0076196,-0.1413509,-0.9265405,-0.06423158,0.018760147,-0.11340348,"tenure, Contract_Two year, num_services",0.0056650257
0.022341862,0.07622198,0.035114393,0.43804708,-0.048628513,0.013389458,0.23604275,0.49788988,1.1045756,1.1237844,-0.012973197,-0.08438565,-0.22828163,0.0,0.37691003,0.25390086,-0.0033052235,0.0,-0.038444094,0.0,-0.36894366,0.0,-0.39361134,0.0,-0.21706797,0.0,-0.3851793,0.0,-0.5634708,0.051914662,0.13441545,-0.14589074,0.6638973,-0.16645281,-0.09136501,0.11913821,"charge_per_service, num_services, PaymentMethod_Electronic check",0.91611975
-0.21840224,0.1328206,-0.20454848,1.3539194,-0.04250295,0.0018606803,0.33903742,0.1566484,0.86024344,1.070467,-0.012109019,-0.09247207,-0.076223984,0.0,-0.052379314,0.275215,-0.0033663616,0.0,-0.07065146,0.0,-0.55658036,0.0,-0.30303088,0.0,-0.088684894,0.0,-0.31206325,0.0,-0.41740668,0.11030376,0.1439424,-0.12542726,0.61971855,-0.1946171,-0.12589481,0.12966621,"tenure, charge_per_service, num_services",0.9079332
-0.00042327595,-0.25444892,-0.87522936,0.28745717,0.3620319,-0.08080927,0.051424894,0.43758905,0.21198747,-1.2253169,-0.031044707,0.121925764,0.092507474,0.0,-0.29211596,-0.22726625,-0.009866712,0.0,0.64656466,0.0,-0.26606998,0.0,-0.33882114,0.0,0.4112947,0.0,-0.43720567,0.0,-0.34777054,0.073125154,0.2511352,-0.15063468,0.8906953,-0.030477311,-0.014084665,0.08117544,"charge_per_service, PaymentMethod_Electronic check, Dependents",0.33816153
-0.017610516,0.25410625,0.048084125,-0.6282667,-0.09687746,0.019088417,0.5088326,0.42398384,0.7617454,-1.8830539,0.006870647,0.05758307,0.008268548,0.0,-0.26907733,-0.42900047,0.12035155,0.0,-0.13439567,0.0,-0.3315392,0.0,-0.26965228,0.0,-0.22918971,0.0,-0.31283554,0.0,-0.4023947,-0.0056477394,-1.3718362,-0.015879868,-0.61937827,0.03279701,-0.0360389,-0.14489968,"charge_per_service, Contract_Two year, num_services",0.0069317315
-0.043217745,0.1831806,0.12207329,-0.38179564,-0.038857207,-0.032286614,-1.0214486,-0.3989342,-1.2645137,-0.35825658,0.0061976016,0.04747664,-0.31977314,0.0,0.18225735,0.30029655,-0.00086424523,0.0,0.43249482,0.0,0.53319436,0.0,-0.3532332,0.0,0.83887357,0.0,0.4723948,0.0,0.48166025,-0.16036575,-1.1365314,0.59386355,-0.9558861,-0.06469044,0.021271782,-0.08985305,"num_services, Contract_Two year, MonthlyCharges",0.082103826
-0.013990623,0.17358708,0.07589743,-0.19093157,-0.044997387,0.13185847,-0.33436924,-0.2193958,-2.0794973,0.43484133,0.008029698,0.13498919,-0.16445513,0.0,0.17932275,0.345079,-0.00077185105,0.0,0.31548122,0.0,0.559753,0.0,0.7480057,0.0,-0.30312097,0.0,0.6603833,0.0,0.5557768,-0.07081867,-1.0003103,-0.05298049,-0.422667,-0.038745407,-0.002056127,-0.08190094,"num_services, Contract_Two year, DeviceProtection_Yes",0.33029965
-0.03490585,0.012018747,0.044990692,-0.54470444,-0.05322647,-0.105706796,-0.24407078,-1.0800078,-0.75110006,0.07297432,0.009965358,0.23294353,-0.17294478,0.0,0.21745087,0.2122612,-0.0012690211,0.0,0.4438686,0.0,0.6897447,0.0,0.6549987,0.0,-0.19764987,0.0,-1.1996595,0.0,-0.67849976,0.07635844,0.06907934,-0.26097682,0.7050923,-0.10242259,0.0041891024,-0.043541852,"StreamingTV_Yes, TotalCharges, num_services",0.115722276
0.02879432,0.10915927,0.047306415,-0.9093974,-0.038282327,0.10563556,-0.14189999,-0.25709075,-0.70232576,0.023290148,0.033753455,-0.3038135,-0.16809039,0.0,0.28348935,0.25922668,-0.00083869125,0.0,-0.17224337,0.0,0.44061384,0.0,0.063206986,0.0,-0.15666847,0.0,-1.2141918,0.0,0.5006078,-0.40279573,-0.049007256,-0.18841845,0.47347078,-0.15866888,-0.0109489355,-0.043518577,"StreamingTV_Yes, tenure, num_services",0.07185933
-0.15964203,0.013849649,0.08645503,0.2500411,-0.037851937,-0.087124236,0.6462554,0.186858,0.5289826,0.9295573,-0.023394573,-0.086395636,-0.028990546,0.0,0.47401488,0.38422284,-0.001620705,0.0,-0.03798337,0.0,-0.43274903,0.0,-0.3100395,0.0,-0.1520743,0.0,-0.5761766,0.0,0.7323205,0.058282033,0.13860574,-0.18015571,0.62433517,-0.15947168,-0.07160619,0.10390189,"charge_per_service, StreamingMovies_Yes, MonthlyCharges",0.94286895
0.068560205,-0.35669845,-0.3092577,-0.49460092,-0.027813476,0.105780765,0.20464888,-0.43681267,-0.13596751,0.42615032,0.0037026329,-0.1091922,-0.08786931,0.0,-0.37163097,0.3355892,-0.0015629514,0.0,-0.20389616,0.0,-0.34682015,0.0,0.71613663,0.0,-0.14336665,0.0,0.4807873,0.0,-0.8318196,-0.040442348,-0.04250468,-0.12897377,0.9578682,-0.15731762,-0.0048623057,-0.04842942,"PaymentMethod_Electronic check, StreamingMovies_Yes, DeviceProtection_Yes",0.2710224
0.024467032,0.1573269,-0.43991554,-0.34925058,0.3299524,0.0051175524,0.22445622,0.043681487,0.63139284,-0.4592734,0.014279068,-0.39895406,0.06572483,0.0,-0.22231837,-0.45670322,-0.009869916,0.0,-0.15400545,0.0,0.90397656,0.0,-0.3719078,0.0,-0.09067196,0.0,0.44422364,0.0,-0.6838052,-0.21393937,-0.37359187,-0.17655668,-0.6491099,-0.11727151,0.017585788,-0.08645233,"OnlineBackup_Yes, StreamingMovies_Yes, PaymentMethod_Electronic check",0.0831544
-0.150679,-0.32364488,-0.23783188,-1.6508279,-0.05278965,0.05217103,0.090418264,-0.7779801,-0.5786674,0.067418166,0.02799312,0.26802018,-0.034915436,0.0,0.23536421,0.19795229,-0.001002092,0.0,0.22059023,0.0,0.606054,0.0,-0.50227886,0.0,-0.15542647,0.0,-1.242561,0.0,0.6055817,-0.006079647,0.102074414,-0.27811614,0.45083255,-0.096786626,-0.0083324015,-0.044372253,"tenure, StreamingTV_Yes, TotalCharges",0.038175166
-0.06305717,-0.1177899,-0.3756854,-0.2444168,-0.016963156,0.01714795,0.43377936,0.12104416,0.5309377,0.72555053,-0.016921697,-0.067447715,-0.037736487,0.0,0.33405724,0.29129001,-0.0040194453,0.0,-0.051550247,0.0,-0.5382965,0.0,0.7552934,0.0,-0.13925457,0.0,-0.4565969,0.0,-0.7257506,0.10239913,0.19502778,0.33523035,-1.0058416,-0.10306736,-0.016219383,0.20654386,"PaymentMethod_Electronic check, DeviceProtection_Yes, StreamingMovies_Yes",0.51471066
-0.25050092,0.071808845,0.08233099,-0.008996462,-0.035672598,0.07825745,-0.13882835,-0.4623936,-0.23107138,1.0595429,0.0053861337,-0.13736515,-0.078757234,0.0,0.3715271,0.33223057,-0.0016575583,0.0,-0.083262295,0.0,-0.49560553,0.0,-0.42888564,0.0,-0.14324635,0.0,0.6846908,0.0,1.1870072,0.13720939,0.15178546,-0.16181168,0.7273727,-0.153964,-0.0673933,-0.042071316,"StreamingMovies_Yes, charge_per_service, PaymentMethod_Electronic check",0.8764075
-0.20453279,0.06821386,0.11381337,-0.80220866,0.37193084,0.07001713,0.2171754,-0.2310996,-0.30496418,-1.1390666,0.008029698,-0.20120771,-0.05412203,0.0,-0.4393578,-0.27370375,-0.002490249,0.0,-0.12867343,0.0,0.7452856,0.0,0.6609072,0.0,-0.025780573,0.0,0.4793387,0.0,0.43577212,0.17829463,0.24588741,-0.20902957,0.7404395,-0.21780431,0.039476823,-0.04280809,"charge_per_service, tenure, OnlineBackup_Yes",0.5222118
-0.023810396,-0.24277137,0.043396723,-0.29052785,-0.081098765,-0.056241293,0.644012,0.44335964,0.6980022,-1.414321,0.0059905457,0.057832956,-0.046958156,0.0,-0.39211118,-0.480998,0.12035155,0.0,-0.116730586,0.0,-0.29195765,0.0,-0.23786162,0.0,-0.22619112,0.0,-0.23043625,0.0,-0.3488675,-0.022600863,-1.6250749,-0.11830196,-1.0534292,0.504669,-0.064522795,-0.15144044,"Contract_Two year, charge_per_service, PaymentMethod_Electronic check",0.0066434
0.017664792,-0.21702676,-0.28661868,1.5609022,-0.036542594,-0.029045442,0.03534314,0.64586437,0.904655,1.0948151,-0.0125935925,-0.044345997,0.0015365385,0.0,-0.16778663,0.34940314,-0.0033663616,0.0,-0.084984936,0.0,-0.5171467,0.0,-0.34884346,0.0,-0.0719256,0.0,-0.41708878,0.0,-0.36615592,0.1934173,0.22306973,-0.13554576,-0.6250771,0.341377,-0.072557196,0.27140066,"tenure, charge_per_service, num_services",0.8997068
-0.25983164,-0.00067857583,-0.006341748,-1.6941676,-0.036302842,0.03753935,0.05453023,-1.1093258,-1.123327,-0.05619629,0.006197011,-0.30972964,-0.08611405,0.0,0.28798175,0.25606325,-0.00083869125,0.0,-0.088921964,0.0,0.7425978,0.0,0.69628525,0.0,-0.14199442,0.0,0.7412804,0.0,0.3682325,0.05427982,0.11060116,-0.25191614,0.607828,-0.14690763,-0.011157251,-0.03845508,"tenure, num_services, TotalCharges",0.19661006
0.14295058,0.035679154,-0.0026699754,-2.0734982,-0.055305358,-0.00640538,-0.22020914,-0.5613003,-1.2703538,-0.663597,0.033753455,-0.026663912,-0.120364346,0.0,0.14186455,0.24030791,-0.00077185105,0.0,0.29578677,0.0,0.16398957,0.0,0.7213652,0.0,0.3169274,0.0,-0.73454815,0.0,0.4511189,-0.102455854,-0.70887345,-0.12819731,-0.5459813,-0.04899786,0.01528989,-0.09697856,"tenure, num_services, StreamingTV_Yes",0.0080263475
-0.01968852,0.11407961,0.05442477,-1.1481204,-0.09649396,-0.056507062,0.10082236,0.3822735,0.624337,-1.7104627,0.008432575,0.074053474,-0.03130208,0.0,-0.44188756,-0.43674684,0.12035155,0.0,-0.07179746,0.0,-0.32976928,0.0,-0.24744155,0.0,-0.19477604,0.0,-0.29844493,0.0,-0.38603887,-0.018400593,-1.5601554,-0.05142816,-0.5922462,-0.07867727,-0.0396335,-0.14498745,"charge_per_service, Contract_Two year, tenure",0.0015237479
0.046390075,0.09572736,0.052820783,0.43999603,-0.05337126,-0.0055221724,0.21173446,0.4095217,1.099028,1.3698812,-0.020634536,-0.021274216,0.11807393,0.0,0.23280624,0.30536145,-0.0033052235,0.0,-0.043632597,0.0,-0.5693418,0.0,-0.33656117,0.0,-0.23237349,0.0,-0.4558331,0.0,-0.45643824,0.05430406,0.13615093,-0.14960478,0.71091837,-0.15318514,-0.11483221,0.117453046,"charge_per_service, num_services, PaymentMethod_Electronic check",0.9413337
0.008866732,-0.10740227,-0.27193186,0.77639055,-0.02842931,0.042871743,-0.041971937,0.28557715,-0.30581588,0.6227357,-0.023462087,0.1296572,-0.1315215,0.0,0.2703545,0.25852576,-0.0036484501,0.0,0.21367669,0.0,-0.43308622,0.0,0.74065804,0.0,-0.25396436,0.0,-0.6690637,0.0,-0.5860111,0.07761,0.13240269,-0.092961565,0.57814986,-0.101532266,0.016734982,0.105595164,"tenure, DeviceProtection_Yes, StreamingTV_Yes",0.7685562
0.0094922315,-0.11388846,0.08465898,-1.3783514,-0.048076954,-0.1320191,-1.1160557,-0.43510872,-1.8335778,-0.78753746,0.0134614725,-0.04411296,0.11353839,0.0,0.28097302,0.23567024,-0.00077185105,0.0,0.23453058,0.0,0.41517195,0.0,0.6949203,0.0,0.53885615,0.0,0.52555025,0.0,0.5856409,-0.13975902,-1.3145363,-0.124665886,-0.51993364,-0.042582765,0.0007314106,-0.09495582,"num_services, tenure, Contract_Two year",0.012109687
0.005348313,0.08191904,0.04252206,0.8602452,-0.06602727,-0.04049068,0.22444925,-0.28764275,1.0267758,0.99109256,-0.020634536,-0.072053775,0.01965548,0.0,-0.42488816,0.18756562,-0.0038033887,0.0,-0.021029118,0.0,-0.56154996,0.0,-0.38370755,0.0,-0.17441884,0.0,-0.5889056,0.0,-0.36734834,0.16100068,0.20161965,-0.17157361,-0.85890067,0.3801252,-0.072884694,0.25769335,"num_services, charge_per_service, tenure",0.57818496
0.010880516,-0.2544905,0.03666636,0.74945503,-0.05439807,-0.022472316,0.16082473,0.29434136,0.8106476,0.72929966,-0.012971965,-0.07548456,-0.24849659,0.0,0.41347426,0.2514975,-0.0033052235,0.0,-0.0012388045,0.0,-0.5043343,0.0,-0.36931303,0.0,-0.23242396,0.0,-0.46714264,0.0,-0.49338517,0.060454264,0.133999,-0.14169417,0.57142526,-0.15571791,-0.05981076,0.13028692,"num_services, tenure, charge_per_service",0.7769093
0.013760169,0.0976664,0.03676666,-0.6934972,-0.119983375,0.0036567182,0.7420776,-0.42281199,0.9115871,-1.4668041,0.006870647,0.12650296,-0.014078768,0.0,-0.4623067,-0.43119052,0.12745844,0.0,-0.18164289,0.0,-0.40606454,0.0,-0.21546867,0.0,-0.18875985,0.0,-0.3505826,0.0,-0.58660424,-0.2607716,-0.37330523,-0.19039154,-1.1732675,0.47391665,0.13059199,-0.13148466,"charge_per_service, PaymentMethod_Electronic check, num_services",0.00664656
-0.02220104,-0.13904677,0.0568184,-1.0650086,-0.076459296,-0.049894676,0.16916311,0.1534872,0.63066083,-1.6565934,0.005020509,0.091052674,-0.019170335,0.0,-0.5005488,-0.48550814,0.12035155,0.0,-0.10476653,0.0,-0.2843999,0.0,-0.2579949,0.0,-0.21233447,0.0,-0.2681767,0.0,-0.43127894,-0.014550329,-1.7863458,0.46540734,-1.1549553,-0.21029973,-0.032678463,-0.14738333,"Contract_Two year, charge_per_service, PaymentMethod_Electronic check",0.0007193362
-0.0024519733,0.08477318,0.032056578,0.282141,-0.040212054,-0.07357369,0.21376653,0.4020907,0.97689384,1.124629,-0.01701288,-0.06844889,-0.09367453,0.0,0.4528442,0.25866657,-0.0033052235,0.0,-0.007062842,0.0,-0.4745736,0.0,-0.40217158,0.0,-0.17567304,0.0,-0.41869602,0.0,-0.42056328,0.081951335,0.20116507,-0.17143077,-0.8661561,0.3761703,-0.11132069,0.1675442,"charge_per_service, num_services, PaymentMethod_Electronic check",0.7857573
-0.022082573,0.06842412,0.050718743,1.5054656,-0.049939036,0.035721466,0.12492198,0.05912426,-0.6392353,0.59071636,-0.0248321,0.117354825,-0.14250544,0.0,-0.3834995,0.23681314,-0.0038372967,0.0,-0.10527321,0.0,-0.49900013,0.0,0.9637403,0.0,0.3509162,0.0,0.6343761,0.0,-0.3137444,0.14019978,0.22114092,-0.10312891,-0.785787,0.85163194,-0.013454415,0.2535802,"tenure, DeviceProtection_Yes, PaymentMethod_Mailed check",0.9572911
-0.022080043,-0.27800092,0.05549405,-1.4808536,-0.021805592,0.05258854,0.033807255,-0.25797918,-0.50517046,0.5462869,0.020728659,0.1949961,0.080727145,0.0,0.23317035,0.25522733,-0.001002092,0.0,0.18361904,0.0,0.6176815,0.0,-0.41610005,0.0,-0.107634276,0.0,-0.9326379,0.0,0.5474649,0.050896592,0.1550407,0.9524072,-1.0120686,-0.07430053,-0.0062687937,-0.0907928,"tenure, PaymentMethod_Electronic check, PaymentMethod_Credit card (automatic)",0.22524025
0.23980495,-0.2629054,0.068381526,-0.93956983,-0.04207462,0.09463068,-0.27549914,-0.5014021,-0.18182866,1.1288891,0.021164268,-0.028080488,-0.036369238,0.0,0.28836396,0.22886738,-0.001002092,0.0,-0.050718892,0.0,0.9722238,0.0,-0.57646763,0.0,-0.09372617,0.0,-1.0626225,0.0,0.6617215,0.08066673,0.09419695,-0.1840285,0.66550964,-0.12801427,-0.016469674,-0.043496203,"charge_per_service, StreamingTV_Yes, OnlineBackup_Yes",0.52780086
0.027300939,0.09009023,0.063798405,-0.36462456,-0.037018694,0.11598908,0.015601935,-0.30216077,-0.65703464,0.774192,0.007411993,-0.10366445,0.029126959,0.0,0.27583146,0.32125533,-0.000874751,0.0,-0.21229307,0.0,-0.46306387,0.0,0.6438396,0.0,-0.14417109,0.0,0.753772,0.0,0.8167815,0.11089042,0.12148417,-0.1427425,0.82715833,-0.14749247,0.030923124,-0.042616725,"PaymentMethod_Electronic check, StreamingMovies_Yes, charge_per_service",0.91674066
-0.01808649,0.20634797,0.02502754,-0.45843795,-0.03408161,-0.008285697,0.5491893,-0.2799568,0.24567847,0.17748065,0.02140022,0.11207095,-0.054732636,0.0,-0.2715996,-0.24894136,-0.0020356707,0.0,0.5325926,0.0,-0.5407963,0.0,-0.16726144,0.0,-0.09343482,0.0,-0.5819463,0.0,-0.36947212,0.14923057,0.17133673,1.1717389,-1.1872228,-0.08416599,-0.005063612,-0.11743482,"PaymentMethod_Electronic check, PaymentMethod_Credit card (automatic), StreamingTV_Yes",0.23691127
-0.01744261,0.05901979,0.026671423,1.0813632,-0.10480625,0.0575947,0.8058945,0.4878106,0.8348805,-1.2085636,-0.017756745,0.10470428,-0.16102529,0.0,-0.28303728,-0.33956352,0.107984215,0.0,-0.069344014,0.0,-0.33429354,0.0,-0.34914848,0.0,-0.122362554,0.0,-0.36118695,0.0,-0.39258507,0.20701303,0.35974136,-0.029276956,-0.61488926,-0.5217974,-0.078867815,0.19863635,"charge_per_service, tenure, num_services",0.33548933
0.011929094,0.17786749,0.03126574,-0.2627363,-0.057639398,0.0855682,0.2553741,0.06354957,-0.10002223,0.09749839,0.006396902,0.16220321,-0.08575428,0.0,0.24365675,-0.591075,-0.0013996587,0.0,-0.24222788,0.0,-0.36796102,0.0,-0.3383246,0.0,0.31468782,0.0,0.5031685,0.0,-0.7408208,-0.017466003,-1.327579,-0.11863251,-1.0348908,-0.052027542,-0.0010233684,-0.09912361,"Contract_Two year, PaymentMethod_Electronic check, StreamingMovies_Yes",0.029472996
-0.023000674,-0.3198664,-0.53413445,0.5171027,-0.013350713,-0.1767794,0.22157978,-0.26275906,-0.23813301,-0.5365138,-0.032500826,0.2757501,0.075081676,0.0,-0.17839505,-0.31047142,-0.0042276545,0.0,0.37686884,0.0,0.3797471,0.0,-0.502008,0.0,-0.1728882,0.0,-0.41618815,0.0,-0.3039977,0.17489621,0.23242168,0.65638345,-1.0408741,-0.1432512,-0.009159473,0.15455225,"PaymentMethod_Electronic check, PaymentMethod_Credit card (automatic), charge_per_service",0.10312807
-0.07816255,0.11712804,0.030686222,1.3191684,-0.050305642,0.021501886,0.28019038,1.1585859,0.876812,1.39137,-0.012109019,-0.10263433,-0.08910028,0.0,-0.065913014,0.40170264,-0.0033663616,0.0,-0.050627388,0.0,-0.5195886,0.0,-0.3067353,0.0,-0.08418947,0.0,-0.32500136,0.0,-0.38940462,0.1175381,0.15038556,-0.13098119,0.6888658,-0.20966472,-0.087143146,0.12908648,"charge_per_service, tenure, TotalCharges",0.9847719
-0.04437518,-0.12514292,-0.10847258,-0.04835489,-0.025610384,0.07463026,0.08700723,-0.2955806,-0.14739753,0.6070488,0.008072365,0.114241004,0.06421507,0.0,-0.30321613,0.34262305,-0.0015629514,0.0,-0.17919296,0.0,-0.39929652,0.0,0.7752797,0.0,0.4279256,0.0,-0.55790037,0.0,-0.4619268,0.20829394,0.19811696,-0.0850374,-0.6291994,-0.0646983,0.05067445,-0.12702277,"DeviceProtection_Yes, PaymentMethod_Electronic check, charge_per_service",0.34193444
-0.016912203,0.063665174,0.064721115,1.2469231,-0.08787832,-0.03774626,0.19771017,0.43940973,0.8722789,-1.021605,-0.012165277,0.0974322,0.04415193,0.0,-0.29608768,-0.32149586,0.107984215,0.0,-0.041702718,0.0,-0.27208614,0.0,-0.2887494,0.0,-0.124684624,0.0,-0.39129746,0.0,-0.41175017,0.24935935,0.39705613,-0.117422394,-0.9120281,0.64870673,-0.057545535,0.24222346,"tenure, charge_per_service, PaymentMethod_Electronic check",0.56257963
-0.036111202,-0.19664145,0.028239608,-0.58181405,0.31035563,-0.10957138,0.1331242,-0.7355755,-0.5454405,-2.3877733,0.005525032,0.0779603,-0.21766728,0.0,-0.56304955,-0.5957849,-0.0014200725,0.0,-0.32440472,0.0,0.27533248,0.0,0.42520908,0.0,0.3110879,0.0,0.33313948,0.0,0.44237047,-0.04886547,-1.3414952,-0.110378206,-0.8896351,-0.1327094,-0.013913123,-0.1094116,"charge_per_service, Contract_Two year, PaymentMethod_Electronic check",0.0013475136
0.0010799882,0.105096065,0.033233754,1.3761376,-0.051459268,0.018328212,-0.007996258,-0.3546795,0.96063787,0.58241653,-0.01097086,-0.043812778,-0.08610273,0.0,0.12133924,-0.3915086,-0.0036646537,0.0,-0.051027145,0.0,-0.47977442,0.0,-0.40786123,0.0,-0.098307535,0.0,-0.5128032,0.0,-0.68043596,0.098180994,0.19616833,-0.054386448,-0.64377266,-0.41949236,-0.06933587,0.23040931,"tenure, num_services, StreamingMovies_Yes",0.342271
0.01371967,-0.21008298,0.086407624,-0.07471247,0.42376518,0.23421451,0.35736793,-0.21461186,0.49180332,-0.99878764,0.004609269,-0.012962964,-0.068710275,0.0,-0.3180852,-0.60840833,-0.0027626154,0.0,-0.14981759,0.0,-0.3692766,0.0,0.59829867,0.0,-0.06717269,0.0,0.4459405,0.0,0.60673964,0.18850115,0.2730413,-0.11560267,-0.84985775,-0.041310642,0.0102549875,-0.12833661,"charge_per_service, PaymentMethod_Electronic check, InternetService_Fiber optic",0.37644565
-0.08683437,-0.12575144,-0.1463226,-1.2761533,-0.05209139,-0.13004132,-0.04905314,-0.67832834,-1.6596879,-1.6843555,0.006197011,0.09514138,-0.2446909,0.0,0.17441058,-0.45871797,-0.0006027703,0.0,0.036907777,0.0,0.18114892,0.0,0.18958126,0.0,0.18855092,0.0,0.36554903,0.0,0.5388841,0.100862555,-1.5745976,-0.17217876,-0.90123755,0.07249907,-0.02151792,-0.11782914,"charge_per_service, num_services, Contract_Two year",0.00058747584
-0.11889357,-0.09286088,0.035271086,0.13214287,-0.03902953,0.08610218,-0.4073083,-0.368354,-1.5649542,-0.039156355,0.01529416,-0.30537277,-0.01358276,0.0,0.2882105,0.28465265,-0.00083869125,0.0,-0.1785539,0.0,0.5022872,0.0,1.0990193,0.0,-0.2270156,0.0,0.70119536,0.0,0.4061588,0.1004751,0.13912961,-0.15917434,0.6591126,-0.1553457,0.031073647,-0.038284123,"num_services, DeviceProtection_Yes, StreamingTV_Yes",0.6819121
-0.015453652,0.19395748,-0.017684942,-0.12723006,0.27800745,-0.11841598,0.11116799,-0.5302182,0.14786816,-1.967225,0.009965358,0.10973943,0.034029365,0.0,-0.4570871,-0.36622554,-0.0016044981,0.0,-0.17461081,0.0,0.86733663,0.0,0.4815677,0.0,0.39866614,0.0,-0.29726085,0.0,-0.3420677,0.018797643,-1.6043236,0.4533379,-1.1021316,-0.13943194,0.039964885,-0.11150324,"charge_per_service, Contract_Two year, PaymentMethod_Electronic check",0.014246494
-0.0014961051,0.053059995,0.099485956,-0.016181573,0.43452933,-0.004803164,-0.074260615,-0.32831866,-0.91609216,-2.2367382,-0.029769907,0.26330188,-0.05904965,0.0,-0.31176937,-0.5215255,-0.0027190135,0.0,-0.2563342,0.0,0.7031989,0.0,0.41246122,0.0,0.35291952,0.0,0.47163546,0.0,0.5446879,-0.11711026,-0.0030219196,-0.16525847,0.7591478,-0.3355893,-0.036778912,0.11395903,"charge_per_service, num_services, PaymentMethod_Electronic check",0.22841936
0.027086388,0.14326139,0.0022178579,-0.33584738,-0.034911953,-0.40818426,0.35046497,-0.2074307,0.41785488,0.46109897,0.009178984,-0.27476045,0.06097769,0.0,-0.29591075,0.3300288,-0.0019305871,0.0,-0.084976666,0.0,0.56479895,0.0,-0.390637,0.0,-0.060906082,0.0,-0.8377179,0.0,-0.910259,-0.48366538,-0.12982465,-0.21033755,-0.93092006,-0.061313756,-0.011974931,-0.10969691,"PaymentMethod_Electronic check, StreamingMovies_Yes, StreamingTV_Yes",0.031582426
0.018828504,0.10228927,0.12879936,0.96188474,0.3383132,0.117556594,0.31778768,0.9915508,1.0895063,-0.51094633,-0.01657606,-0.11701602,-0.18085302,0.0,-0.19290589,-0.19673549,-0.0054690884,0.0,-0.105392866,0.0,-0.2684281,0.0,1.1147637,0.0,-0.094815984,0.0,-0.20520945,0.0,-0.53810024,0.10250652,0.20382424,-0.16911834,0.6502736,-0.21666768,-0.028026322,0.11712546,"DeviceProtection_Yes, num_services, TotalCharges",0.9677021
0.1848549,0.095391996,0.07269226,-0.4087745,-0.08388018,0.010714984,-0.0357845,-0.04571309,-0.760665,-0.84348834,0.032165714,0.14946793,-0.14529434,0.0,0.3411432,-0.46700418,-0.000874751,0.0,-0.23975901,0.0,-0.3512663,0.0,0.32460016,0.0,0.20176065,0.0,-0.65723747,0.0,0.57976186,0.10771348,-0.33464485,0.8214555,-1.4024729,-0.111827314,-0.0051133307,-0.09613781,"PaymentMethod_Electronic check, charge_per_service, PaymentMethod_Credit card (automatic)",0.044064242
-0.0096693775,-0.14527081,0.098003685,-0.34473678,-0.036464408,0.08593243,-0.24172051,0.13034554,-1.9459399,-0.36683908,0.006197011,0.14301592,-0.12294873,0.0,0.23721516,0.3623814,-0.00077185105,0.0,-0.18798065,0.0,0.584138,0.0,0.55193484,0.0,0.5207776,0.0,0.47730982,0.0,0.62181807,-0.037954643,-0.8016094,0.5112245,-0.8901939,-0.13533214,-0.009024846,-0.06039467,"num_services, PaymentMethod_Electronic check, Contract_Two year",0.2659273
0.023100344,-0.31812412,-0.6370248,-1.6984715,-0.032379676,0.043471012,-0.062184952,-0.83734316,-0.6047735,0.19833836,0.0049797697,-0.23836794,-0.28779656,0.0,0.22054225,0.22183749,-0.001002092,0.0,-0.07947259,0.0,0.55523163,0.0,-0.7927743,0.0,-0.102752075,0.0,0.56976485,0.0,0.6164707,0.020236555,0.10324305,-0.2311018,0.491915,-0.12485181,-0.012083775,-0.04471682,"tenure, TotalCharges, DeviceProtection_Yes",0.045437407
0.009871991,-0.23624678,0.06004554,0.15677197,-0.035231788,0.016296538,0.030148685,-0.51446867,-0.21135283,0.59725946,0.003291119,0.27555323,-0.017294515,0.0,0.48200396,0.2737467,-0.004282714,0.0,-0.21379879,0.0,-0.48726967,0.0,-0.32140005,0.0,0.41256925,0.0,0.7805098,0.0,-0.61657,0.13661963,0.15183428,-0.17306767,0.9513058,-0.1575214,0.052458543,-0.046823774,"PaymentMethod_Electronic check, StreamingTV_Yes, StreamingMovies_Yes",0.7934963
0.01863083,0.073215336,0.011817922,0.011475011,-0.029781282,-0.3794636,0.049905814,-0.3379215,-0.2906081,0.5176197,0.0055798963,-0.0973987,-0.09514185,0.0,0.3669056,-0.70738006,-0.0016575583,0.0,-0.199869,0.0,-0.5129715,0.0,-0.44765583,0.0,-0.10586084,0.0,0.7681743,0.0,0.7644882,-0.0011420139,0.20262736,-0.15660408,-1.1080079,0.5751948,-0.03139531,-0.09891624,"PaymentMethod_Electronic check, StreamingTV_Yes, StreamingMovies_Yes",0.22357254
0.0057344893,-0.21654679,-0.32483447,-0.100811996,-0.032552395,-0.0023568757,0.5298044,0.2668375,0.93982875,1.1698325,0.004786307,-0.076354064,0.012232643,0.0,0.32208917,0.5392548,-0.004182846,0.0,-0.040691596,0.0,-0.57187223,0.0,-0.27251342,0.0,-0.16926204,0.0,-0.42595813,0.0,-0.5396851,0.09210846,0.19264421,0.50814384,-0.93300724,-0.13454562,0.23978822,-0.15980373,"charge_per_service, num_services, PaymentMethod_Electronic check",0.691956
0.006306394,-0.21532638,-0.29433408,0.18746577,-0.12917817,-0.071587324,-0.045107424,0.2550168,0.9675273,-0.8027358,0.0059905457,0.15910955,0.01779313,0.0,0.3991736,-0.34228617,0.11894358,0.0,-0.03877626,0.0,-0.36746654,0.0,-0.36782727,0.0,-0.13534561,0.0,-0.34915847,0.0,-0.48845786,0.003835123,-0.32383737,-0.062485054,-0.56304,-0.08177131,-0.039369047,-0.19706298,"num_services, charge_per_service, PaymentMethod_Electronic check",0.057172175
-0.01601184,0.11477425,0.09980111,0.68380725,0.32325637,-0.2070847,0.046039246,0.35950288,0.09185765,-0.9547023,-0.020135604,0.14635177,-0.052963223,0.0,-0.18492764,-0.21108992,-0.003237189,0.0,0.18535459,0.0,-0.5826465,0.0,0.39780855,0.0,-0.16746414,0.0,-0.6391963,0.0,-0.47584555,0.19191201,0.35476995,-0.1798765,-1.1117241,0.39298686,0.024820536,0.0872589,"PaymentMethod_Electronic check, charge_per_service, tenure",0.21157947
-0.094814554,-0.076891445,-0.39088297,-2.1449106,-0.038129207,-0.024072126,0.16196689,-0.2393658,-1.2862052,-0.10326461,0.0039372896,-0.08238086,-0.20821516,0.0,0.10439623,0.2490563,-0.0008079108,0.0,0.35141087,0.0,-0.069831,0.0,0.874236,0.0,0.39964473,0.0,0.3713485,0.0,0.5176081,-0.011452486,-0.9519766,-0.14786044,-0.80204034,0.11653214,0.047476154,-0.07166497,"tenure, num_services, Contract_Two year",0.02776071
0.021769915,0.09537338,-0.3861163,1.2914436,0.16169356,-0.0888866,0.1769221,0.3956447,1.1694013,0.7330835,-0.011456081,-0.018027246,-0.034640614,0.0,-0.14344148,-0.3138321,-0.0057204627,0.0,-0.124285735,0.0,-0.25898638,0.0,-0.3574951,0.0,-0.08151631,0.0,-0.51620185,0.0,-0.48797634,0.1693624,0.20921203,-0.14857312,-0.7971886,0.43017358,-0.047308125,0.2330244,"tenure, num_services, PaymentMethod_Electronic check",0.77844465
-0.0016798079,0.02565443,0.041147217,-0.06893547,-0.059379593,-0.33392987,-0.33207157,0.9200904,-0.5719454,0.30707365,0.009965358,0.24428189,0.085002,0.0,0.25391546,0.26368058,-0.0034526412,0.0,-0.18630503,0.0,0.63107276,0.0,0.7640319,0.0,0.44480655,0.0,-1.0279727,0.0,-0.6227567,0.09277367,0.1341247,-0.20834847,0.6798408,-0.14351693,0.0030615116,-0.048558675,"StreamingTV_Yes, TotalCharges, DeviceProtection_Yes",0.78293324
-0.013639102,0.07390929,0.09821764,0.76416105,-0.12052592,-0.034288496,0.3530908,0.38353214,0.62815493,-1.4092815,-0.013782453,0.112427175,-0.044567525,0.0,-0.39778468,-0.327388,0.11545408,0.0,-0.03970234,0.0,-0.32211703,0.0,-0.3652979,0.0,-0.18226695,0.0,-0.3298045,0.0,-0.419908,0.21096055,0.3670083,-0.11561278,-1.0341871,0.64592916,-0.06311784,0.13669384,"charge_per_service, PaymentMethod_Electronic check, tenure",0.20545214
-0.054622956,-0.035185274,0.03648121,1.195441,-0.049882434,-0.26731747,-0.08540533,-0.23842803,-0.5192663,0.619902,-0.049179155,-0.07679496,-0.2730929,0.0,-0.5842104,0.26504833,-0.0015858074,0.0,-0.102920994,0.0,-0.5160308,0.0,0.81307906,0.0,-0.20366141,0.0,-0.8950918,0.0,0.39974165,0.10289091,0.21220873,0.3025261,-0.82266074,-0.1418618,-0.023188092,0.21153557,"tenure, StreamingTV_Yes, PaymentMethod_Electronic check",0.31209156
-0.08318445,0.06898083,0.10110228,0.18569207,-0.042781927,0.01823605,-0.13350539,-0.22816181,-0.2121348,0.82848185,-0.013627823,-0.084543005,0.052650288,0.0,0.2611028,0.35646388,-0.004119313,0.0,-0.140914,0.0,-0.56828046,0.0,0.18932565,0.0,-0.20232406,0.0,0.44367057,0.0,-0.89938974,0.1146799,0.12580135,-0.124537714,0.52677244,-0.20261548,-0.07329662,0.10789512,"StreamingMovies_Yes, charge_per_service, OnlineBackup_Yes",0.58870447
0.02017025,-0.28249273,-0.41081366,0.1872817,-0.036105376,0.087621,0.018601464,-0.6615277,-0.29919532,0.650058,0.004717724,-0.15608265,0.008659112,0.0,-0.46933576,0.34988603,-0.0015363169,0.0,-0.19595386,0.0,-0.4953342,0.0,-0.47872993,0.0,-0.07511696,0.0,0.7838537,0.0,0.55701303,0.07936476,0.13934185,-0.13450535,0.7013223,-0.1449952,0.047640048,-0.044491354,"StreamingTV_Yes, PaymentMethod_Electronic check, TotalCharges",0.43548363
0.016372312,0.08242497,0.021023693,0.29742125,-0.040035304,-0.03890041,0.015153015,0.01825926,0.9039666,1.0163007,-0.01701288,-0.08410267,-0.09477896,0.0,0.4338268,0.3730288,-0.0033052235,0.0,-0.035268918,0.0,-0.50961435,0.0,-0.41960275,0.0,-0.17344454,0.0,-0.5353484,0.0,-0.5333483,0.083575375,0.19677657,-0.077020325,-0.5163042,-0.12941867,-0.12803793,0.19075951,"charge_per_service, num_services, StreamingTV_Yes",0.5755466
-0.16248102,0.10479459,0.03653948,1.1761541,-0.052777264,0.00838284,0.2872876,0.9154588,0.9851231,1.2224691,-0.014211415,-0.10249881,0.04721445,0.0,-0.08462768,0.40203345,-0.0033663616,0.0,-0.09026232,0.0,-0.5429358,0.0,-0.30768737,0.0,-0.087241344,0.0,-0.3868573,0.0,-0.36830667,0.11361834,0.15534557,-0.12250924,0.7321547,-0.20753798,-0.10162394,0.12908648,"charge_per_service, tenure, num_services",0.97520274
0.018406881,0.10854178,0.067524545,-0.28585494,-0.039036676,0.08191832,0.1457322,0.018158654,-0.1538227,0.6031296,0.0061388975,-0.12631924,-0.00091982936,0.0,0.26742455,0.34858835,-0.0010381518,0.0,-0.14265406,0.0,-0.5231036,0.0,-0.56127524,0.0,-0.11949839,0.0,0.72159487,0.0,0.61466354,0.11085861,0.13543843,-0.1668458,0.7989434,-0.14583717,0.039599083,-0.0427136,"PaymentMethod_Electronic check, StreamingTV_Yes, StreamingMovies_Yes",0.85432273
-0.14384678,-0.23510931,0.037062008,-0.85216546,-0.034425247,0.30323198,0.111841716,-0.37834123,-0.15489325,-0.9857128,0.005880751,0.040569462,-0.04556769,0.0,-0.3403611,-0.40183258,-0.00093254773,0.0,0.7505274,0.0,-0.31340605,0.0,0.5043927,0.0,0.32079688,0.0,-0.40035543,0.0,-0.24513237,-0.014520016,-1.3302944,1.1464313,-1.2208267,-0.12690148,0.055051435,-0.11576058,"Contract_Two year, PaymentMethod_Electronic check, PaymentMethod_Credit card (automatic)",0.016734194
-0.026016908,-0.29674503,-0.3004148,-0.45896286,-0.06037063,-0.042180564,1.1271367,0.8847042,0.60364145,-0.8376499,0.005020509,0.053350996,-0.021270841,0.0,-0.3805719,-0.50670004,0.12035155,0.0,-0.059162974,0.0,-0.1496016,0.0,-0.2237005,0.0,-0.22939979,0.0,-0.199046,0.0,-0.32380146,0.043710202,-1.5302304,-0.108755864,-0.92033815,0.49179766,-0.04524711,-0.15078533,"Contract_Two year, MonthlyCharges, PaymentMethod_Electronic check",0.027920796
0.0055093705,0.10664069,0.09944084,0.79262906,-0.04775662,0.07130289,0.17043082,0.61628306,0.28406972,0.022335218,-0.04488711,0.1635985,-0.11217201,0.0,-0.23110972,-0.16620849,-0.004310016,0.0,-0.22483258,0.0,-0.42690763,0.0,-0.41865927,0.0,0.19230267,0.0,-0.59962887,0.0,-0.3554307,0.10318077,0.23007981,-0.19931164,-0.9670076,0.40381846,-0.0132238,0.19922759,"PaymentMethod_Electronic check, tenure, TotalCharges",0.41109914
-0.009798652,-0.15925492,0.034125857,0.47073013,-0.038490236,0.08211315,-0.096298724,0.48534775,-0.2521917,0.7370761,-0.05148187,-0.16789794,0.11192834,0.0,0.47011456,0.34196725,-0.0015310289,0.0,-0.07264238,0.0,0.72950894,0.0,-0.48399174,0.0,-0.12775105,0.0,-1.0080485,0.0,0.64892167,0.08906701,0.12370357,-0.17825325,0.7311077,-0.120391235,-0.044133395,0.09441639,"StreamingTV_Yes, charge_per_service, PaymentMethod_Electronic check",0.9112622
0.07795391,-0.28847957,0.06853748,0.494878,-0.060255878,0.003432913,0.0776358,0.51915175,1.0053153,1.0254711,-0.015190676,-0.02389685,0.0902778,0.0,-0.35924977,0.27832833,-0.0038033887,0.0,-0.064001545,0.0,-0.43981218,0.0,-0.34606576,0.0,-0.19062847,0.0,-0.42799953,0.0,-0.45888957,0.05818811,0.14859754,-0.15079695,0.66843027,-0.12384177,-0.0960636,0.12861565,"charge_per_service, num_services, PaymentMethod_Electronic check",0.83019525
-0.074869104,-0.1590266,0.05811063,-0.41105554,-0.022550188,-0.017482452,-0.037182115,-0.28952053,-0.17730363,0.4442433,0.008483879,0.124976166,-0.036037024,0.0,0.21864185,0.45561132,-0.0013741048,0.0,0.35409302,0.0,-0.53911185,0.0,0.71479416,0.0,-0.18104519,0.0,-0.57160664,0.0,-0.7363254,0.21642138,0.1958672,0.62752306,-1.0956947,-0.08738306,0.03157259,-0.10212775,"PaymentMethod_Electronic check, StreamingMovies_Yes, DeviceProtection_Yes",0.25008035
0.040340375,0.0927731,0.05515748,-0.35620725,-0.023330469,0.035762563,-0.07053529,-0.61655813,0.7729376,1.0767992,0.005319679,-0.07683735,-0.06894877,0.0,0.30055183,0.45389524,-0.0015046225,0.0,-0.06292459,0.0,-0.40167767,0.0,-0.3402786,0.0,-0.08731957,0.0,0.8637704,0.0,-0.7310445,0.20828092,0.19067635,0.9786968,-0.99637985,-0.13630927,-0.039231487,-0.09023094,"charge_per_service, PaymentMethod_Electronic check, PaymentMethod_Credit card (automatic)",0.7244847
-0.0061124796,0.13407396,0.054846343,0.2989761,0.18606795,-0.10512832,-0.3535569,0.15130778,-0.5712976,-1.9148122,-0.062198076,0.20059976,0.12920435,0.0,-0.326908,-0.2528458,-0.009330154,0.0,0.4091679,0.0,0.4129701,0.0,-0.3647066,0.0,0.58884466,0.0,-0.83183074,0.0,0.3492131,0.13135275,0.383744,0.5898977,-1.2195117,-0.2506606,0.0061591836,0.089303404,"charge_per_service, PaymentMethod_Electronic check, StreamingTV_Yes",0.10321543
0.10983824,0.0400156,0.08164144,0.53448766,-0.04763321,-0.18795812,0.58652353,0.5773834,-0.3311122,1.8063459,-0.014952993,-0.091300055,-0.0031372015,0.0,0.3951244,0.35948604,-0.0015603616,0.0,-0.11586437,0.0,-0.4249987,0.0,-0.42206714,0.0,-0.16977099,0.0,1.1987165,0.0,0.682675,0.071121,0.14204292,-0.1363519,0.69120383,-0.13290547,-0.009484748,0.09794122,"charge_per_service, StreamingTV_Yes, PaymentMethod_Electronic check",0.9949163
-0.0031367047,0.12973578,0.0010274976,-0.19076909,-0.10767323,0.031581286,0.014667667,-1.352366,-0.8146992,-1.4196781,0.041017916,0.1445442,0.052650698,0.0,0.21151598,-0.553167,-0.0006027703,0.0,-0.09683288,0.0,0.7900158,0.0,0.51199144,0.0,0.25434762,0.0,-0.64312726,0.0,0.4985457,-0.05078815,-1.3009845,-0.08686717,-0.5979464,-0.03643507,-0.0028880578,-0.10470847,"charge_per_service, TotalCharges, Contract_Two year",0.009104383
-0.00012898774,0.106618464,0.05884943,0.85903597,-0.054783132,-0.06932815,0.21514854,0.3965394,0.9166774,0.46519125,-0.0146353,-0.06635127,-0.007939633,0.0,-0.1789834,-0.16736142,-0.004310016,0.0,-0.046387885,0.0,-0.2381664,0.0,-0.4016325,0.0,-0.16472748,0.0,-0.4136169,0.0,-0.5445026,0.15549347,0.21412276,-0.16998062,-0.86080045,0.47943348,-0.04922855,0.23068751,"num_services, PaymentMethod_Electronic check, tenure",0.65387267
-0.005693785,0.07808669,-0.3946245,0.03337929,-0.08239994,-0.0145949535,0.69522166,0.5433244,0.9242833,-0.9599634,-0.018933175,0.14595748,-0.024515206,0.0,-0.446613,-0.22337574,0.11545408,0.0,-0.09020324,0.0,-0.3833408,0.0,-0.29939675,0.0,-0.17312203,0.0,-0.35973993,0.0,-0.33422455,0.21104512,0.34524667,-0.11625384,-0.9835642,0.56988233,-0.060727872,0.12517543,"PaymentMethod_Electronic check, charge_per_service, num_services",0.23271252
0.02500143,0.08163661,0.110621415,0.1221456,-0.055021524,0.054569278,-0.05722241,0.2177618,-0.41881052,0.70843697,-0.019674044,-0.08921909,-0.030456329,0.0,-0.45581293,0.3546586,-0.0021557235,0.0,-0.15937097,0.0,-0.4561052,0.0,-0.4534635,0.0,-0.10158547,0.0,0.8458291,0.0,0.6669988,0.060356054,0.13646328,-0.15179987,0.6586808,-0.1772556,-0.050969522,0.09592932,"StreamingTV_Yes, charge_per_service, StreamingMovies_Yes",0.81020445
0.0048319236,-0.20167322,-0.26635408,0.092934914,-0.025058994,0.0570175,-0.28513408,-0.07881828,-0.5385247,0.4022279,0.00518192,-0.22746858,0.05938288,0.0,-0.322852,0.32040173,-0.0014578677,0.0,-0.18745953,0.0,0.6257673,0.0,0.69569904,0.0,-0.10670916,0.0,0.55071074,0.0,-0.7917762,0.23658434,0.18468235,-0.08102171,-0.54885906,-0.11477369,0.0126388455,-0.12589289,"StreamingMovies_Yes, DeviceProtection_Yes, OnlineBackup_Yes",0.33970717
-0.029550772,0.09543527,0.047677457,-0.35398063,-0.027064746,0.06724463,-0.22026223,-0.2845564,-0.04596668,0.6749092,0.031862654,-0.03383097,0.05157037,0.0,0.3679169,0.4179715,-0.000874751,0.0,-0.12339238,0.0,-0.6226224,0.0,0.599401,0.0,-0.13356397,0.0,-0.7365405,0.0,0.8393387,0.13736653,0.19432464,0.6354785,-0.85222244,-0.13196722,-0.060267318,-0.09441988,"PaymentMethod_Electronic check, StreamingMovies_Yes, StreamingTV_Yes",0.59882885
0.028828762,-0.22844408,0.07119025,0.7954496,-0.046531104,-0.039016325,0.014861401,0.78370655,-0.3033056,0.7044317,-0.0102582695,-0.13609527,0.04596268,0.0,0.30233052,0.287585,-0.0015603616,0.0,-0.053579386,0.0,-0.5225608,0.0,-0.5024908,0.0,-0.17657086,0.0,0.5032379,0.0,0.4899807,0.05473544,0.13798892,-0.13544922,0.66242516,-0.13616864,-0.039987136,0.09457675,"tenure, TotalCharges, charge_per_service",0.9331708
-0.00821591,0.060424663,0.018270202,0.62490064,-0.046202548,0.08990839,0.15970345,0.69777626,-0.45071352,0.8250292,-0.041466907,0.14485139,-0.14176479,0.0,-0.42379996,0.18558967,-0.0038372967,0.0,-0.17918505,0.0,-0.54157656,0.0,0.9149218,0.0,0.5103432,0.0,-0.7392494,0.0,-0.49951655,0.07453093,0.15182617,-0.10274084,0.6068836,-0.15806207,0.012539091,0.107419126,"DeviceProtection_Yes, charge_per_service, StreamingTV_Yes",0.8629202
0.0075987917,0.07250398,0.041165877,0.16019803,-0.1293238,0.04422969,0.62582016,-0.21975489,0.86556417,-1.3678958,-0.016183607,0.06745017,-0.021636782,0.0,-0.5255802,-0.16463885,0.11545408,0.0,-0.011089092,0.0,-0.27245754,0.0,-0.31726602,0.0,-0.24665909,0.0,-0.35576785,0.0,-0.55134165,-0.57996196,-0.31395426,-0.16417292,-1.1783464,0.5740585,-0.051306278,0.191594,"charge_per_service, PaymentMethod_Electronic check, num_services",0.023418624
0.06118374,0.05882037,0.036802407,-0.6712949,-0.038745984,0.09836148,0.05311043,-0.34703457,-0.13839667,1.2545393,0.0053861337,-0.039233785,-0.34567916,0.0,0.33216688,0.28965485,-0.0010381518,0.0,-0.089495294,0.0,-0.54913384,0.0,-0.51280135,0.0,-0.13126966,0.0,1.043873,0.0,0.51687944,0.09534392,0.10123366,-0.16176832,0.80147505,-0.13743474,0.020459462,-0.040678132,"charge_per_service, StreamingTV_Yes, PaymentMethod_Electronic check",0.8258445
0.028332524,0.037879217,-0.05195005,-0.77970994,-0.029560167,-0.020046338,-0.035783608,-0.49021608,-0.6611618,0.14623417,0.019140914,0.06102942,-0.1222875,0.0,0.25895748,0.13781941,-0.000874751,0.0,0.58634603,0.0,-0.5169112,0.0,0.7855943,0.0,0.28700313,0.0,-0.8092986,0.0,0.9869131,-0.109087035,-0.19149597,-0.19385351,-0.51672226,-0.035405457,0.015149316,-0.13369213,"StreamingMovies_Yes, StreamingTV_Yes, DeviceProtection_Yes",0.20481232
0.017871577,-0.29672283,-0.15414888,-0.25966835,-0.034663275,-0.024011165,0.14927763,-0.46347603,0.16964503,0.81289876,0.009558913,-0.0471008,-0.15259005,0.0,-0.42898318,0.31499335,-0.0015199482,0.0,-0.14261374,0.0,-0.49852127,0.0,-0.25995716,0.0,-0.08675631,0.0,-0.8273579,0.0,0.45257264,0.075403824,0.1279437,-0.16126093,0.5967411,-0.102597825,0.04217564,-0.06856907,"StreamingTV_Yes, charge_per_service, PaymentMethod_Electronic check",0.22265449
0.19907792,-0.2322655,0.030849949,0.058602132,0.30363446,-0.11041756,0.3010444,0.26019913,-0.732733,-1.7257915,0.0134614725,0.2663284,0.12819985,0.0,-0.29004863,-0.3269445,-0.002490249,0.0,-0.18836914,0.0,0.7467185,0.0,0.6427193,0.0,0.26999754,0.0,0.3656818,0.0,0.83780193,0.0026375516,-0.24405241,-0.057753064,-0.6901608,-0.106932215,-0.00016390177,-0.106544755,"charge_per_service, StreamingMovies_Yes, OnlineBackup_Yes",0.40214384
0.008173371,0.13503508,0.08626618,-0.9576381,0.32189327,0.055618804,-0.055808436,-1.6481353,0.9035497,0.023761656,0.006870647,0.22527447,-0.009997785,0.0,-0.3518004,-0.28195342,-0.009824267,0.0,-0.18325423,0.0,-0.8024198,0.0,-0.2559349,0.0,0.26149696,0.0,-0.39552858,0.0,-0.610271,-0.2631053,-0.32260293,0.85395885,-1.250423,-0.1441625,-0.03088206,-0.12310972,"TotalCharges, PaymentMethod_Electronic check, tenure",0.007972276
-0.02492735,-0.094294965,0.061589967,-0.32357875,-0.22764274,0.010292195,-0.006904347,-0.07207803,-1.2364802,-1.1884845,0.005579306,0.123654924,0.08471487,0.0,0.22838727,-0.53267986,-0.0006872474,0.0,0.37753522,0.0,-0.4012471,0.0,0.8094389,0.0,-0.20860043,0.0,0.45728254,0.0,0.6420237,0.070311606,-0.16084202,-0.20562021,0.86116785,-0.14236765,-0.0031590145,-0.0493713,"num_services, charge_per_service, PaymentMethod_Electronic check",0.23942868
0.021398794,0.08958832,0.0348422,1.497103,-0.05065569,0.019234324,0.43646607,0.33107984,0.90038073,0.51366717,-0.014336542,-0.03611,0.008834439,0.0,-0.13411313,-0.3051236,-0.003872989,0.0,-0.11834417,0.0,-0.40731573,0.0,-0.3878718,0.0,-0.06470656,0.0,-0.43714136,0.0,-0.52024525,0.18215068,0.23031503,-0.16428788,-0.88324344,0.4104416,-0.050720938,0.21941818,"tenure, num_services, PaymentMethod_Electronic check",0.78717893
0.0047319937,-0.20161897,0.10794079,-0.6375667,-0.33225262,-0.15248454,-0.0032211635,0.5942803,0.95910877,-1.2963619,0.0059905457,0.11806393,0.06783321,0.0,0.19354576,-0.49961916,0.11894358,0.0,-0.20211928,0.0,-0.44682366,0.0,-0.29673082,0.0,-0.19653015,0.0,-0.48003668,0.0,-0.4269624,0.08457973,0.21023704,-0.24260727,0.7234717,-0.15931687,-0.014002768,-0.06955675,"charge_per_service, num_services, PaymentMethod_Electronic check",0.07742125
-0.0008078752,-0.22464517,-0.28226757,-1.3234032,-0.09483998,-0.032353085,0.41744128,-0.24379122,0.8182307,-1.2129394,0.0059905457,0.07814225,-0.030849274,0.0,-0.49562463,-0.26866904,0.12745844,0.0,-0.088956624,0.0,-0.48800796,0.0,-0.21669273,0.0,-0.16040732,0.0,-0.35236716,0.0,-0.5368412,-0.15362827,-0.38404882,-0.16343486,-0.957461,0.44385523,-0.030635439,-0.15393907,"tenure, charge_per_service, PaymentMethod_Electronic check",0.0024375618
-0.021653607,-0.2012583,-0.28243852,-0.92840415,-0.08588235,-0.050642785,0.23824519,0.053683326,0.8837133,-0.9074911,0.005020509,0.11215116,0.0026386268,0.0,-0.41388568,-0.5659613,0.12745844,0.0,-0.10299791,0.0,-0.29244155,0.0,-0.11204712,0.0,-0.18756728,0.0,-0.33851933,0.0,-0.44763508,0.16178149,0.26573065,-0.1666526,-0.86514354,0.50476545,0.33173952,-0.16045365,"tenure, charge_per_service, num_services",0.030680291
-0.017747376,0.06793545,0.09528889,1.0969387,-0.09021409,0.02166133,0.57077247,0.80223495,0.80467165,-1.6658422,-0.017756745,0.09654779,0.036582015,0.0,-0.29737005,-0.3628678,0.107984215,0.0,-0.079172745,0.0,-0.32939377,0.0,-0.3320126,0.0,-0.09785269,0.0,-0.4118807,0.0,-0.34076115,0.23387416,0.3593022,-0.10929536,-1.0267782,0.6760722,-0.061557684,0.24143058,"charge_per_service, tenure, PaymentMethod_Electronic check",0.49049264
0.023647284,-0.19485638,-0.5886687,-0.9805414,0.27597085,-0.048155446,0.07050663,-0.689108,-0.5789176,-1.597779,0.012789493,0.14362125,0.20753415,0.0,-0.38939932,-0.53897077,-0.002490249,0.0,-0.2833603,0.0,0.99484265,0.0,0.6691151,0.0,0.3580423,0.0,0.40483183,0.0,0.5857915,0.18239838,-0.059855543,-0.19435984,0.72649884,-0.16917749,0.0020963089,-0.047684077,"charge_per_service, OnlineBackup_Yes, tenure",0.15258554
-0.03120967,0.17274594,-0.027948018,-1.2725788,-0.08216427,-0.0008625236,0.33940807,-0.56234884,0.67660403,-1.6593192,0.006870647,0.059226714,0.0179685,0.0,-0.37462795,-0.37880224,0.12035155,0.0,-0.1243565,0.0,-0.42861587,0.0,-0.28145605,0.0,-0.20867115,0.0,-0.26970875,0.0,-0.36124915,0.0140710175,-1.5420986,-0.03621083,-0.6064597,-0.049652886,-0.067071535,-0.13443862,"charge_per_service, Contract_Two year, tenure",0.00082324643
0.03386718,0.10340238,0.045861017,0.13933852,-0.024641374,0.07962713,-0.035653017,-0.7539208,-0.76523423,0.647265,0.0064419564,0.20577206,-0.054075688,0.0,-0.5782862,0.17141746,-0.0015363169,0.0,0.50049055,0.0,-0.4850871,0.0,-0.5295611,0.0,-0.22769023,0.0,0.80820143,0.0,0.42726117,0.089156516,0.1603311,-0.15976629,0.79083073,-0.10908237,0.023051616,-0.041715,"StreamingTV_Yes, PaymentMethod_Electronic check, num_services",0.6123591
-0.021257369,-0.16182773,-0.29394946,-0.021013623,-0.07831608,0.00059988745,0.7038807,-0.25029618,0.7701755,-1.2743239,0.005020509,0.11386736,0.019900542,0.0,-0.4267903,-0.5671738,0.12745844,0.0,-0.1415433,0.0,-0.11216285,0.0,-0.24739544,0.0,-0.18896072,0.0,-0.32449445,0.0,-0.39636338,0.14200263,0.2992434,-0.16226476,-0.90917856,0.42692295,-0.08550407,-0.12298909,"charge_per_service, PaymentMethod_Electronic check, num_services",0.039712783
0.013655054,-0.22902483,-0.5511572,-0.6613795,0.4171425,-0.003216812,0.13979828,0.51946616,1.1433327,-0.28232285,0.0059905457,0.12536706,0.19667289,0.0,-0.1702345,-0.27057943,-0.012569474,0.0,0.7336902,0.0,-0.41082796,0.0,-0.2536114,0.0,-0.08976382,0.0,-0.24260198,0.0,-0.4904385,-0.012521163,-0.3640653,-0.14981142,-0.6992313,-0.07373969,0.0949246,-0.13488305,"num_services, OnlineSecurity_Yes, PaymentMethod_Electronic check",0.1517723
0.026359178,0.11521275,0.030841127,0.5691862,-0.0572183,0.008022614,0.060057122,0.13999234,0.9241785,0.9965349,-0.011716567,-0.08901635,-0.1786064,0.0,-0.3588542,0.21126416,-0.0038033887,0.0,-0.06369316,0.0,-0.48647076,0.0,-0.3016136,0.0,-0.2092332,0.0,-0.49215928,0.0,-0.58343863,0.10376167,0.14132491,-0.16532902,0.5676164,-0.17753288,-0.08128606,0.13537161,"charge_per_service, num_services, StreamingMovies_Yes",0.6815545
0.008474784,-0.25062445,-0.21931893,0.9073305,-0.042459186,0.013582828,0.16705556,0.11338775,0.98039395,1.0992141,-0.012414785,-0.07012246,-0.027733432,0.0,-0.34918022,0.23606575,-0.0038033887,0.0,-0.06702176,0.0,-0.40165398,0.0,-0.3692739,0.0,-0.14537273,0.0,-0.5537538,0.0,-0.40363973,0.15954617,0.20156008,-0.1613072,-0.6173909,0.31680444,-0.055322304,0.27438745,"charge_per_service, num_services, tenure",0.6722949
0.0019509934,0.13969031,0.06312711,-0.38958213,-0.09230122,-0.0072951512,0.40176165,-0.08092976,-0.28365275,-0.23801266,0.022987962,0.44149786,-0.11413845,0.0,0.1528827,-0.25940844,-0.0014324219,0.0,0.07643314,0.0,0.97363544,0.0,-0.53824794,0.0,-0.12938678,0.0,-0.62419724,0.0,-0.675072,-0.61131597,-0.39005473,-0.3194901,-0.88402003,-0.095055565,0.0008587588,-0.11642402,"OnlineBackup_Yes, PaymentMethod_Electronic check, StreamingMovies_Yes",0.02701392
0.041584626,-0.3077231,0.07372002,0.27645135,-0.050154004,0.03019108,-0.024183858,-0.06709066,0.1533694,0.70596474,-0.013810415,-0.07528919,0.13149005,0.0,-0.4117451,0.26133412,-0.0038033887,0.0,0.00776037,0.0,-0.45750985,0.0,-0.34073374,0.0,-0.16963601,0.0,0.574415,0.0,-0.6401598,0.066084646,0.14508732,-0.1567544,0.61629885,-0.15207817,-0.05069203,0.10928704,"charge_per_service, StreamingMovies_Yes, PaymentMethod_Electronic check",0.5653363
-0.026253248,-0.055496056,0.059108075,0.6121105,-0.034631237,0.060196344,-0.7570468,-0.27898073,-1.3373984,0.17177264,-0.029768964,-0.24307132,0.055537008,0.0,0.30156592,0.3046464,-0.0013676281,0.0,-0.12427497,0.0,0.26487097,0.0,1.1619408,0.0,-0.27342227,0.0,0.37654635,0.0,0.5177177,0.09593352,0.13087793,-0.14098185,0.56027997,-0.18586893,-0.040859837,0.086996466,"num_services, DeviceProtection_Yes, MonthlyCharges",0.7723893
0.114760995,-0.12733091,0.009487971,-0.70378613,-0.054318573,-0.29778877,0.1578461,-0.6417687,-0.43272224,-0.46139044,0.016646242,-0.19286668,0.033941958,0.0,-0.4283309,-0.38589558,-0.0016830041,0.0,-0.15117703,0.0,-0.5502597,0.0,0.6408188,0.0,-0.14455293,0.0,-0.6756638,0.0,0.63598484,-0.31976432,-0.3358964,-0.18066089,-1.0998771,0.63142574,-0.058643237,-0.11253226,"PaymentMethod_Electronic check, tenure, StreamingTV_Yes",0.005912097
-0.009897979,0.06631626,0.07298621,1.1344869,-0.04158078,-0.0034950697,0.34950015,0.7516084,0.48404852,0.8085974,-0.042915158,-0.05827505,-0.061697766,0.0,0.3404582,0.2712409,-0.0014564072,0.0,0.005008932,0.0,-0.51023453,0.0,-0.3452772,0.0,-0.20815206,0.0,-0.61784536,0.0,0.73953706,0.07340646,0.1368025,-0.17200099,0.59494954,-0.14366035,-0.062202953,0.101515815,"tenure, charge_per_service, TotalCharges",0.97449255
-0.004902743,-0.06672898,0.026140152,-0.70424193,-0.033155,0.0360011,-0.7208431,-0.15816464,-1.065742,-0.13839792,0.00518192,0.27210134,-0.121643454,0.0,0.17362612,0.28197062,-0.0012690211,0.0,0.39895207,0.0,0.6159239,0.0,0.6485552,0.0,-0.14064643,0.0,0.6072796,0.0,-0.7621271,0.1145177,0.14752579,-0.18614171,0.75183666,-0.13364969,-0.0063797478,-0.042492177,"num_services, StreamingMovies_Yes, PaymentMethod_Electronic check",0.4462731
0.0017875754,0.17896377,0.07828473,-0.6298055,-0.21684681,-0.09417513,0.3276123,0.7004987,0.9437908,-0.6463239,0.006870647,0.20638837,-0.028629225,0.0,0.24509588,-0.438322,0.11658744,0.0,-0.147525,0.0,-0.48474693,0.0,-0.23506147,0.0,-0.20281003,0.0,-0.25719157,0.0,-0.4008856,-0.046738993,-1.1679397,-0.24334204,-0.67113477,-0.09505103,0.075802125,-0.12956986,"Contract_Two year, num_services, TotalCharges",0.036853943
0.0053579146,-0.1822348,0.037179783,-0.63677716,-0.02947097,0.076897785,-0.48221955,-0.42060384,-0.65432525,0.554163,0.02799312,-0.24084242,-0.086794026,0.0,0.27495793,0.2394611,-0.00083869125,0.0,-0.12839857,0.0,0.49066448,0.0,0.7754892,0.0,-0.07157371,0.0,-1.2151334,0.0,0.6284263,0.11052225,0.1284717,-0.049832832,-0.55492014,-0.050788246,-0.0025357155,-0.09775531,"StreamingTV_Yes, DeviceProtection_Yes, num_services",0.17303242
0.007589698,0.19078273,0.041317645,-0.5713808,-0.20192255,-0.04379433,-0.098969415,0.26666686,1.0068239,-0.68815506,0.0059006102,0.13424578,-0.02809409,0.0,0.29561156,-0.34663385,0.11894358,0.0,-0.0665394,0.0,-0.5167968,0.0,-0.2569371,0.0,-0.14701168,0.0,-0.33712214,0.0,-0.59406656,-0.21650884,-0.3763454,-0.13575275,-0.5392351,-0.064566135,-0.018837865,-0.11576726,"num_services, charge_per_service, StreamingMovies_Yes",0.03538704
-0.003491459,0.11035119,-0.4003319,0.1962871,-0.10886242,0.00969105,0.23152055,0.18555674,1.0000939,-0.7957802,-0.020157898,0.215153,0.0039638304,0.0,0.26633677,-0.2995557,0.10693922,0.0,-0.048323274,0.0,-0.38419417,0.0,-0.38112405,0.0,-0.20192027,0.0,-0.48519468,0.0,-0.37512502,0.12054026,0.26003137,-0.19951421,-0.9315172,0.50242126,-0.046908572,0.10365456,"num_services, PaymentMethod_Electronic check, charge_per_service",0.20128432
-0.07020549,0.057691008,0.09814093,0.3276432,-0.116230875,0.059558187,0.54112417,-0.009569337,-0.028761247,-0.21191059,-0.043288305,0.17251879,-0.2256716,0.0,-0.24419211,-0.14773786,-0.004310016,0.0,0.4534193,0.0,-0.32821462,0.0,-0.4194896,0.0,-0.21810532,0.0,-0.5684899,0.0,-0.37042764,0.05045426,0.16021636,-0.2560556,0.71273977,-0.15898864,-0.019279128,0.098573916,"PaymentMethod_Electronic check, StreamingTV_Yes, MonthlyCharges",0.32790515
0.059315827,0.11128691,0.036061414,1.1839882,-0.05320298,-0.019038752,0.15140785,0.3428621,1.0255167,1.087079,-0.014211415,-0.06213747,0.083587274,0.0,-0.08296376,0.27469555,-0.0033663616,0.0,-0.12885208,0.0,-0.6245709,0.0,-0.31968123,0.0,-0.09129027,0.0,-0.42424953,0.0,-0.45598623,0.10908409,0.15519373,-0.122415215,0.7355606,-0.20811804,-0.10162394,0.13047408,"tenure, charge_per_service, num_services",0.9407872
-0.06153849,-0.2176157,-0.21922056,-0.88566506,-0.05843877,-0.20094281,-0.07768757,-0.56780756,-0.25365618,-0.8416538,0.008375424,0.025818128,-0.054948512,0.0,0.2285197,-0.50177854,-0.0008257653,0.0,0.3777581,0.0,-0.33203733,0.0,0.56351334,0.0,0.36679837,0.0,-0.31194356,0.0,-0.3546494,0.006637047,-0.99102116,1.0425507,-1.1352693,-0.14647104,0.015056926,-0.117135376,"PaymentMethod_Electronic check, PaymentMethod_Credit card (automatic), Contract_Two year",0.0089766905
-0.018361175,0.13857415,0.034579404,-1.0568877,-0.07645788,-0.02022243,0.14066699,-0.22127569,0.54068625,-1.8101217,0.0059006102,0.10327905,-0.061688263,0.0,-0.47767124,-0.47281268,0.12035155,0.0,-0.102319345,0.0,-0.31293866,0.0,-0.20898685,0.0,-0.20259498,0.0,-0.32893306,0.0,-0.42154667,-0.0181555,-1.6644489,0.48482364,-1.1620532,-0.21830632,-0.06502468,-0.14194731,"charge_per_service, Contract_Two year, PaymentMethod_Electronic check",0.00055127725
0.06959722,-0.2990858,0.011063411,-0.48599267,-0.036432005,-0.23599441,0.49487033,-0.28047103,-0.5798861,0.23414548,0.011774402,-0.36351654,-0.014478601,0.0,0.27243662,0.31605685,-0.0012690211,0.0,-0.16312799,0.0,0.5801347,0.0,0.7943518,0.0,-0.14209187,0.0,0.6942273,0.0,-0.99419606,0.0890105,0.10437249,-0.14611864,0.7545709,-0.1731579,0.008366155,-0.044895433,"StreamingMovies_Yes, DeviceProtection_Yes, PaymentMethod_Electronic check",0.6143032
0.065406114,0.062132522,0.01825351,-1.5635868,-0.05677586,-0.109986655,-0.5638784,-1.0673752,-1.2978687,-0.06487405,0.02799531,0.16339917,0.0046349247,0.0,0.17987685,0.1925634,-0.001002092,0.0,0.47508132,0.0,0.6006325,0.0,-0.7619796,0.0,0.6020016,0.0,-1.4074922,0.0,0.51203805,-0.023064071,-0.014287321,-0.33640024,0.6566043,-0.08712707,0.0008358597,-0.055180285,"tenure, StreamingTV_Yes, num_services",0.020668702
-0.047045894,0.052303266,-0.02114569,-0.53824675,-0.08273606,0.14034942,-0.2777222,-1.029955,-1.7898412,-1.5986946,0.013462063,0.10157879,0.1448141,0.0,0.13478166,-0.46379334,-0.0006027703,0.0,0.2644108,0.0,0.4216146,0.0,0.45382297,0.0,0.6967952,0.0,0.383588,0.0,0.5286891,-0.1614192,-1.6352603,-0.19507721,-1.0582528,0.051985204,-0.017665267,-0.107144386,"num_services, Contract_Two year, charge_per_service",0.003521865
-0.02394215,0.058444425,0.11948849,0.9706762,-0.119811974,0.011910668,-0.7452537,-0.13558188,-1.701819,-0.67742044,-0.03269297,0.21560659,0.20696005,0.0,-0.3489869,0.29487795,-0.0015564747,0.0,-0.2047104,0.0,0.09937334,0.0,0.893815,0.0,0.35053486,0.0,0.48812327,0.0,0.6486009,-0.116240814,-0.058981102,-0.17152153,0.5993336,-0.20542948,-0.03934606,0.088340335,"num_services, tenure, DeviceProtection_Yes",0.61158115
-0.015598521,0.11285706,0.037527584,-0.3837787,-0.09674161,-0.111237295,0.5663384,-0.15239541,0.6275715,-2.0383914,0.009402612,0.09151681,0.028704934,0.0,-0.4479594,-0.49581945,0.12035155,0.0,-0.14176407,0.0,-0.3063887,0.0,-0.22339734,0.0,-0.20401709,0.0,-0.2858563,0.0,-0.31154045,-0.013129122,-1.3844413,-0.05354754,-0.66355413,-0.09248138,0.15399455,-0.11657358,"charge_per_service, Contract_Two year, PaymentMethod_Electronic check",0.0030208994
-0.02052665,0.03563217,-0.3947663,1.0341144,-0.022632843,-0.35538423,0.22751968,0.5067473,-0.40681845,0.6638509,-0.016632633,-0.085109875,0.090229526,0.0,0.2638036,0.2889917,-0.0037294892,0.0,-0.019198257,0.0,0.2829491,0.0,-0.64410275,0.0,-0.16467448,0.0,0.71107835,0.0,-0.7695978,0.14028654,0.20319301,-0.19953199,-0.5455884,0.6931497,-0.018326247,0.20352052,"tenure, StreamingMovies_Yes, StreamingTV_Yes",0.84152496
-0.036532417,0.08481482,0.12524971,-0.25766766,0.34256008,0.028879706,-0.19906671,-0.5479152,-0.16507746,-1.6116227,0.014279068,0.15024921,0.013854954,0.0,-0.3851349,-0.22939935,-0.0093041975,0.0,0.27196223,0.0,0.5883801,0.0,-0.44620124,0.0,-0.077234335,0.0,0.23628975,0.0,-0.80765724,0.102800004,0.23129052,-0.22956756,0.9184426,-0.14892314,-0.009677098,-0.048698932,"charge_per_service, PaymentMethod_Electronic check, StreamingMovies_Yes",0.10818125
-0.020064276,0.08001367,0.012529381,1.1733379,-0.054022968,0.021763254,-0.41845128,0.62922865,0.4378317,0.053045105,-0.02536665,-0.074435845,-0.07297315,0.0,-0.19926623,-0.45366523,-0.0016214997,0.0,-0.033661284,0.0,-0.2897663,0.0,-0.4227156,0.0,-0.03965832,0.0,-0.55033946,0.0,0.75377846,0.067369536,0.15255785,-0.20505959,0.6484713,-0.2058964,-0.04332062,0.102707304,"tenure, StreamingMovies_Yes, PaymentMethod_Electronic check",0.73370886
-0.14063388,0.10624519,0.011944288,-1.6504027,-0.053025723,0.0061698654,-0.4253758,-0.88354784,-0.47603858,0.067556374,0.022987962,0.22854893,-0.18529618,0.0,0.20817892,0.2077911,-0.0012690211,0.0,0.20753402,0.0,0.77279824,0.0,0.56878805,0.0,-0.16809721,0.0,-1.1406467,0.0,-0.66977656,0.07453321,0.09683897,-0.28303054,0.54722494,-0.10690312,-0.0040700478,-0.041710414,"tenure, StreamingTV_Yes, TotalCharges",0.042634916
-0.08151187,0.114515975,0.06375569,0.7827342,-0.047835425,-0.104548916,0.37480086,0.21963109,0.83654284,0.77381897,-0.011716567,-0.0061404984,-0.029950822,0.0,0.2983187,-0.27868736,-0.003811851,0.0,-0.024602784,0.0,-0.18275988,0.0,-0.39023164,0.0,-0.20428891,0.0,-0.39316976,0.0,-0.5843435,0.098236084,0.19868101,-0.17196937,-0.79747957,0.40191442,-0.04777872,0.16895823,"num_services, PaymentMethod_Electronic check, tenure",0.7235729
0.0050457357,0.09533493,0.030134413,-0.2713653,-0.06861771,-0.3018836,0.30160505,-0.22637475,-0.2699784,-0.69881845,0.009965358,-0.27214274,-0.067913644,0.0,-0.22051525,-0.3744805,-0.0036414878,0.0,-0.13164893,0.0,0.8618568,0.0,0.5833912,0.0,-0.10946145,0.0,-0.48370898,0.0,-0.56812966,-0.4852331,-0.36837643,-0.18174446,-0.59778386,-0.07887455,-0.08292994,-0.10907147,"OnlineBackup_Yes, charge_per_service, PaymentMethod_Electronic check",0.016395971
-0.052814443,-0.14390877,-0.29242378,-2.003067,-0.1034786,-0.076597296,-0.06135161,-0.94549024,0.5918532,-0.48283556,0.0059905457,-0.21145599,-0.09286008,0.0,0.15062761,-0.4422074,0.058171347,0.0,-0.09636948,0.0,-0.43454674,0.0,-0.23984091,0.0,-0.23087144,0.0,-0.35097083,0.0,-0.5274687,-0.0029883925,-0.90263927,-0.06612711,-0.60385686,-0.021485293,-0.04421164,-0.14045992,"tenure, TotalCharges, Contract_Two year",0.00042097713
-0.011026265,-0.17959549,-0.3269776,-0.3523429,-0.10096859,0.009503564,0.36788294,-0.015423117,0.61489755,-0.96008533,0.0058998372,0.116401464,-0.018462697,0.0,0.32168496,-0.63992417,0.11658744,0.0,-0.086019956,0.0,-0.25557503,0.0,-0.22854312,0.0,-0.18969955,0.0,-0.27985373,0.0,-0.40547898,-0.018814366,-1.1667762,-0.10404949,-0.6303413,-0.06416836,-0.07186314,-0.11865722,"Contract_Two year, charge_per_service, InternetService_Fiber optic",0.00918811
-0.03628768,-0.13593851,-0.29766864,-1.6229237,-0.09770721,0.012561352,0.024357166,-0.48200348,0.45085707,-0.74432826,0.0068698744,0.07685852,-0.050581437,0.0,0.17599374,-0.51718354,0.11658744,0.0,-0.07205738,0.0,-0.63108903,0.0,-0.31725067,0.0,-0.18413344,0.0,-0.3574782,0.0,-0.37740323,-0.021161854,-1.5005008,-0.10565015,-0.6293433,-0.04469604,-0.05912317,-0.13821386,"tenure, Contract_Two year, charge_per_service",0.0005167351
-0.04113994,-0.11572921,-0.5520249,-2.083152,-0.03553439,-0.10102469,-1.5090922,-0.20749855,-1.7048317,-0.66709614,0.0134614725,-0.009551629,-0.050190847,0.0,0.15134543,0.14655685,-0.00077185105,0.0,0.24701147,0.0,0.28131625,0.0,0.61478376,0.0,0.48233587,0.0,0.42682922,0.0,0.47186905,-0.088049896,-1.7257838,0.4374612,-0.9240372,-0.06271084,-0.0016055891,-0.06846785,"tenure, Contract_Two year, num_services",0.0012490109
-0.11008538,0.091540836,0.038723134,0.5818536,-0.052849036,0.019632518,0.39333987,0.40075338,1.1937375,0.834166,-0.020634536,-0.12424931,0.09946433,0.0,0.32756728,0.24280064,-0.0033052235,0.0,-0.022842767,0.0,-0.50932354,0.0,-0.35713297,0.0,-0.2500923,0.0,-0.52046853,0.0,-0.42104205,0.07073763,0.13745917,-0.13507819,0.65322006,-0.15310562,-0.05988894,0.12569344,"num_services, charge_per_service, PaymentMethod_Electronic check",0.9214176
-0.15388007,0.062848695,0.05818583,-0.25426,-0.027692484,0.067755505,-0.15287837,-0.20030724,-1.1577266,0.03202203,0.008029698,-0.31149223,-0.25597808,0.0,0.24080738,0.3791145,-0.00083869125,0.0,-0.14865772,0.0,0.6331096,0.0,0.7101761,0.0,-0.16398683,0.0,0.51778764,0.0,0.5414232,0.15588322,0.17653656,-0.10096355,-0.45571253,-0.10550116,-0.0010148799,-0.08221868,"num_services, DeviceProtection_Yes, OnlineBackup_Yes",0.5004359
0.025999807,0.08777991,0.10564417,0.2513749,-0.12936504,0.053884715,0.34577656,0.030778786,-0.08650264,-0.5261599,-0.016294988,0.26138026,-0.100592114,0.0,-0.19618225,-0.27981436,-0.0047808792,0.0,0.67412615,0.0,-0.25591013,0.0,-0.26920608,0.0,-0.21766357,0.0,0.6201848,0.0,-0.50291926,0.020060074,0.19189963,-0.23553343,0.9396061,-0.15536854,-0.016955843,0.08517812,"PaymentMethod_Electronic check, OnlineSecurity_Yes, StreamingTV_Yes",0.6663222
-0.0713204,-0.24668214,-0.045796245,-0.23025699,-0.031152926,0.09019762,-0.13223599,-0.011082354,-1.2359158,0.1694573,0.004609269,0.18275762,0.010683375,0.0,-0.55299675,0.20647806,-0.0010635976,0.0,0.5496648,0.0,-0.44521683,0.0,0.6773512,0.0,-0.22867034,0.0,0.6040939,0.0,0.5181331,0.119885966,0.1538722,-0.15627277,0.48933727,-0.14074534,0.01569706,-0.039513562,"num_services, DeviceProtection_Yes, StreamingTV_Yes",0.5534129
0.02361663,0.10611877,0.021333523,1.2712342,-0.049841095,-0.010759644,0.18686932,0.35367256,0.93618065,1.1247277,-0.012109019,-0.06277891,-0.16985254,0.0,0.16896705,0.27503327,-0.0031580264,0.0,-0.07914724,0.0,-0.5776706,0.0,-0.31639916,0.0,-0.10996461,0.0,-0.3897158,0.0,-0.4877096,0.10393602,0.13978325,-0.1301855,0.65132946,-0.19956635,-0.1256106,0.13047408,"tenure, charge_per_service, num_services",0.94047457
-0.062976025,0.04407562,0.075040855,1.2650145,-0.023735069,0.072590575,0.2855441,0.2171123,-0.9711193,-0.14603665,-0.03269297,-0.25909266,0.20174024,0.0,-0.24312069,0.3783754,-0.0015564747,0.0,-0.10290734,0.0,0.6387293,0.0,0.583503,0.0,-0.20503666,0.0,0.4033146,0.0,0.5949723,0.17373025,0.27492625,0.49195886,-0.71319026,-0.16201107,-0.04098081,0.16929658,"tenure, num_services, PaymentMethod_Electronic check",0.9476803
-0.016912203,0.063665174,0.09779949,1.3845203,-0.08787832,-0.113766976,0.73495036,0.5945923,0.8722789,-0.71152335,-0.012165277,0.0974322,0.03413815,0.0,-0.29740274,-0.32149586,0.107984215,0.0,-0.037235595,0.0,-0.24208166,0.0,-0.2887494,0.0,-0.120698474,0.0,-0.39129746,0.0,-0.41175017,0.2002812,0.39705613,-0.10681185,-0.85085815,0.581614,-0.049896233,0.24222346,"tenure, num_services, PaymentMethod_Electronic check",0.79235584
0.025238933,0.12523887,0.090514466,-0.032635026,-0.03627363,0.09918023,-0.028936757,-0.61669594,-0.24907836,0.87590307,0.00553532,0.2826716,-0.038808957,0.0,0.44374514,0.27901825,-0.0015375055,0.0,-0.22814283,0.0,-0.45977932,0.0,-0.3991931,0.0,0.36066234,0.0,0.8856539,0.0,-0.55081224,0.09969627,0.14840573,-0.16936834,1.0383197,-0.15387145,0.051810086,-0.04607461,"PaymentMethod_Electronic check, StreamingTV_Yes, charge_per_service",0.85711837
-0.0028384556,0.12173974,0.03056442,-0.55845904,0.15323457,-0.13335575,-0.09576894,-0.65678555,-0.3990922,-2.0515518,0.014279068,0.13623272,-0.06001826,0.0,-0.26161024,-0.3732517,-0.0093041975,0.0,0.55806255,0.0,0.7169137,0.0,-0.4490388,0.0,0.09733753,0.0,0.11910527,0.0,-0.64827293,0.14977065,0.3174153,0.550626,-1.202294,-0.25031507,0.000702483,-0.11164369,"charge_per_service, PaymentMethod_Electronic check, OnlineBackup_Yes",0.013302091
-0.03415215,-0.24793267,0.0016099119,-0.41800824,-0.026091736,0.13453051,-0.17809267,-0.71479046,0.18034355,0.7471226,0.0075239395,-0.31295142,-0.015904048,0.0,0.30575675,0.45629573,-0.001399539,0.0,-0.044604708,0.0,0.574478,0.0,-0.2851724,0.0,-0.07346584,0.0,-0.58583426,0.0,-0.7903731,0.23127826,0.18982956,-0.18845318,-0.7467448,-0.060536128,0.013234297,-0.13319245,"StreamingMovies_Yes, charge_per_service, PaymentMethod_Electronic check",0.116651975
0.09026754,-0.2839261,0.035732873,-0.15664041,-0.03203459,-0.2692153,-0.4117265,-0.9209357,-0.04766662,0.89107645,0.018669594,-0.084745035,-0.07721202,0.0,0.27534547,0.36695868,-0.001002092,0.0,-0.091347225,0.0,0.7688667,0.0,-0.57348216,0.0,-0.1115122,0.0,-1.0393215,0.0,1.0390218,-0.534483,-0.13860363,-0.27096912,-0.8607275,0.6180539,0.00039121322,-0.09587303,"StreamingTV_Yes, StreamingMovies_Yes, TotalCharges",0.12944597
0.03193363,-0.26536283,-0.27646205,1.3263716,-0.044818696,-0.015004411,0.31317678,0.5396271,0.9626574,1.1811941,-0.0125935925,-0.052534185,0.05286227,0.0,0.23014404,0.32475442,-0.0031580264,0.0,-0.11379579,0.0,-0.5431792,0.0,-0.34878483,0.0,-0.11028416,0.0,-0.38285112,0.0,-0.4495707,0.09310394,0.14377035,-0.12421561,0.65291905,-0.17776288,-0.12607273,0.134885,"tenure, charge_per_service, num_services",0.94941175
-0.10782628,-0.3009419,-0.33422425,-0.9588002,0.26418182,0.079578675,-0.07564938,-0.7804473,0.26215053,-1.1067395,0.005880751,0.03407948,-0.042481758,0.0,-0.5387576,-0.36645442,-0.0031223898,0.0,0.5713507,0.0,-0.22936201,0.0,-0.27821407,0.0,0.463082,0.0,-0.354985,0.0,-0.40639934,0.0051648803,-1.2322178,0.92432904,-0.9682232,-0.15101828,0.00092287746,-0.1270552,"Contract_Two year, charge_per_service, PaymentMethod_Electronic check",0.0031380025
-0.06494158,-0.27056825,-0.12943973,-0.29555294,-0.006576074,-0.10434151,0.09434881,-0.31271166,-0.41006997,-1.1273665,0.020728659,0.13676903,-0.11014074,0.0,-0.4177766,-0.48728386,-0.0007095528,0.0,0.31557295,0.0,0.5839462,0.0,0.32531548,0.0,-0.12418543,0.0,-0.6474576,0.0,0.18722284,-0.035334148,-1.7365723,0.78725994,-1.020638,-0.14332898,-0.0046262587,-0.111998655,"Contract_Two year, charge_per_service, PaymentMethod_Electronic check",0.005944751
-0.006686915,-0.06600279,-0.31320807,0.22256644,-0.114027925,0.00062275754,0.7393118,0.16403535,0.8506993,-1.1111157,-0.018195719,0.14944299,-0.012770632,0.0,-0.5388058,-0.20527779,0.11545408,0.0,-0.07079092,0.0,-0.38914648,0.0,-0.31097028,0.0,-0.14687921,0.0,-0.3267192,0.0,-0.553371,-0.8268351,-0.3282822,-0.11015958,-0.97521234,0.58425206,-0.060509108,0.22468382,"charge_per_service, PaymentMethod_Electronic check, num_services",0.030986559
0.10639734,-0.06331246,0.10553572,-0.0224019,0.4213327,0.0066005373,0.35531944,0.028000822,0.6134259,-0.5613679,0.01761628,0.24228375,0.1336732,0.0,-0.29496637,-0.27999032,-0.009392139,0.0,0.7903848,0.0,-0.44720033,0.0,-0.30387294,0.0,-0.18240254,0.0,-0.52111286,0.0,0.6539239,0.11445044,0.35682797,-0.1485883,-0.60011643,-0.07805716,0.008932355,-0.13802154,"OnlineSecurity_Yes, StreamingMovies_Yes, num_services",0.57323813
-0.02607748,-0.17416854,0.07274167,0.4672489,-0.121032216,0.0037384636,0.41015813,-0.15339038,0.709154,-1.284845,-0.014221426,0.053012375,-0.024132932,0.0,-0.4128657,-0.2403663,0.11545408,0.0,-0.04717928,0.0,-0.29025528,0.0,-0.32177624,0.0,-0.08609194,0.0,-0.30757767,0.0,-0.3756468,0.15128867,0.35076532,-0.117225714,-1.0661751,0.56129974,-0.058985893,0.17128657,"charge_per_service, PaymentMethod_Electronic check, num_services",0.11257606
-0.0037622496,0.03938836,0.11468534,0.5143582,-0.14395362,-0.053388156,0.7616509,0.34917983,0.8919258,-1.1100035,-0.018933175,0.07808334,-0.014225965,0.0,-0.5419703,-0.15418261,0.11545408,0.0,-0.07307181,0.0,-0.4017868,0.0,-0.28563547,0.0,-0.15903322,0.0,-0.3507791,0.0,-0.5613928,-1.0412577,-0.18531168,-0.105066575,-1.0778832,0.5843807,-0.05896343,0.18168363,"charge_per_service, PaymentMethod_Electronic check, Contract_One year",0.061882548
0.39302063,-0.29735726,0.09295564,-0.64722466,-0.0759237,-0.24827419,0.33435953,-0.5152682,-0.64998776,-0.42194998,0.009963166,0.23530242,-0.20976461,0.0,0.20272003,-0.23901628,-0.0008540362,0.0,0.24358091,0.0,0.59631425,0.0,0.24508691,0.0,0.19622415,0.0,-0.52231425,0.0,-0.5253223,-0.3549985,-0.35482943,1.0485917,-1.2422364,-0.12360833,0.016507965,-0.112461194,"PaymentMethod_Electronic check, PaymentMethod_Credit card (automatic), num_services",0.050422005
-0.026717402,-0.29231548,-0.30754825,-0.7296274,-0.062855095,-0.05866912,0.4294992,0.16232906,0.6373198,-1.3468127,0.005020509,0.045600295,-0.02235063,0.0,-0.3799687,-0.5976467,0.12035155,0.0,-0.046235975,0.0,-0.30917513,0.0,-0.26932,0.0,-0.22938319,0.0,-0.2184226,0.0,-0.36995128,-0.009444156,-1.7214226,-0.14330295,-0.8742534,0.38778025,-0.05839293,-0.15090947,"Contract_Two year, charge_per_service, PaymentMethod_Electronic check",0.0015848941
-0.05234188,-0.17283428,-0.111535974,-0.22622062,-0.064014226,-0.07629709,0.37536356,-0.5450025,-0.2823525,-0.46442598,0.0068507884,0.018032016,-0.09361089,0.0,-0.25325394,-0.45934728,-0.0016198799,0.0,0.34493303,0.0,-0.20268698,0.0,-0.39522806,0.0,0.6795963,0.0,-0.51215184,0.0,-0.37502486,0.020882502,-1.2357577,-0.19860837,-0.6290645,-0.043084595,0.04073505,-0.08703134,"Contract_Two year, TechSupport_Yes, PaymentMethod_Electronic check",0.006666777
-0.009351337,-0.13994105,-0.019048423,-0.0116043845,-0.094304964,0.009043473,-0.14220534,-0.7921937,-0.8192286,-1.1041583,0.019140914,0.13418901,-0.005205553,0.0,-0.39196572,-0.3522386,-0.000876094,0.0,0.4072471,0.0,-0.5504571,0.0,0.5289742,0.0,0.03820578,0.0,-0.6693845,0.0,0.4277303,-0.4035985,-0.30412295,-0.14537413,-0.5847032,-0.15864639,-0.036623005,-0.1193724,"charge_per_service, num_services, TotalCharges",0.004972226
0.22920957,-0.0991875,0.050088264,-1.76841,-0.17161171,0.019193541,0.0148219615,-0.932989,0.43127814,-0.505995,0.0068698744,-0.18148613,-0.08535011,0.0,0.17010574,-0.41710302,0.058171347,0.0,-0.08514666,0.0,-0.4667169,0.0,-0.17615156,0.0,-0.22599462,0.0,-0.33620647,0.0,-0.55552804,0.027912144,-0.8302649,-0.11630674,-0.6722785,-0.051082056,-0.05769582,-0.14051174,"tenure, TotalCharges, Contract_Two year",0.0010299736
-0.0059685474,0.07348432,0.07522699,0.36093438,-0.14578003,0.0037589835,0.18838766,-0.37437114,0.8145459,-1.2035195,-0.014958884,0.057351287,-0.09131554,0.0,-0.4219209,-0.2169201,0.11545408,0.0,-0.06153938,0.0,-0.31845784,0.0,-0.31909028,0.0,-0.15607059,0.0,-0.23973072,0.0,-0.40275067,0.16486527,0.33261266,-0.07077856,-0.52191186,-0.10309988,-0.064978115,0.14041096,"charge_per_service, num_services, PaymentMethod_Electronic check",0.08203922
-0.00790281,-0.12062101,0.07219443,-0.19197701,-0.02793894,-0.08538436,-1.5168304,-0.27363205,-1.6418673,0.04885168,0.005525032,0.19108813,-0.16075492,0.0,-0.00047322334,0.29907492,-0.001002092,0.0,0.28037938,0.0,0.26462984,0.0,-1.1182787,0.0,-0.27125573,0.0,0.6958053,0.0,0.7178251,-0.39788812,-0.14106742,-0.17623302,-0.50566655,-0.029448362,0.0050176876,-0.083748676,"num_services, MonthlyCharges, DeviceProtection_Yes",0.015061978
-0.042096555,-0.16486454,0.028577616,-0.46565083,-0.037498083,0.12550598,-1.3631898,0.04112017,-2.1979742,0.15913093,0.0134614725,0.16675365,0.00072117586,0.0,0.19324353,0.343682,-0.00083869125,0.0,0.30306736,0.0,0.63666296,0.0,0.88708687,0.0,-0.36943614,0.0,0.7372987,0.0,0.7532918,0.005822411,0.1473579,-0.10298191,-0.36459488,-0.07558276,-0.0023768984,-0.06954837,"num_services, MonthlyCharges, DeviceProtection_Yes",0.326804
0.004841095,0.095664605,0.17154418,0.2711735,0.4414505,-0.09006943,0.06323757,0.19817613,0.35605302,-0.642794,-0.020318355,-0.08777025,0.069934875,0.0,-0.44693413,-0.37893882,-0.009847122,0.0,-0.12070815,0.0,-0.38223886,0.0,-0.45063573,0.0,-0.10375554,0.0,0.4495804,0.0,0.6584156,0.056583825,0.23008333,-0.19670904,0.7587797,-0.25924808,-0.04550766,0.10056941,"PaymentMethod_Electronic check, StreamingMovies_Yes, charge_per_service",0.66413695
-0.11191319,0.067901134,0.071422815,0.29856762,-0.20840664,0.008007541,-0.043625724,-0.6660317,-0.42554328,-1.3444682,-0.030268405,-0.2530264,0.060412686,0.0,-0.21572484,-0.4068269,-0.0015740781,0.0,-0.1283126,0.0,0.3199231,0.0,0.4020805,0.0,-0.129295,0.0,0.45075768,0.0,-0.6756991,0.1440312,0.19138116,-0.22618578,0.60953504,-0.34101278,-0.039654203,0.07631022,"charge_per_service, StreamingMovies_Yes, TotalCharges",0.07202008
-0.0035864944,0.08141002,0.025496002,-0.4620869,-0.042480927,0.097321495,0.071354575,-0.6198848,0.08963291,0.14223753,0.02140022,0.13982682,-0.18433432,0.0,-0.17395367,-0.48759332,-0.0047808792,0.0,0.3099412,0.0,-0.6040409,0.0,-0.30614907,0.0,-0.10039792,0.0,-0.68100303,0.0,-0.44356072,0.14682543,0.21299744,-0.29494494,-1.0600492,0.2721986,0.02528778,-0.12025733,"PaymentMethod_Electronic check, StreamingTV_Yes, TotalCharges",0.018669821
0.012145995,-0.16913559,0.024303444,-0.29324424,-0.033217963,0.08028828,0.21883386,-0.23866792,0.52905035,0.586038,0.0072618937,-0.06959417,0.06280951,0.0,0.18497188,0.33385992,-0.0013412217,0.0,-0.09485784,0.0,-0.34064937,0.0,0.566238,0.0,-0.11797981,0.0,-0.83799386,0.0,-0.66296756,0.11444932,0.13020065,-0.17991665,0.8851426,-0.097598866,-0.015897015,-0.056239586,"PaymentMethod_Electronic check, StreamingTV_Yes, StreamingMovies_Yes",0.62655485
-0.03851647,-0.23838001,-0.22287974,-1.4510192,-0.052812736,-0.051574513,0.37175864,-0.47310698,0.63782513,-1.5224438,0.0059905457,0.041120905,0.00613789,0.0,-0.42679858,-0.39357275,0.12035155,0.0,-0.08780426,0.0,-0.41011858,0.0,-0.24409392,0.0,-0.20420401,0.0,-0.27970535,0.0,-0.3520025,-0.017985944,-1.7397361,-0.17496076,-0.79797155,0.35900235,-0.05844298,-0.14124805,"Contract_Two year, charge_per_service, tenure",0.00039115408
0.054135427,-0.30554515,0.09753149,-0.07558192,-0.07264109,-0.071003266,0.2845318,-0.22386588,0.912585,0.47419667,0.005128964,-0.09285411,0.16533005,0.0,-0.23066211,-0.25748742,-0.0047808792,0.0,-0.17470282,0.0,-0.2852291,0.0,-0.35149997,0.0,-0.15773039,0.0,-0.40163916,0.0,-0.63552386,-0.33309728,-0.021542992,-0.20080426,1.0001093,-0.1567884,0.11986172,-0.18393667,"PaymentMethod_Electronic check, num_services, StreamingMovies_Yes",0.24373081
0.010555076,-0.20099601,-0.2522561,-0.7081697,-0.12103201,-0.01591531,0.76421565,-0.03230125,0.9602712,-1.1196717,0.0059905457,0.12452747,-0.018434502,0.0,-0.45628104,-0.49392727,0.12745844,0.0,-0.15035845,0.0,-0.30533653,0.0,-0.13826594,0.0,-0.17318644,0.0,-0.2997238,0.0,-0.5677601,-0.28352943,-0.39740255,-0.040592384,-0.5891974,-0.02238985,0.33484593,-0.172502,"charge_per_service, num_services, MonthlyCharges",0.014200275
-0.01611755,-0.06449429,-0.4405713,1.176087,-0.030902678,0.061908595,-0.3758291,0.51982325,-1.1638685,0.38323516,-0.012489711,0.041089162,-0.10488805,0.0,0.23760486,0.19708551,-0.0013248288,0.0,0.3078706,0.0,-0.42043573,0.0,0.9234344,0.0,-0.1589852,0.0,0.14087191,0.0,0.4793495,0.10514943,0.13403037,-0.10072921,0.55479586,-0.14820991,-0.015517882,0.088941835,"tenure, num_services, DeviceProtection_Yes",0.90788543
0.014978049,0.10099338,0.043633856,1.0602424,-0.03917353,0.0021819961,0.2600375,0.27305347,0.886916,1.158811,-0.011716567,-0.09246926,-0.059650134,0.0,0.37151092,0.29382312,-0.0033052235,0.0,-0.021977577,0.0,-0.34373316,0.0,-0.30089363,0.0,-0.18805388,0.0,-0.46431854,0.0,-0.5349166,0.10507599,0.20267318,0.5729426,-0.7103112,-0.15466471,-0.10581266,0.22138384,"charge_per_service, tenure, num_services",0.92611134
-0.0155362105,-0.1274044,-0.2726678,1.3540907,-0.17897663,-0.11873375,0.6836389,0.58698606,0.8563859,-1.1090618,-0.01142782,0.09775029,-0.05025144,0.0,-0.27838376,-0.39055076,0.107984215,0.0,-0.05905714,0.0,-0.19263472,0.0,-0.32818672,0.0,-0.13619909,0.0,-0.3440162,0.0,-0.48153552,0.16423188,0.3217769,-0.1470296,0.5259088,-0.17570122,-0.075303294,0.122821964,"tenure, charge_per_service, num_services",0.57934624
-0.017819963,0.068087816,0.040503018,1.1411121,-0.10488445,0.26943707,0.5231406,0.6140042,0.7248949,-2.939818,-0.017756745,0.09150376,-0.1685186,0.0,-0.29737005,-0.3628678,0.107984215,0.0,-0.078784436,0.0,-0.3179545,0.0,-0.364027,0.0,-0.11165847,0.0,-0.45479712,0.0,-0.32714158,0.22205453,0.35738924,-0.11437484,-1.0617073,0.66102904,-0.061557684,0.14884463,"charge_per_service, tenure, PaymentMethod_Electronic check",0.1370654
0.006295044,0.14556883,0.041194286,-0.5779692,-0.11310709,0.04845182,0.61311394,0.22323686,0.8915843,-1.4339947,0.006870647,0.11920356,-0.062084857,0.0,-0.505436,-0.3701666,0.12745844,0.0,-0.14304101,0.0,-0.38205007,0.0,-0.18073696,0.0,-0.20179664,0.0,-0.13701703,0.0,-0.582631,-0.2495048,-0.35391378,0.44669503,-1.2646378,-0.2392116,-0.042569354,-0.14569116,"charge_per_service, PaymentMethod_Electronic check, num_services",0.013064389
0.0022981837,0.09170137,0.055471163,0.8652001,-0.038391337,-0.0949999,0.2673003,0.060827926,0.17282279,0.41547105,-0.008933069,-0.14664581,-0.061682574,0.0,-0.3022542,0.24907602,-0.0038033887,0.0,0.022016622,0.0,-0.24754699,0.0,-0.33699304,0.0,-0.17953908,0.0,0.63439554,0.0,-0.6130489,0.19518656,0.21141283,-0.17669764,-0.713927,0.52603614,-0.014550217,0.24239764,"tenure, PaymentMethod_Electronic check, StreamingTV_Yes",0.74341124
0.036069613,0.09501555,0.050285622,0.45400557,-0.05337126,-0.011167341,0.31092355,0.5404868,1.0197427,0.79189205,-0.020634536,-0.021274216,0.17386486,0.0,0.32234782,0.25212565,-0.0033052235,0.0,-0.02850488,0.0,-0.52701676,0.0,-0.36056638,0.0,-0.23364815,0.0,-0.42687973,0.0,-0.47647944,0.05430406,0.13615093,-0.13235122,0.7517691,-0.15443821,-0.086105764,0.11586852,"num_services, charge_per_service, PaymentMethod_Electronic check",0.9282614
-0.15823278,0.13265398,0.08419978,0.17744441,-0.039071232,0.112704284,-0.14849952,-0.40810922,-0.38901573,0.78997445,0.0074502174,-0.22375497,-0.035534773,0.0,0.30456537,0.30943862,-0.0014324219,0.0,-0.13920565,0.0,0.547653,0.0,-0.5253431,0.0,-0.118156694,0.0,0.7065499,0.0,-0.80484724,0.11023527,0.11912595,-0.17548852,0.90796983,-0.17824827,0.04412574,-0.045181602,"PaymentMethod_Electronic check, StreamingMovies_Yes, charge_per_service",0.7221481
-0.18031026,0.09895319,-0.0031258091,-0.3679124,-0.035372745,-0.13787133,0.30954129,-0.12077947,0.6549129,0.9040689,0.007264086,-0.059828002,0.029118244,0.0,-0.34051755,0.2337788,-0.0015629514,0.0,-0.22165926,0.0,-0.36847332,0.0,0.6038167,0.0,-0.15371327,0.0,-0.8862604,0.0,-0.49168918,0.07254027,0.12070558,-0.20642261,0.86063665,-0.14743963,0.035343207,-0.047197107,"charge_per_service, StreamingTV_Yes, PaymentMethod_Electronic check",0.53785676
0.007825556,0.0579079,0.041556925,0.06700249,-0.27345204,-0.023467487,1.112481,0.22121978,0.80900335,-2.647648,0.006870647,0.10417707,-0.056732606,0.0,-0.48546392,-0.3426521,0.12745844,0.0,-0.18094997,0.0,-0.20622388,0.0,-0.32668552,0.0,-0.2152556,0.0,-0.40211034,0.0,-0.44418618,0.09218719,0.25668088,-0.14578569,1.0477105,-0.19811277,0.0753979,-0.08750221,"charge_per_service, MonthlyCharges, PaymentMethod_Electronic check",0.117369995
-0.0074164975,0.15969929,0.07642465,-0.6007561,-0.031901553,0.15778589,-0.11048985,-0.32855153,-0.08590838,0.7450843,0.021770721,-0.1409769,-0.13816479,0.0,-0.31021932,0.2769707,-0.0014578677,0.0,-0.100075595,0.0,0.91343194,0.0,0.5534874,0.0,-0.09942213,0.0,-0.73237294,0.0,-0.54763734,0.12053813,0.10945248,-0.15658067,0.7480824,-0.15376867,0.052856605,-0.046773843,"OnlineBackup_Yes, PaymentMethod_Electronic check, charge_per_service",0.5828012
-0.008036135,0.11407757,-0.5144887,0.047003273,-0.104640104,0.026440501,0.35485247,0.13034543,0.9992323,-0.97863805,-0.027096206,0.2147952,-0.007143499,0.0,0.38286537,-0.34242848,0.11894358,0.0,-0.07072363,0.0,-0.27800927,0.0,-0.32273856,0.0,-0.1926811,0.0,-0.32215032,0.0,-0.31023315,0.10614923,0.28975603,0.5886277,-0.96951175,-0.2531724,-0.064988345,0.10278503,"num_services, charge_per_service, PaymentMethod_Electronic check",0.21422689
-0.012284016,0.08846226,0.07312086,-0.008304356,-0.13317004,-0.020649625,0.19244848,0.29048225,0.55320716,-0.9185669,-0.01657606,0.1520308,-0.027210021,0.0,-0.43917418,-0.202794,0.11545408,0.0,-0.05142919,0.0,-0.41971806,0.0,-0.32146758,0.0,-0.08288595,0.0,-0.3391605,0.0,-0.4034784,0.19963785,0.35546938,-0.19063927,-1.1298794,0.5175772,-0.052841958,0.13004376,"PaymentMethod_Electronic check, charge_per_service, num_services",0.10802053
0.038436,-0.3096517,-0.5545693,1.2699549,-0.03679907,-0.025475038,0.26827216,0.8615533,0.59176654,0.965971,-0.019046979,-0.052563775,-0.008084503,0.0,-0.4222927,0.33810994,-0.0015175454,0.0,-0.10268587,0.0,-0.4558236,0.0,-0.31063658,0.0,-0.0474187,0.0,-0.5218916,0.0,0.75055254,0.08801387,0.15813182,-0.116865985,0.5906881,-0.14650236,-0.039867073,0.10684884,"tenure, charge_per_service, TotalCharges",0.9452039
0.0046754847,0.11007534,0.0070957667,-0.5837903,-0.05942086,0.073140524,0.26233447,-0.2947821,0.35567623,0.06343883,0.022370258,-0.07258137,-0.10193987,0.0,0.18627529,-0.54612464,-0.0013741048,0.0,-0.16422291,0.0,-0.42554244,0.0,0.69029766,0.0,-0.08575367,0.0,-0.75726753,0.0,-0.6440991,0.1791593,0.17101163,-0.09492457,-0.7862067,-0.073770404,0.02592173,-0.14603008,"PaymentMethod_Electronic check, StreamingTV_Yes, DeviceProtection_Yes",0.06325812
-0.05600862,-0.24134366,-0.25423068,-0.4511647,-0.06089453,-0.08761569,0.15354249,-1.3149085,-0.4287054,-1.4342206,0.017227627,0.11291373,0.07041987,0.0,-0.2877691,-0.37836173,-0.0008939784,0.0,0.29166365,0.0,0.69592905,0.0,0.4491264,0.0,-0.09808256,0.0,-0.62871623,0.0,-0.47541738,-0.020754568,-1.5310831,-0.2090103,-0.5652006,-0.028058255,-0.0041020885,-0.1179385,"Contract_Two year, charge_per_service, TotalCharges",0.0010143584
0.02054,-0.07858024,0.099441856,-0.8029039,-0.036257867,-0.015700717,0.44060937,0.14321241,-1.3808585,0.08529624,0.005579306,-0.00084994605,0.16697583,0.0,0.23318377,0.18750587,-0.0008079108,0.0,0.35869032,0.0,-0.21790491,0.0,0.6488521,0.0,0.64873755,0.0,0.47643518,0.0,0.5277024,-0.062946305,-0.4361199,0.58966005,-0.8175765,-0.07447284,0.012631352,-0.109060176,"num_services, PaymentMethod_Electronic check, tenure",0.6461565
0.0089216465,-0.18011609,-0.22083491,-0.5122699,-0.0850068,0.02391447,0.6748048,-0.25561726,0.7915806,-1.1143055,0.005020509,0.12150208,-0.003838826,0.0,-0.48892117,-0.5536106,0.12745844,0.0,-0.0937379,0.0,-0.28404742,0.0,-0.26964167,0.0,-0.17779158,0.0,-0.309987,0.0,-0.48690283,-0.29332766,-0.3541059,-0.16873825,-0.94120264,0.45483834,-0.078579485,-0.13591513,"charge_per_service, PaymentMethod_Electronic check, num_services",0.008087761
0.06657747,0.15892184,0.06230794,1.0185641,-0.032632165,0.11867209,0.057571873,0.6316014,0.32012784,0.2366792,-0.02779254,-0.35018063,-0.09481017,0.0,0.41715673,-0.28522238,-0.0037294892,0.0,-0.1428671,0.0,0.48245767,0.0,-0.44836956,0.0,-0.067788236,0.0,-0.28591824,0.0,-0.5692933,0.08767342,0.19902083,0.6811063,-0.7618532,-0.2640684,-0.04144682,0.19093663,"tenure, PaymentMethod_Electronic check, PaymentMethod_Credit card (automatic)",0.7932415
0.021504184,0.100193456,0.11362489,0.83556426,-0.12026554,-0.16554494,0.29868802,0.5841655,-0.057166588,-0.287895,-0.010996439,0.2753555,0.21606386,0.0,0.28449377,-0.4714321,-0.003811851,0.0,-0.24835426,0.0,-0.23940186,0.0,-0.28212833,0.0,0.69997615,0.0,0.64966273,0.0,-0.6549155,0.07586875,0.19561765,-0.20347592,0.61137635,-0.24127555,-0.01957197,0.1068154,"tenure, TechSupport_Yes, StreamingMovies_Yes",0.88634187
-0.020097835,-0.1433326,0.06763432,-1.7560035,-0.14731736,0.029090172,-0.060209956,-0.71386564,0.5148944,-0.44480288,0.0058998372,-0.15741795,0.01862032,0.0,0.2189668,-0.440344,0.058171347,0.0,-0.055909935,0.0,-0.41698486,0.0,-0.225531,0.0,-0.21122333,0.0,-0.44234627,0.0,-0.43734866,0.023952069,-0.9485049,0.738623,-1.1948287,-0.20064953,-0.046046253,-0.14000392,"tenure, PaymentMethod_Electronic check, Contract_Two year",0.0014485498
-0.007512739,0.08260714,0.04334977,-0.13627118,-0.15225267,-0.042273402,0.53220797,-0.028107632,0.67186815,-2.8954523,-0.02419758,0.05715358,-0.12225654,0.0,-0.45592076,-0.2567872,0.12745844,0.0,-0.07091888,0.0,-0.3090967,0.0,-0.3974089,0.0,-0.17763788,0.0,-0.43873817,0.0,-0.31808633,0.1699576,0.30985358,-0.137344,-1.1105051,0.6633808,-0.063460074,0.12566786,"charge_per_service, PaymentMethod_Electronic check, num_services",0.012498743
-0.15129627,-0.039606284,0.04352993,-0.2868432,-0.037868693,0.06674664,-0.09714701,-0.11860226,-1.2760994,0.08527697,0.0134614725,-0.21845432,0.11518798,0.0,0.33485487,0.25325456,-0.00083869125,0.0,-0.09461563,0.0,0.67707217,0.0,0.5685084,0.0,-0.14090079,0.0,0.80236876,0.0,0.5976616,0.06776997,0.11797095,-0.16073388,0.6058176,-0.13574466,-0.011946453,-0.03638847,"num_services, StreamingTV_Yes, OnlineBackup_Yes",0.82252777
-0.081809916,-0.24502164,-0.36216837,-1.2418212,-0.022202732,-0.031583223,-0.14373587,-0.45041668,-0.94413185,-0.8429343,0.0134614725,0.11896592,0.110661566,0.0,-0.3162605,-0.48811507,-0.0013311765,0.0,0.3531333,0.0,0.6054007,0.0,-0.29735383,0.0,0.112007156,0.0,0.37171197,0.0,0.3331454,0.014638075,0.2805525,0.9234633,-1.0280747,-0.1924213,0.009954334,-0.11669538,"tenure, PaymentMethod_Electronic check, num_services",0.027443245
-0.025092695,-0.14781252,-0.20235474,-1.3505878,-0.0285752,0.063500196,0.06834523,-0.5684189,-0.33984974,0.36873204,0.020728659,0.33074713,0.030373896,0.0,0.23688097,0.17471373,-0.00077185105,0.0,-0.13314317,0.0,0.6942004,0.0,0.35619766,0.0,-0.06257451,0.0,-0.7088837,0.0,0.5201227,0.055513863,-0.42536643,0.42752567,-0.83512825,-0.08632394,-0.012170148,-0.1398123,"tenure, PaymentMethod_Electronic check, StreamingTV_Yes",0.15082934
-0.035342533,0.0712422,0.07733193,-0.1271453,-0.028354932,-0.4259929,-0.15516885,-0.60391146,-0.41029564,0.24125522,0.008748118,0.2948955,-0.0412187,0.0,-0.43531597,0.17561741,-0.0019305871,0.0,0.29958767,0.0,0.66165906,0.0,-0.45251766,0.0,-0.15530074,0.0,-0.62409383,0.0,-0.7135368,0.14432535,0.16590096,-0.20528033,0.7328749,-0.12271645,0.004402489,-0.050548676,"PaymentMethod_Electronic check, StreamingMovies_Yes, OnlineBackup_Yes",0.15191528
-0.020705193,0.13045731,0.008019425,-0.53724426,-0.0406671,0.09558286,-0.22170345,-0.1672515,-0.062273752,0.62602675,0.021097163,0.1127433,-0.02852209,0.0,-0.55848145,0.30895722,-0.001414047,0.0,-0.26844406,0.0,-0.47493055,0.0,0.797587,0.0,0.5055008,0.0,-0.69213474,0.0,-0.47497603,-0.0033879306,-1.2737834,-0.15972453,0.8967011,-0.13123237,0.037275843,-0.04652628,"Contract_Two year, PaymentMethod_Electronic check, DeviceProtection_Yes",0.16351816
0.017252082,0.08699064,0.041618794,1.2084523,-0.053222187,0.078783676,0.1018875,0.35611567,0.31028914,0.056442123,-0.022468165,-0.014428883,0.05884696,0.0,-0.07513852,-0.34782663,-0.00367841,0.0,-0.110812806,0.0,-0.42118406,0.0,0.9352492,0.0,-0.044253383,0.0,-0.5601705,0.0,-0.5558648,0.09335939,0.15589675,-0.15599418,0.70882,-0.30268872,-0.0124906525,0.11578869,"tenure, DeviceProtection_Yes, PaymentMethod_Electronic check",0.8370913
0.0056997,0.10154566,0.030438086,0.36948717,-0.12830423,-0.06148216,0.5333034,0.07467092,0.83254975,-1.3346289,0.009402612,0.12683965,0.011584634,0.0,-0.5015188,-0.2562033,0.12745844,0.0,-0.06547372,0.0,-0.22229503,0.0,-0.31407544,0.0,-0.18281795,0.0,-0.36781958,0.0,-0.6160107,-0.3001189,-0.324519,-0.19356982,-1.1746589,0.6052023,-0.0077020256,-0.12854905,"charge_per_service, PaymentMethod_Electronic check, num_services",0.03355652
-0.013110191,0.06523555,0.07067846,0.18244527,-0.04122215,0.0475917,0.13050187,0.3279676,-0.32492438,1.0933973,-0.016052388,-0.025232237,0.13937865,0.0,-0.39280403,0.39759764,-0.0021557235,0.0,-0.12770528,0.0,-0.40553045,0.0,-0.35996717,0.0,-0.094805256,0.0,1.0081201,0.0,0.66094095,0.15009859,0.21966052,-0.13642715,-0.7599305,0.7654051,-0.020480499,0.17420997,"charge_per_service, StreamingTV_Yes, PaymentMethod_Mailed check",0.9372655
0.008149619,0.019721676,0.08577375,-0.22592123,-0.038552806,0.016362214,0.13898222,0.12873127,0.15252337,0.6092212,-0.037702408,0.1321031,-0.21135171,0.0,0.29271504,0.25146145,-0.004182846,0.0,0.20243356,0.0,-0.49914894,0.0,-0.31068864,0.0,-0.21406494,0.0,-0.80628777,0.0,-0.5943196,0.068859756,0.1360423,-0.17623089,0.84018815,-0.08392303,-0.020388445,0.09036197,"PaymentMethod_Electronic check, StreamingTV_Yes, charge_per_service",0.48551434
0.010009325,-0.205589,0.038072966,-0.4696019,-0.10358772,0.010167663,0.7428963,-0.36664972,0.87119013,-1.129707,0.005020509,0.12476898,-0.006516138,0.0,-0.49389467,-0.43093526,0.12745844,0.0,-0.09254252,0.0,-0.30894476,0.0,-0.22476213,0.0,-0.18201037,0.0,-0.33668214,0.0,-0.4850107,-0.34489837,-0.34195873,-0.18741116,-1.1298231,0.46924788,-0.08097398,-0.1366944,"PaymentMethod_Electronic check, charge_per_service, num_services",0.009301941
0.0029442988,-0.15364617,0.045053024,-0.21643981,-0.026112253,0.037528217,-0.16609547,-0.95249057,0.28761238,0.5966177,0.009558913,-0.1018495,-0.18000479,0.0,0.46023408,0.32971832,-0.0010217831,0.0,-0.11070148,0.0,-0.6173614,0.0,-0.38271385,0.0,-0.118832424,0.0,-0.94199,0.0,0.47161546,0.0798533,0.14506795,-0.21646734,0.7596071,-0.120999955,0.09772079,-0.053832605,"TotalCharges, StreamingTV_Yes, PaymentMethod_Electronic check",0.25994498
0.014607627,0.065361105,0.060640067,-0.057085875,-0.025374345,0.04754979,-0.24751872,-0.55093586,-1.4094588,-0.29468545,0.008029698,0.17793742,-0.14018838,0.0,-0.37024534,0.28590894,-0.0015002573,0.0,0.13892339,0.0,0.74835664,0.0,-0.4793461,0.0,-0.22434619,0.0,0.57277983,0.0,0.72346884,-0.14770585,-0.14860678,0.70410377,-0.91605663,-0.07254086,-0.0044338764,-0.077839926,"num_services, PaymentMethod_Electronic check, OnlineBackup_Yes",0.16396347
-0.01776234,0.1057597,0.05887884,1.3351479,-0.09021409,0.16032669,0.9373062,0.8926564,0.8166353,-0.7116282,-0.017756745,0.09669291,-0.054905728,0.0,-0.2975332,-0.31459805,0.107984215,0.0,-0.06211129,0.0,-0.31357482,0.0,-0.33201385,0.0,-0.109853625,0.0,-0.41878054,0.0,-0.36439407,0.23983648,0.4011998,-0.1413552,-0.8786008,0.58423954,-0.054562237,0.24301252,"tenure, MonthlyCharges, TotalCharges",0.8570749
-0.017021718,0.06781527,0.056676984,1.4278562,-0.08809122,-0.0762777,0.38391533,0.54146796,0.9445641,-1.555352,-0.012165277,0.097577326,0.2626034,0.0,-0.29821578,-0.32149586,0.107984215,0.0,-0.03775768,0.0,-0.2700436,0.0,-0.28754738,0.0,-0.15452956,0.0,-0.39129746,0.0,-0.42394283,0.22483832,0.3935176,-0.1466163,-0.8509959,0.5437312,-0.045752123,0.24818243,"charge_per_service, tenure, num_services",0.57805663
-0.117243275,-0.16878763,-0.0026625448,-0.49432495,-0.0667361,-0.043896858,0.21177377,-0.00835981,-1.0410362,-1.179252,0.006197011,0.06863192,-0.21620706,0.0,0.24252704,-0.56587917,-0.00069516455,0.0,0.20501214,0.0,0.39695334,0.0,-0.29932746,0.0,0.22824387,0.0,0.33975583,0.0,0.51758033,-0.07011558,-1.3275036,-0.16526374,-0.56894606,-0.027937531,0.0093048755,-0.12181312,"Contract_Two year, charge_per_service, num_services",0.0138048455
0.0076332046,0.13703042,-0.014572463,-0.44017574,-0.11013894,-0.13006057,0.092731886,-0.80244154,-0.9891764,-1.2092485,0.0055798963,0.1782778,0.032159723,0.0,-0.22409475,-0.56410265,-0.0013488133,0.0,0.64135265,0.0,-0.5240855,0.0,-0.3531358,0.0,0.41404745,0.0,0.42083654,0.0,0.53002673,-0.24045914,-0.28573757,-0.10802471,-0.6973548,-0.20574674,-0.090095796,-0.120124824,"charge_per_service, num_services, TotalCharges",0.009384417
0.029005677,0.08362372,0.09717205,0.019653646,-0.032445442,0.07693938,-1.1309249,0.18104832,-0.7263513,0.49256003,0.007014607,0.27409196,-0.12431188,0.0,0.2635642,0.21960178,-0.003616042,0.0,0.3141058,0.0,0.6227436,0.0,-0.53472465,0.0,-0.15368292,0.0,0.7848625,0.0,-1.0947886,0.11989312,0.14038564,-0.1766784,0.87253535,-0.10107053,0.01536021,-0.050043464,"MonthlyCharges, StreamingMovies_Yes, PaymentMethod_Electronic check",0.61696744
-0.13982452,0.12195225,-0.02692864,-0.3701201,-0.039878823,-0.11626428,0.18273607,0.22866759,0.9507837,0.6881991,0.00478708,-0.08834668,-0.13049024,0.0,-0.3212329,0.41801035,-0.0020027878,0.0,-0.0971735,0.0,-0.41460568,0.0,-0.192527,0.0,-0.11042553,0.0,-0.5253538,0.0,-0.3699678,0.20564215,0.20588416,0.60500324,-1.0068395,-0.13957042,0.24496037,-0.0862834,"PaymentMethod_Electronic check, num_services, charge_per_service",0.4182319
-0.050983965,-0.17292565,0.072838925,-1.7931591,-0.15694283,-0.10847203,0.047863025,-1.0063401,0.57764006,-0.41204092,0.0059905457,-0.13943289,-0.053963114,0.0,0.17498182,-0.44905934,0.058171347,0.0,-0.099974245,0.0,-0.46288526,0.0,-0.2050502,0.0,-0.22223395,0.0,-0.3987176,0.0,-0.50955963,0.0015131775,-0.98655903,0.6956318,-1.254417,-0.1991511,-0.0324953,-0.14026566,"tenure, PaymentMethod_Electronic check, TotalCharges",0.00072484714
-0.020920707,-0.016095288,0.018851716,0.16962376,-0.041552924,-0.11080152,0.20358291,0.2967348,-0.19332266,0.6062569,-0.045557495,-0.09256834,0.16521293,0.0,-0.5331587,0.36288154,-0.0015858074,0.0,-0.12733643,0.0,-0.3509633,0.0,0.60670686,0.0,-0.18340313,0.0,-0.98915136,0.0,0.62392473,0.065399334,0.14718927,-0.10836027,0.70547056,-0.15561742,-0.027796611,0.10590628,"StreamingTV_Yes, PaymentMethod_Electronic check, StreamingMovies_Yes",0.7447343
0.027695905,0.11274504,0.054431997,-0.28106067,-0.0439678,0.12115079,-0.09285579,-0.62424,-0.30253512,0.7693882,0.006550411,-0.12302191,-0.03576499,0.0,-0.52509755,0.30145735,-0.0015363169,0.0,-0.21087465,0.0,-0.46796256,0.0,-0.53006476,0.0,-0.083128,0.0,0.9120849,0.0,0.49324888,0.08543296,0.14466189,-0.15152414,0.8375452,-0.15712582,0.042747486,-0.043498028,"StreamingTV_Yes, PaymentMethod_Electronic check, charge_per_service",0.5562747
-0.017342517,0.07226924,0.08129534,0.6005492,-0.12107352,0.008036382,0.056170337,-0.30849785,0.71871847,-1.8804204,-0.013782453,0.113168456,0.048428,0.0,-0.40109694,-0.3195296,0.11545408,0.0,-0.038857207,0.0,-0.4236389,0.0,-0.3771226,0.0,-0.16310512,0.0,-0.37672633,0.0,-0.43648687,0.19208124,0.36382306,-0.15938306,-1.0355031,0.56763226,-0.05081584,0.14079957,"charge_per_service, PaymentMethod_Electronic check, num_services",0.045054413
0.02610426,0.09566159,0.11570725,0.3257121,-0.13579835,-0.18156388,0.09890109,0.029093735,-0.3888441,-0.5796741,-0.09127849,-0.3273392,-0.054264016,0.0,-0.238481,-0.3669808,-0.0042276545,0.0,-0.19154559,0.0,0.44566035,0.0,-0.51053405,0.0,-0.14767718,0.0,0.47602808,0.0,-0.63909984,0.08228364,0.21399876,-0.2212672,0.8244117,-0.2735507,-0.0361763,0.09316122,"PaymentMethod_Electronic check, StreamingMovies_Yes, charge_per_service",0.17215858
-0.050645787,-0.25859922,-0.47948936,-0.9602744,-0.059636865,-0.00095095753,0.46265042,-1.9210908,-0.25851053,-0.7513767,0.017227627,0.04136648,0.07390719,0.0,-0.213142,-0.32569388,-0.0015147962,0.0,0.2567968,0.0,0.3188138,0.0,-0.58540434,0.0,-0.18469845,0.0,-0.6101226,0.0,-0.6175832,-0.04180479,-1.4447156,-0.22499724,-0.5788233,-0.050272703,-0.0021479998,-0.089048564,"TotalCharges, Contract_Two year, tenure",0.00019377736
-0.0015206924,-0.12911926,-0.23667294,-0.5118844,-0.11464783,0.025622597,-0.02543591,-0.37550423,-0.86204034,-1.3268063,0.0134614725,0.303509,0.06021305,0.0,-0.33507714,-0.4246737,-0.0013311765,0.0,-0.22642253,0.0,0.4578843,0.0,-0.63064486,0.0,0.03661449,0.0,0.3290647,0.0,0.4774344,0.006037429,0.2107907,-0.1792619,0.59069,-0.2049589,0.041365713,-0.05084061,"charge_per_service, num_services, DeviceProtection_Yes",0.04339773
0.0084427735,0.11359172,0.16852678,-0.5008731,0.47957474,-0.019366944,0.21014626,0.31429306,1.3339782,-0.56637496,0.008432575,0.26746646,-0.113682754,0.0,-0.33846885,-0.34428462,-0.012569474,0.0,-0.22946541,0.0,-0.44822916,0.0,-0.21284044,0.0,0.5404215,0.0,-0.4288575,0.0,-0.39596996,0.057128258,0.1763472,-0.253379,0.7795676,-0.16973688,0.12246945,-0.08097904,"num_services, PaymentMethod_Electronic check, charge_per_service",0.6121791
-0.01488475,0.08587424,-0.15657564,-0.031989243,-0.046993714,-0.260941,0.29766,-0.57077026,-0.8765456,-0.9606771,0.019143108,0.119009055,-0.10829459,0.0,-0.311857,-0.48710728,-0.0011308234,0.0,0.4283011,0.0,-0.49651888,0.0,0.44761837,0.0,-0.16297759,0.0,-0.7846593,0.0,0.63532263,-0.31039384,-0.31567448,-0.14539143,-0.81710565,0.41816875,-0.04135984,-0.11129438,"charge_per_service, num_services, PaymentMethod_Electronic check",0.01024293
0.0055191694,-0.16538942,-0.14603451,-0.39277372,-0.02906315,-0.0012981109,0.28921187,-0.5750722,0.83976924,0.4269348,0.004786307,-0.085328445,0.057615515,0.0,0.23760971,0.48704755,-0.0015046225,0.0,-0.10226552,0.0,-0.4310032,0.0,-0.18584952,0.0,-0.15809835,0.0,-0.5569903,0.0,-0.40878195,0.20373146,0.18039224,-0.10631572,-0.6230488,-0.044495016,0.052640177,-0.11179567,"num_services, PaymentMethod_Electronic check, TotalCharges",0.20608668
0.14753115,-0.29948673,0.11854357,1.0729293,0.36803925,-0.13084821,0.16836976,0.5813211,1.2122649,0.34882239,-0.010718623,-0.07859773,0.06828424,0.0,-0.026990175,-0.36471727,-0.0057204627,0.0,-0.09972013,0.0,-0.19916989,0.0,-0.30624342,0.0,-0.102760606,0.0,-0.5213361,0.0,-0.5415382,0.10497284,0.15913801,-0.12796263,0.7942735,-0.21383472,-0.05995902,0.14000353,"num_services, tenure, PaymentMethod_Electronic check",0.89899087
-0.101193756,-0.09770506,-0.00934733,-1.5248734,-0.043726295,0.17765862,-0.15590486,-0.67847073,-1.4029642,-1.1579103,0.012789493,-0.026510194,0.062305875,0.0,0.1851084,-0.3661595,-0.0006027703,0.0,0.39829725,0.0,0.4573958,0.0,0.33472624,0.0,0.3138727,0.0,0.35351223,0.0,0.48109332,-0.14243862,-1.513081,0.83375204,-1.2250255,-0.10877674,0.0014072462,-0.118226096,"tenure, Contract_Two year, num_services",0.0062442794
-0.03465343,-0.05078755,-0.56581986,-1.5380546,-0.03278987,0.02088313,-0.9727463,-0.75868917,-1.4088688,0.20767419,0.0134614725,0.1981667,0.014611388,0.0,0.2083984,0.23933206,-0.001002092,0.0,0.25040984,0.0,0.39873216,0.0,-1.0291629,0.0,-0.26433337,0.0,0.7087893,0.0,0.3238182,-0.023901569,0.116402835,-0.26251146,0.5080305,-0.0807343,-0.0061635803,-0.044033997,"tenure, num_services, DeviceProtection_Yes",0.020344932
0.041094534,-0.07341544,0.040727172,-0.19238228,-0.038242504,0.11441603,-0.23634914,-0.63271475,-1.530074,0.039833993,0.0134614725,-0.24925716,-0.041442603,0.0,0.35435215,0.28740788,-0.00083869125,0.0,-0.14338933,0.0,0.48201382,0.0,0.8645913,0.0,-0.18085213,0.0,0.7413315,0.0,0.5682723,0.10221837,0.14063449,-0.13141121,0.7332793,-0.1692776,0.031510618,-0.041730843,"num_services, DeviceProtection_Yes, StreamingTV_Yes",0.70784503
-0.04230271,0.045539852,0.06373875,-0.059051923,-0.03472911,-0.28976044,0.08398983,-0.26538682,-0.35608196,0.7285597,0.0047183144,-0.14318828,-0.110554926,0.0,-0.5185195,0.49522185,-0.0021557235,0.0,-0.22605939,0.0,-0.41042286,0.0,-0.42512906,0.0,-0.07839096,0.0,0.63932896,0.0,0.6936582,0.11134628,0.21153498,0.45028076,-0.83038384,-0.14423947,0.007964307,-0.08520034,"PaymentMethod_Electronic check, charge_per_service, StreamingMovies_Yes",0.37883353
0.02602482,-0.28872332,0.050962478,0.4262004,-0.057784256,0.018930396,0.06886063,0.21569751,0.8284915,0.89527893,-0.011569019,-0.08315453,-0.21690077,0.0,-0.4869892,0.22735508,-0.0038033887,0.0,-0.044621244,0.0,-0.43060088,0.0,-0.3917719,0.0,-0.20010617,0.0,-0.39296687,0.0,-0.51236624,0.06232218,0.14487728,-0.15266088,0.56973237,-0.16682918,-0.095885694,0.12861565,"charge_per_service, num_services, PaymentMethod_Electronic check",0.52941334
0.039420854,0.08793538,0.0127638215,1.432403,-0.038135476,-0.122926846,0.20114462,0.64808226,0.27826878,1.1442696,-0.012073917,-0.059362877,-0.13662978,0.0,-0.16092826,0.301437,-0.0031717827,0.0,-0.10009616,0.0,-0.34604207,0.0,0.6560032,0.0,-0.09828501,0.0,-0.7357199,0.0,-0.58126634,0.10612942,0.14853494,-0.09823193,0.616263,-0.18753333,-0.00065318355,0.11436235,"tenure, charge_per_service, StreamingTV_Yes",0.9567745
-0.025328737,0.0627232,0.00805581,-0.473291,-0.028177168,-0.08422265,0.40813747,-0.3974158,1.0898744,0.9558276,0.00478708,-0.06922606,0.016476758,0.0,0.27187175,0.396489,-0.004182846,0.0,-0.06232263,0.0,-0.5047519,0.0,-0.15548645,0.0,-0.15046486,0.0,-0.60913545,0.0,-0.7139385,0.101700485,0.21196099,-0.27381015,-1.0253237,0.3364153,0.25122938,-0.10792515,"num_services, PaymentMethod_Electronic check, charge_per_service",0.35932836
-0.0056894734,0.10256029,0.033994164,-0.4774521,-0.10582864,-0.14087912,-0.34552884,0.04722551,-1.4512274,-1.01893,0.0064419564,0.11207455,-0.1004593,0.0,0.060261812,-0.3438402,-0.0006872474,0.0,0.25890693,0.0,-0.21446925,0.0,0.25025758,0.0,0.30610833,0.0,0.43265203,0.0,0.5615565,0.21438532,-0.28291512,0.7479665,-1.3875962,-0.19965112,-0.03997187,-0.105056055,"num_services, PaymentMethod_Electronic check, charge_per_service",0.04332981
-0.010769382,-0.1941519,-0.31629196,-0.490606,-0.06807384,-0.019113714,0.6834938,0.19183336,0.61827004,-1.0215364,0.0058998372,0.07960518,-0.070354365,0.0,-0.47953907,-0.33957607,0.12035155,0.0,0.0021385027,0.0,-0.234759,0.0,-0.34874174,0.0,-0.19946307,0.0,-0.35034335,0.0,-0.2313533,0.014310909,-1.993385,-0.121926166,-0.933947,0.2445222,-0.0017650903,-0.18296367,"Contract_Two year, charge_per_service, PaymentMethod_Electronic check",0.00348061
-0.022586498,-0.19452292,-0.16149934,-0.36760175,-0.062855095,-0.06401567,0.8296001,0.06152857,0.59654033,-1.602015,0.005020509,0.08421452,-0.0884163,0.0,-0.45432067,-0.6495431,0.12035155,0.0,-0.10957862,0.0,-0.23702388,0.0,-0.22929484,0.0,-0.21248119,0.0,-0.3106697,0.0,-0.3421351,0.013460262,-1.3444899,-0.11898336,-0.96716005,0.41892195,0.15836759,-0.12231175,"charge_per_service, Contract_Two year, PaymentMethod_Electronic check",0.004576075
0.048551377,0.10649752,-0.58346736,-0.31248003,-0.02980125,0.03723592,0.30012402,-0.41524735,0.12742363,0.7903203,0.005319679,-0.12772027,-0.011791888,0.0,-0.29944134,0.39268625,-0.004681011,0.0,-0.060288206,0.0,-0.47670704,0.0,-0.31245258,0.0,-0.10372564,0.0,0.64363205,0.0,-0.6031116,0.14570999,0.21061994,0.38091043,-1.1776706,-0.12021495,0.03526524,-0.14232825,"PaymentMethod_Electronic check, charge_per_service, StreamingTV_Yes",0.17283596
0.008847295,0.0537363,0.084402904,-0.9023888,-0.21678214,0.25454226,-0.3398198,-0.41908416,-1.2594149,-1.4240712,0.012446972,0.17279774,0.17959552,0.0,0.19002819,-0.37702087,-0.0008540362,0.0,0.5099669,0.0,0.45605907,0.0,0.45165947,0.0,0.34160778,0.0,0.5499093,0.0,-0.65887016,0.3309744,-0.10643568,-0.28221735,1.0820804,-0.103041165,0.0034303367,-0.047128376,"charge_per_service, num_services, PaymentMethod_Electronic check",0.18787602
0.015180114,0.030921245,0.045701656,-0.013131199,-0.132096,0.0024075566,0.80706173,0.22848196,0.9092488,-1.2635528,-0.018559095,0.12672496,-0.02907249,0.0,-0.5128453,-0.16463885,0.12745844,0.0,-0.016060287,0.0,-0.26862314,0.0,-0.30439153,0.0,-0.23988184,0.0,-0.35095698,0.0,-0.4995355,-0.6365897,-0.3092984,-0.13374121,-1.0918999,0.42127573,-0.047307745,0.191594,"charge_per_service, PaymentMethod_Electronic check, num_services",0.04168831
-0.057332594,-0.13137919,0.04804794,-1.9030937,-0.17370799,-0.14192711,-0.24479224,-0.69205433,0.5750964,-0.4411564,0.005020509,-0.19932017,0.07865793,0.0,0.14804754,-0.44849837,0.058171347,0.0,-0.051604908,0.0,-0.46015114,0.0,-0.21694072,0.0,-0.23538296,0.0,-0.4292668,0.0,-0.53794795,0.009693729,-0.87832206,-0.08063083,-0.6706907,-0.024072235,-0.022941574,-0.14111505,"tenure, Contract_Two year, TotalCharges",0.0006967281
0.012452891,0.075470574,0.12559356,-1.0897946,0.32028207,-0.081096575,0.10240613,-0.18767677,-0.5065011,-1.6071677,0.007411993,-0.021286767,0.08486419,0.0,-0.42614937,-0.4705692,-0.002507886,0.0,0.49738234,0.0,-0.66112584,0.0,0.32770243,0.0,-0.08299881,0.0,0.31492352,0.0,0.50869566,0.06243724,0.22296,-0.20657785,0.9008722,-0.12805007,-0.0077841957,-0.045105305,"charge_per_service, tenure, PaymentMethod_Electronic check",0.12241413
-0.054203533,-0.17501198,0.017014224,-1.7297455,-0.057938833,-0.013451625,-0.07959718,-0.7464146,-0.54388154,-0.6050521,0.020110952,0.048583217,0.052170407,0.0,0.2565107,-0.60854816,-0.0008079108,0.0,0.24881881,0.0,-0.45105413,0.0,0.66541517,0.0,-0.11152721,0.0,-0.98082304,0.0,0.49131835,-0.07109312,-1.2181808,-0.24987753,-1.1460785,0.22195429,-0.0019045084,-0.11386496,"tenure, Contract_Two year, PaymentMethod_Electronic check",0.0009615619
0.20331906,0.14061123,0.00817313,-2.1371946,-0.05361367,0.0012895195,-0.9517202,-0.42048678,-1.0183045,-0.5306011,0.008029698,0.0244962,-0.13700365,0.0,0.15259966,0.26172176,-0.00086424523,0.0,0.24141777,0.0,0.5563357,0.0,-0.32143325,0.0,0.538569,0.0,0.3784435,0.0,0.51137996,-0.15198071,-0.94607043,-0.13929066,-0.6120074,-0.049094975,0.01441875,-0.12231007,"tenure, num_services, MonthlyCharges",0.010353763
-0.024546806,-0.14757535,-0.541081,-0.14595191,-0.044805,-0.1319246,-0.8983775,0.45576692,-1.7458003,-0.64682454,0.0134614725,0.06935506,0.076820135,0.0,0.22515482,0.3273116,-0.00077185105,0.0,0.27471316,0.0,0.56452006,0.0,0.74134505,0.0,0.52987355,0.0,0.52434593,0.0,0.57344294,-0.003779754,-0.99827,-0.05822219,-0.35401976,-0.039437775,0.0001320166,-0.05892292,"num_services, Contract_Two year, MonthlyCharges",0.18650298
-0.00797623,-0.17235877,0.008294317,-0.13574196,-0.037609387,0.0032203002,0.20896256,-0.4462283,0.9197885,0.7523033,0.004786307,-0.08581235,0.07010393,0.0,-0.3773321,0.40577388,-0.004681011,0.0,-0.0771923,0.0,-0.61205196,0.0,-0.21072333,0.0,-0.14100957,0.0,-0.59804726,0.0,-0.594576,0.18787923,0.20386896,-0.101890594,-0.67175275,-0.09445441,0.052986696,-0.113639325,"num_services, charge_per_service, PaymentMethod_Electronic check",0.15790005
0.0091355,0.18181446,0.09371311,0.1980183,-0.052348454,0.059042435,0.20649806,0.055089638,0.31078807,0.1043697,0.022370258,0.1627847,0.040624548,0.0,-0.20794946,-0.27270713,-0.0047808792,0.0,-0.23829706,0.0,-0.3786423,0.0,-0.18614024,0.0,0.18231311,0.0,-0.6525565,0.0,-0.48048747,0.08992121,0.18522021,-0.2566575,-1.085966,0.46596843,0.022557942,-0.095562406,"PaymentMethod_Electronic check, StreamingTV_Yes, StreamingMovies_Yes",0.17789233
-0.0110054845,-0.14250612,-0.27899793,0.19521624,-0.14269267,0.028396819,0.2757007,-0.026302505,1.0119854,-1.5636582,-0.025692029,0.11931145,-0.0066633136,0.0,-0.55453384,-0.22656235,0.12745844,0.0,-0.033550262,0.0,-0.25321326,0.0,-0.3527264,0.0,-0.18471573,0.0,-0.32933468,0.0,-0.44032806,-0.041291546,-0.33183336,-0.14403255,-0.9219388,0.4484494,-0.03726857,0.23926601,"charge_per_service, num_services, PaymentMethod_Electronic check",0.026290877
0.22413734,0.12062267,0.07598189,1.1304824,0.2536758,0.05036618,0.23105109,0.5204786,1.0153033,0.26840198,-0.01097086,-0.072248295,-0.09138844,0.0,-0.060867507,-0.36552238,-0.0057204627,0.0,-0.045911685,0.0,-0.37328696,0.0,-0.32137743,0.0,-0.110788964,0.0,-0.5236977,0.0,-0.4969966,0.11143698,0.1560982,-0.12454303,0.83350253,-0.22175136,-0.06403694,0.12699476,"tenure, num_services, PaymentMethod_Electronic check",0.9020841
0.017670922,-0.16181436,-0.12932807,-0.5242795,-0.03311805,-0.25817385,-0.46951693,-0.54666597,-0.81245166,0.23617207,0.016646242,0.09084952,-0.04384861,0.0,-0.56000537,0.24300304,-0.0010635976,0.0,-0.38913417,0.0,-0.44988006,0.0,0.28156203,0.0,0.2796814,0.0,-0.87188894,0.0,0.6992006,-0.15189126,-0.1405049,-0.08678441,-0.4782935,-0.052039493,0.022303,-0.10934307,"StreamingTV_Yes, num_services, StreamingMovies_Yes",0.012227509
-0.016533412,0.19861522,-0.4488173,-0.37299162,-0.06821993,0.1269512,0.49351558,-0.33608398,-0.26749656,-0.8855237,0.030252423,0.20409413,-0.01660745,0.0,-0.13668413,-0.3249162,-0.0019305871,0.0,0.35458702,0.0,0.54013544,0.0,-0.4351072,0.0,-0.053057477,0.0,-0.40090492,0.0,-0.3683558,0.16490597,0.25424638,-0.25535542,-1.0045555,0.4739314,-0.0017345614,-0.078220665,"PaymentMethod_Electronic check, charge_per_service, OnlineBackup_Yes",0.06656523
-0.031078715,0.17735042,-0.011852824,-1.1041676,-0.058059677,-0.055714894,0.4177678,-0.062284157,0.6321441,-2.1234157,0.009402612,0.07442718,0.035068955,0.0,-0.37315834,-0.38749927,0.12035155,0.0,-0.12278373,0.0,-0.35103935,0.0,-0.19366395,0.0,-0.19658989,0.0,-0.30769518,0.0,-0.29587406,-0.017916888,-1.4914293,0.4141931,-1.2574209,-0.19797775,-0.049167156,-0.1305686,"charge_per_service, Contract_Two year, PaymentMethod_Electronic check",0.0009601338
-0.0403664,0.05955221,0.036393017,-2.2133117,-0.02532369,-0.330613,-0.33347723,-0.5575301,-0.21377283,0.8126387,0.018840048,-0.0043492597,-0.0016646148,0.0,0.30279186,0.3101943,-0.000874751,0.0,-0.12256789,0.0,-0.6246571,0.0,0.77237016,0.0,-0.14182894,0.0,-1.2194275,0.0,0.9350643,0.093522005,0.15560696,-0.24138156,-0.8950864,0.3563751,-0.052233394,-0.11372278,"tenure, StreamingTV_Yes, StreamingMovies_Yes",0.03599672
0.02208674,0.08634057,0.02370686,1.2963762,-0.055325955,0.07821156,0.3399338,0.49665368,0.9013136,0.8127443,-0.014336542,-0.047560897,0.038139425,0.0,-0.05121142,-0.3315456,-0.003872989,0.0,-0.11990211,0.0,-0.4315554,0.0,-0.3788231,0.0,-0.07467923,0.0,-0.3804766,0.0,-0.5022833,0.14907408,0.19847907,-0.06894535,-0.836358,-0.32378742,-0.067756504,0.23040931,"tenure, num_services, PaymentMethod_Electronic check",0.726358
-0.022725467,-0.17789827,0.050259933,-0.65359396,-0.08196065,-0.023384728,0.17594853,-0.53368515,-0.6866318,-0.34823054,0.00518192,0.29051644,-0.09465411,0.0,-0.46364045,0.22776844,-0.0014578677,0.0,-0.18329129,0.0,0.84810466,0.0,0.460102,0.0,0.16416837,0.0,0.64702404,0.0,-0.5601146,-0.029475385,-0.16684473,-0.19172029,0.88803554,-0.1997433,-0.011483258,-0.04361206,"PaymentMethod_Electronic check, OnlineBackup_Yes, num_services",0.3261028
-0.007305822,-0.21254118,0.076300755,0.995365,0.25037235,-0.053147737,0.2076789,0.88933355,1.1007814,0.42178017,-0.011856782,-0.034334633,0.037487224,0.0,-0.16615933,-0.19809024,-0.012098611,0.0,-0.10971252,0.0,-0.18459906,0.0,-0.38494417,0.0,-0.15709892,0.0,-0.52039015,0.0,-0.5162613,0.16464752,0.21173482,-0.13193837,-0.80509096,0.3841439,-0.047354482,0.27945584,"num_services, tenure, TotalCharges",0.811124
-0.03568323,-0.20979878,0.07598066,0.78796405,-0.10903644,-0.021180319,0.61137736,-0.21343862,0.68172926,-0.71241856,-0.018932527,0.127949,0.05955845,0.0,0.535871,-0.1964062,0.10693922,0.0,-0.056835506,0.0,-0.31570095,0.0,-0.26582035,0.0,-0.057787802,0.0,-0.43157005,0.0,-0.37596908,0.09830978,0.36561877,-0.16619346,-1.0350116,0.46465683,-0.053019874,0.18026282,"PaymentMethod_Electronic check, tenure, charge_per_service",0.4532833
0.044170648,0.14278625,0.052729446,-0.20764598,-0.042672716,0.08329358,0.22900659,-0.3525612,-0.7522838,0.10767373,0.01529416,-0.34968635,-0.015707936,0.0,-0.57505435,0.26763397,-0.0015002573,0.0,-0.1160828,0.0,0.24677542,0.0,-0.67231,0.0,-0.08060493,0.0,0.8484167,0.0,0.37238622,0.0033910512,0.13034259,-0.20518489,0.71420735,-0.17947754,0.05216355,-0.04198488,"StreamingTV_Yes, num_services, PaymentMethod_Electronic check",0.4276826
-0.022570312,-0.100506365,-0.5315848,-0.47993818,-0.04971621,0.049725804,-0.57231116,-0.027217228,-1.599656,-0.53828174,0.006197011,0.14633541,0.009358542,0.0,-0.2541846,0.39893347,-0.0010275379,0.0,-0.1834252,0.0,0.5133836,0.0,0.66719663,0.0,0.33174872,0.0,0.6654811,0.0,0.7233998,0.16003989,0.17453188,-0.047352344,-0.22207958,-0.07955486,0.00069278514,-0.070334464,"num_services, StreamingMovies_Yes, DeviceProtection_Yes",0.28058884
-0.024390444,0.13509032,-0.03347902,-0.5621702,-0.0805533,-0.005873427,-0.18307038,0.03595957,-1.1073316,-1.9049624,-0.027256664,0.07509016,-0.22891302,0.0,-0.24157229,-0.44469196,-0.00093468744,0.0,0.34724918,0.0,-0.2076186,0.0,0.22343482,0.0,0.20098637,0.0,0.6226712,0.0,0.43474448,-0.10493456,-1.9408406,-0.108344495,-1.0972492,0.6287851,-0.010085434,0.074034646,"Contract_Two year, charge_per_service, num_services",0.0038915237
0.01969513,0.06147981,0.074661955,-0.1622978,-0.016421668,0.11511795,0.18481472,0.051287018,-0.5634345,0.5976365,0.0064419564,-0.08604796,0.03001702,0.0,-0.50998735,0.45964438,-0.0016830041,0.0,-0.18863897,0.0,-0.5445678,0.0,0.57304,0.0,-0.0722981,0.0,0.4052247,0.0,0.58724576,0.1354329,0.21490937,0.43073756,-0.950064,-0.13053264,0.036940012,-0.094051205,"PaymentMethod_Electronic check, charge_per_service, StreamingMovies_Yes",0.6582433
0.77661306,-0.09709201,-0.10871548,-1.4066358,-0.017082388,-0.08818101,0.14412902,-0.48220876,-1.1851312,-1.0249977,0.006197011,-0.015210931,0.04127726,0.0,0.19865006,-0.18654633,-0.0006027703,0.0,0.21960811,0.0,0.22118628,0.0,0.08159657,0.0,0.4235506,0.0,0.26898935,0.0,0.45079574,-0.05002563,-1.2632291,0.776509,-0.97572047,-0.10817373,-0.0026342818,-0.11556544,"tenure, Contract_Two year, num_services",0.028540444
0.014227128,-0.32776612,0.045457575,-0.65480584,-0.06513442,0.062902436,0.21247673,-0.22169422,0.38989943,-0.21194819,0.017227627,-0.36743054,-0.009909136,0.0,-0.20828968,-0.3865016,-0.0019305871,0.0,-0.10689853,0.0,0.61832786,0.0,-0.450313,0.0,-0.020893203,0.0,-0.8800727,0.0,-0.4101238,0.13363904,0.20846725,-0.2065529,-0.96534455,0.39700827,-0.0040678894,-0.12568292,"PaymentMethod_Electronic check, StreamingTV_Yes, tenure",0.028344933
-0.014393125,0.06264939,0.10111359,1.3084023,-0.09034994,-0.118636675,0.7709352,0.61341923,0.95542085,-0.726314,-0.016139569,0.097089045,-0.07469826,0.0,-0.29940733,-0.31653413,0.107984215,0.0,-0.07059184,0.0,-0.27647123,0.0,-0.29738858,0.0,-0.11317614,0.0,-0.42533395,0.0,-0.37191942,0.19507751,0.39345762,-0.10234978,-0.8787285,0.5787546,-0.05007415,0.24222346,"tenure, num_services, PaymentMethod_Electronic check",0.7640825
0.0037838742,0.09420809,0.08081395,-0.44658777,0.28100646,0.07221265,0.085840516,-0.3517973,0.15645845,-1.3082615,0.022987962,0.30857664,-0.022802547,0.0,-0.32646686,-0.336088,-0.009869916,0.0,-0.19482875,0.0,0.9772724,0.0,-0.4320761,0.0,0.031421706,0.0,-0.37618557,0.0,-0.4149351,0.06578263,0.26646167,-0.18243647,-0.5899986,-0.100020364,0.017801557,-0.12553383,"charge_per_service, OnlineBackup_Yes, PaymentMethod_Electronic check",0.059407674
0.018340006,0.07951296,0.113924466,0.27687848,-0.037079804,0.017930347,0.08512666,-0.087664135,0.50045353,1.1803675,-0.013112761,-0.1331677,-0.07251052,0.0,0.23373607,0.36215144,-0.004182846,0.0,-0.02882686,0.0,-0.5786571,0.0,-0.2615824,0.0,-0.17240451,0.0,1.0830424,0.0,-0.6274613,0.06482246,0.14052649,-0.1726291,0.6030931,-0.15329953,-0.11409325,0.1076417,"charge_per_service, StreamingTV_Yes, StreamingMovies_Yes",0.9169835
0.024402438,-0.29355842,0.045815777,0.3593318,-0.057156496,-0.037123848,0.26796237,0.1082537,0.7800491,0.81864244,-0.012971965,-0.0793825,-0.22764577,0.0,-0.4366569,0.31959662,-0.0038033887,0.0,-0.06287177,0.0,-0.62141865,0.0,-0.4123315,0.0,-0.17953344,0.0,-0.39655218,0.0,-0.48291913,0.068117484,0.14253312,-0.15253627,0.5910925,-0.16485567,-0.116706535,0.12534596,"charge_per_service, num_services, OnlineBackup_Yes",0.47609127
-0.16460408,-0.10211541,0.0743118,-0.14289086,-0.026011785,0.034329236,-0.050882053,-0.008321337,-0.9804932,0.34085777,0.005525032,-0.16108356,-0.045888975,0.0,0.1973162,0.27382132,-0.00083869125,0.0,-0.18876673,0.0,0.9259766,0.0,0.6645705,0.0,-0.103679106,0.0,0.57923335,0.0,0.6260949,-0.5219613,-0.09414791,0.73489577,-1.0287352,-0.098659135,0.0022732676,-0.09130472,"PaymentMethod_Electronic check, num_services, OnlineBackup_Yes",0.6547523
0.012736204,0.06895474,0.032966506,-0.1443007,-0.1628964,0.035247,0.20625784,-0.39911136,-1.1046389,-1.3371016,0.012446972,0.2575864,0.06976551,0.0,-0.31953576,-0.31597814,-0.0015156022,0.0,0.665934,0.0,0.6254901,0.0,-0.56171864,0.0,0.27942678,0.0,0.46135443,0.0,-0.512742,0.033965573,-0.09557088,-0.24445994,0.9026121,-0.26636803,0.019523796,-0.06266642,"charge_per_service, num_services, PaymentMethod_Electronic check",0.1355018
-0.009450349,0.18549621,-0.5148163,0.058262873,0.24565811,0.044150483,0.20009594,-0.21171819,0.9261274,-0.48266086,-0.018559095,0.11313617,-0.22016801,0.0,-0.23319724,-0.24531423,-0.012098611,0.0,0.25583577,0.0,-0.35137805,0.0,-0.4177017,0.0,-0.24616472,0.0,-0.4172459,0.0,-0.29842868,0.13658749,0.23221256,-0.26103434,-0.97241586,0.4089548,-0.042379797,0.116635986,"PaymentMethod_Electronic check, num_services, Dependents",0.115025535
-0.13568021,-0.20084316,0.083549894,0.51534945,-0.044247933,0.021971118,0.15351522,0.44995368,-0.69154,0.7375005,-0.01675004,-0.1393278,0.018886589,0.0,0.36895218,0.37611964,-0.0013969608,0.0,-0.14147036,0.0,-0.51315576,0.0,0.73364264,0.0,-0.1685736,0.0,0.65227664,0.0,0.7690193,0.089087285,0.12883374,-0.117040865,0.5843669,-0.18037006,-0.046745885,0.09905182,"StreamingMovies_Yes, charge_per_service, DeviceProtection_Yes",0.9669495
-0.04317155,0.21226777,0.06747195,-0.4568661,0.27572504,-0.033008028,0.2615267,-0.121844545,-0.3472173,-1.2937522,0.0055798963,0.047473438,0.043279238,0.0,-0.6309468,-0.59910524,-0.0014377093,0.0,-0.37532046,0.0,-0.64708275,0.0,0.3020516,0.0,0.21089184,0.0,0.16125302,0.0,0.3997829,-0.02536486,-0.9949179,0.7185411,-1.1702526,-0.08256966,0.03715913,-0.105583474,"charge_per_service, PaymentMethod_Electronic check, Contract_Two year",0.014857729
0.012217245,-0.07107931,-0.09235027,1.5251803,-0.027285468,-0.08506982,0.09501113,0.6862184,0.3562364,0.42101878,-0.012148637,-0.0017572562,-0.01512134,0.0,-0.13757561,-0.343333,-0.00367841,0.0,-0.08276481,0.0,-0.36278984,0.0,1.0491105,0.0,-0.03888877,0.0,-0.52080613,0.0,-0.4476811,0.169946,0.23119971,-0.14812,-0.57025546,0.46866372,0.020472271,0.33763257,"tenure, DeviceProtection_Yes, TotalCharges",0.91708434
0.011988497,0.08995303,0.023825677,1.5599915,-0.0482133,-0.120841905,0.27194527,0.34299982,0.9821099,0.49292147,-0.01061697,-0.039005786,-0.030833801,0.0,-0.13027406,-0.31191513,-0.003872989,0.0,-0.07949178,0.0,-0.26116595,0.0,-0.3559599,0.0,-0.07905286,0.0,-0.4407407,0.0,-0.5438514,0.18204433,0.23326129,-0.17100953,-0.86817026,0.44054902,-0.046773642,0.22077714,"tenure, num_services, PaymentMethod_Electronic check",0.7861294
-0.04463714,0.026787296,0.049842097,-0.031621806,-0.029064817,0.10385427,0.045086652,-0.5248905,-0.38051137,0.74158156,0.00553532,0.28835353,-0.10390349,0.0,0.36079583,0.3889767,-0.0015375055,0.0,-0.18970552,0.0,-0.4138346,0.0,-0.36361834,0.0,0.19537996,0.0,0.7412859,0.0,-0.73712856,0.15746151,0.21414964,-0.11893718,-0.9975222,-0.08214643,0.026589904,-0.10497136,"PaymentMethod_Electronic check, charge_per_service, StreamingTV_Yes",0.31277516
0.031472106,-0.3077923,-0.43600237,1.5612018,-0.024565106,0.02829508,0.13448818,0.2267172,0.14988872,0.43539447,-0.008001779,-0.087185375,-0.09841412,0.0,-0.1727993,0.2678156,-0.0033663616,0.0,-0.06480678,0.0,-0.43305174,0.0,-0.33322123,0.0,-0.05564373,0.0,0.5253202,0.0,-0.588036,0.21669696,0.23052615,-0.1455706,-0.5627487,0.33144927,-0.01734147,0.24762523,"tenure, StreamingMovies_Yes, PaymentMethod_Electronic check",0.73875684
0.010846891,0.113849126,0.015067341,-0.14154436,-0.031494226,0.0024641198,0.19382422,0.8763252,0.81034535,0.9853603,0.00690753,-0.08570112,-0.099493615,0.0,0.40865126,0.38363057,-0.004182846,0.0,-0.031791475,0.0,-0.4487456,0.0,-0.22971508,0.0,-0.13523994,0.0,-0.4993424,0.0,-0.57849187,0.113695286,0.20828585,0.63144124,-1.0160407,-0.13907479,0.2385218,-0.08336512,"PaymentMethod_Electronic check, charge_per_service, TotalCharges",0.8124739
-0.02745415,-0.17052852,-0.410011,-0.17666444,-0.09353187,-0.09382088,0.053841446,-0.37565845,0.6023251,-0.72668546,0.0059905457,0.06347758,-0.012144364,0.0,0.21350278,-0.5080326,0.11658744,0.0,-0.08656474,0.0,-0.45845693,0.0,-0.15957464,0.0,-0.18603937,0.0,-0.23592359,0.0,-0.40993232,-0.031362634,-1.6281157,-0.05097811,-0.5095686,-0.018489374,-0.04535478,-0.13825203,"Contract_Two year, charge_per_service, num_services",0.004044895
0.014434511,0.10036398,0.018036826,-0.25520203,-0.024528645,0.093959086,-0.1104303,-0.2907582,-1.2595004,0.2859742,0.01529416,-0.22772267,0.10091526,0.0,0.2666945,0.41401246,-0.00083869125,0.0,-0.070653,0.0,0.7722246,0.0,0.7861423,0.0,-0.18872033,0.0,0.7708255,0.0,0.72053987,0.11495083,0.18947013,-0.17521827,-0.8170823,0.5596974,-0.0035135294,-0.06730119,"num_services, PaymentMethod_Electronic check, DeviceProtection_Yes",0.8485456
-0.024986101,-0.18961076,-0.44089267,-0.11391493,-0.059413113,-0.0011983323,0.30522496,0.42934215,0.81615126,-0.8563587,-0.014779429,0.1728635,0.065035336,0.0,-0.38565248,-0.29632154,0.12745844,0.0,-0.07504404,0.0,-0.2854153,0.0,-0.29326972,0.0,-0.17591168,0.0,-0.27433544,0.0,-0.4210732,0.16270116,0.31091946,0.56049925,-0.9946857,-0.25928238,-0.076427616,0.18496746,"PaymentMethod_Electronic check, charge_per_service, num_services",0.107913084
-0.00678287,-0.114462234,-0.2556969,-0.5587175,-0.18158327,0.036203034,-0.06669787,-0.128329,-0.6755182,-1.7037814,0.0029221983,0.11857968,0.032725275,0.0,0.18235749,-0.44276607,-0.0008926055,0.0,0.58188057,0.0,-0.40349594,0.0,0.40394053,0.0,0.3844888,0.0,0.36626032,0.0,-0.61366636,0.051525377,0.20360798,-0.24626073,0.8422627,-0.16868567,0.0024228445,-0.046697367,"charge_per_service, PaymentMethod_Electronic check, num_services",0.08213518
0.006117635,0.0065834206,0.10674301,-1.0616369,-0.04010193,-0.09853535,-0.95341724,-0.9844817,-1.5966581,0.1649022,0.013462063,0.19052222,0.04706758,0.0,0.31688812,0.2462035,-0.001002092,0.0,-0.29386348,0.0,0.6877004,0.0,-1.0895492,0.0,0.19073266,0.0,0.84150106,0.0,0.45725563,-0.044396393,0.14537847,-0.304947,0.6950437,-0.13909324,0.0035143013,-0.041433454,"num_services, DeviceProtection_Yes, tenure",0.073214665
-0.012026036,-0.1387575,0.040614,0.38891473,-0.043866526,0.010532634,0.1916959,0.21030942,0.0995838,0.24309294,-0.022507595,0.16661417,-0.19602066,0.0,-0.17651416,-0.2551977,-0.004310016,0.0,0.46726927,0.0,-0.4032082,0.0,-0.49559873,0.0,-0.16399662,0.0,-0.5369103,0.0,-0.33109733,0.08607777,0.17389233,-0.18951327,-0.72551847,-0.066876754,-0.016496325,0.23058787,"PaymentMethod_Electronic check, StreamingTV_Yes, DeviceProtection_Yes",0.18572085
-0.00010604368,0.17645504,0.110615805,-0.27953404,-0.19619635,-0.02432058,0.33397695,-0.28701442,0.7608894,-1.0133165,0.009402612,0.16919532,0.0008902482,0.0,0.3093012,-0.4597178,0.11894358,0.0,-0.1802923,0.0,-0.40178108,0.0,-0.21422805,0.0,-0.16421463,0.0,-0.27035543,0.0,-0.4670779,0.075886525,0.3037906,0.89994323,-1.1626859,-0.22733645,-0.057812717,-0.085113734,"PaymentMethod_Electronic check, charge_per_service, PaymentMethod_Credit card (automatic)",0.097032666
0.0041975956,0.111183606,0.07149096,0.7706509,-0.103056125,-0.017634692,0.059400335,0.37893984,-0.6705819,-0.7155716,-0.14690843,0.27188945,-0.057964474,0.0,-0.27305293,-0.316481,-0.0015415591,0.0,-0.08884875,0.0,0.79219186,0.0,-0.4936748,0.0,0.18618076,0.0,-1.0077277,0.0,0.35412228,0.013147166,0.2938315,-0.111227304,-0.51149887,-0.10855223,-0.034539405,0.06799211,"StreamingTV_Yes, OnlineBackup_Yes, tenure",0.215435
0.09807228,-0.042110108,-0.28105178,-0.04662678,-0.02355719,0.07573378,-0.30745673,-0.5490473,-1.1516954,0.38511282,0.008029698,-0.2688734,-0.0030340438,0.0,0.19633895,0.36305055,-0.00083869125,0.0,-0.116382696,0.0,0.28862503,0.0,1.3329898,0.0,-0.15948632,0.0,0.55322593,0.0,0.5739949,0.19676512,0.17051779,-0.10153178,-0.42769775,-0.0979536,0.008931976,-0.084857136,"DeviceProtection_Yes, num_services, StreamingMovies_Yes",0.6411505
0.0143227475,-0.20275265,-0.6588265,-0.5855648,-0.2509101,0.034303073,0.28133234,0.111030824,0.9853984,-0.89267707,0.0059905457,0.131468,-0.00069399737,0.0,0.24034548,-0.5946952,0.11894358,0.0,-0.1694204,0.0,-0.4791422,0.0,-0.29958928,0.0,-0.1856931,0.0,-0.40750661,0.0,-0.4312299,0.003661555,-0.18220955,-0.21701026,0.67684484,-0.15906167,-0.033593554,-0.09595642,"num_services, charge_per_service, PaymentMethod_Electronic check",0.037265174
0.025834022,-0.20488201,0.028964741,-0.5733412,-0.040414587,0.014902242,-0.09489745,-0.5232476,-1.459296,-0.01751923,0.006197011,0.22940496,-0.28206035,0.0,0.30960748,0.24890062,-0.001002092,0.0,-0.14722034,0.0,0.72604686,0.0,-0.7521752,0.0,0.3906899,0.0,0.6443811,0.0,0.65456796,-0.19792157,-0.0251822,-0.19826788,0.6103904,-0.17054059,-0.009840503,-0.05244798,"num_services, DeviceProtection_Yes, OnlineBackup_Yes",0.29542157
-0.15405911,-0.1673491,0.05842545,-1.4659096,-0.042063646,-0.028906763,-0.19811556,-0.44613823,-0.5200823,0.31859827,0.00518192,-0.36605558,-0.024093075,0.0,0.14723155,0.23898928,-0.0012690211,0.0,-0.12503608,0.0,0.43331903,0.0,0.574689,0.0,-0.010783624,0.0,0.4868869,0.0,-1.2147652,-0.6129673,-0.1639023,0.8504327,-1.4450688,-0.11019621,-0.012085753,-0.09811374,"tenure, PaymentMethod_Electronic check, StreamingMovies_Yes",0.016269926
0.024215078,0.08793538,0.0062095253,1.2761558,-0.038135476,-0.20905901,0.074738085,0.60624725,0.4101454,0.6737705,-0.012073917,-0.059362877,-0.13585879,0.0,-0.16092826,0.301437,-0.00367841,0.0,-0.11309585,0.0,-0.3211095,0.0,0.7703498,0.0,-0.05824038,0.0,-0.7469222,0.0,-0.59424037,0.10612942,0.14853494,-0.11089328,0.5970861,-0.19876453,-0.0043965434,0.11175552,"tenure, DeviceProtection_Yes, StreamingTV_Yes",0.91827404
0.021101907,0.19231682,0.15120427,0.08250997,0.3325411,0.02730801,0.32761988,-0.27470025,1.0767534,-0.4135441,-0.10050535,-0.37978286,0.055200636,0.0,-0.23553911,-0.16363153,-0.01201625,0.0,-0.11442383,0.0,0.6264036,0.0,-0.62223965,0.0,-0.039377015,0.0,-0.31245854,0.0,-0.47120717,0.1462625,0.27387562,0.68441415,-1.1027067,-0.18275845,-0.059075955,0.16263688,"PaymentMethod_Electronic check, num_services, PaymentMethod_Credit card (automatic)",0.4175972
-0.19127214,0.14161482,0.04946289,-0.44244057,-0.034791984,0.16343912,-0.12486524,-0.6631423,0.35629788,1.2471282,0.022201588,-0.21290636,0.036830112,0.0,0.25674585,0.3239435,-0.001399539,0.0,-0.12462793,0.0,0.8556113,0.0,-0.25571102,0.0,-0.14502358,0.0,-0.6623884,0.0,-0.6663337,0.09930225,0.13737814,-0.19671336,0.93013906,-0.13321887,0.03675693,-0.06925932,"charge_per_service, PaymentMethod_Electronic check, OnlineBackup_Yes",0.67347205
0.026946722,-0.17937818,0.06967214,-0.71100783,-0.07498747,-0.30843762,-0.07395543,-0.7586914,-0.61566,-0.54005235,0.0039372896,-0.091064006,-0.080209136,0.0,0.33705452,-0.6617317,-0.000874751,0.0,-0.19462436,0.0,-0.43579763,0.0,0.7650887,0.0,-0.17197968,0.0,0.50011283,0.0,0.823449,-0.10173975,-0.3615484,-0.08739509,-0.7814317,-0.07830281,0.050819863,-0.11390734,"StreamingMovies_Yes, PaymentMethod_Electronic check, DeviceProtection_Yes",0.020744314
-0.10178779,-0.00019155035,0.06651057,3.78415e-05,-0.043580834,0.077503815,0.04416348,0.21998468,0.40774527,0.75461036,0.022995224,-0.0885618,0.076289974,0.0,-0.36084196,0.27556726,-0.0021188702,0.0,-0.06150849,0.0,-0.3456772,0.0,-0.36049265,0.0,-0.09908104,0.0,-0.9131728,0.0,0.63586324,0.06742566,0.1505435,-0.15891382,0.8462641,-0.1417183,0.0340239,-0.061112497,"StreamingTV_Yes, PaymentMethod_Electronic check, charge_per_service",0.7174693
0.059079353,0.013061788,0.09371939,0.5072078,-0.044052403,0.029581724,0.78188235,0.37752122,0.6759516,1.4156708,-0.047793444,-0.06402544,0.044938475,0.0,0.42264247,0.2739224,-0.0014564072,0.0,0.0042088823,0.0,-0.49309853,0.0,-0.3581472,0.0,-0.16778427,0.0,-0.48374796,0.0,0.687603,0.03767957,0.14095268,-0.16229033,0.6591548,-0.1282071,-0.057435006,0.101515815,"charge_per_service, MonthlyCharges, StreamingMovies_Yes",0.9867371
0.07347137,0.15286934,0.058981597,0.5670495,-0.04958805,0.026723731,0.35591716,0.40947455,0.48951393,1.2582508,-0.013958527,-0.12549871,0.1018704,0.0,-0.34049013,0.24130176,-0.0038033887,0.0,0.012434512,0.0,-0.25705364,0.0,-0.33505213,0.0,-0.17771517,0.0,1.0018989,0.0,-0.62099624,0.09409011,0.14931707,-0.15103316,0.6706727,-0.16528763,-0.05060122,0.108173124,"charge_per_service, StreamingTV_Yes, PaymentMethod_Electronic check",0.9698836
-0.007556673,0.10444701,0.13359104,0.64243335,-0.15428936,-0.1165847,-0.085680746,0.6037487,-0.7579338,-0.87373626,-0.017395293,0.17639366,-0.24620053,0.0,-0.40836188,-0.46850413,-0.0020585267,0.0,-0.3304155,0.0,-0.5304331,0.0,-0.20337583,0.0,0.21770228,0.0,0.52718735,0.0,0.61706614,0.032667078,0.23181356,-0.21615212,0.60388047,-0.2157116,-0.018397558,0.09504163,"charge_per_service, num_services, tenure",0.33723453
-0.04664627,-0.23134871,-0.34658894,-1.0734447,0.28016958,-0.18046468,-0.016037289,-1.1185435,-0.27774942,-1.467078,0.004907327,-0.0033494786,-0.0348119,0.0,-0.66483885,-0.577525,-0.0014377093,0.0,-0.40233994,0.0,-0.6442453,0.0,0.6864159,0.0,0.062187143,0.0,0.29921287,0.0,0.4688374,-0.059593253,-1.0699716,-0.10950789,-0.6529731,-0.064059615,0.029431494,-0.11056058,"charge_per_service, TotalCharges, tenure",0.0006546336
0.00024097579,-0.20415746,0.046198465,0.20910427,-0.055153567,-0.06362176,0.2349357,0.406091,0.8227542,0.4760796,-0.014487753,-0.061307568,-0.07363132,0.0,-0.2941841,-0.21437041,-0.004310016,0.0,-0.053498384,0.0,-0.23695557,0.0,-0.46614495,0.0,-0.14395687,0.0,-0.38032758,0.0,-0.40842962,0.107171215,0.19829257,-0.16463841,-0.93890375,0.38383222,-0.06356745,0.25504848,"PaymentMethod_Electronic check, num_services, charge_per_service",0.32943872
0.3296666,-0.09431391,0.059790537,0.024317209,-0.05666815,-0.023303272,-0.33583483,-0.3398495,-1.3966678,-0.51619023,0.008029698,0.25515875,0.06422338,0.0,-0.14162275,0.27123314,-0.0015002573,0.0,0.5958498,0.0,0.15760943,0.0,-0.4710694,0.0,0.19992942,0.0,0.55370826,0.0,0.63770545,-0.04218577,0.30269933,-0.29289702,-0.96614957,0.57634866,-0.04656255,-0.057536412,"num_services, PaymentMethod_Electronic check, StreamingMovies_Yes",0.31975263
-0.07701548,-0.1352279,0.083272055,-0.11164275,-0.016411647,0.10071699,0.35686794,-0.2377206,0.47553012,1.1952758,0.0034869919,-0.16889599,0.015087028,0.0,0.3397662,0.54658186,-0.004182846,0.0,-0.007991767,0.0,-0.36173198,0.0,-0.1853482,0.0,-0.10009175,0.0,0.4202973,0.0,-0.77763265,0.15724881,0.22253412,0.5840379,-1.05184,-0.14772628,0.061893843,-0.09454799,"charge_per_service, PaymentMethod_Electronic check, StreamingMovies_Yes",0.74569136
-0.116788864,-0.06602752,-0.3538414,-1.1888479,-0.021453353,0.0539117,0.08285,0.10693831,-0.51392025,0.55517596,0.004717724,-0.064400636,0.05648811,0.0,0.30486342,0.28975144,-0.000874751,0.0,-0.1641599,0.0,-0.5377869,0.0,0.35622144,0.0,-0.16467391,0.0,0.5966549,0.0,0.6834897,0.15832165,0.21688077,0.6325823,-0.7110298,-0.11631762,-0.012860783,-0.11618521,"tenure, PaymentMethod_Electronic check, StreamingMovies_Yes",0.485217
0.17088197,0.10718253,0.05609028,-0.0895751,-0.04191246,0.12161921,-0.18598013,-0.42686772,-0.21544956,1.2364156,0.034189064,-0.059494086,-0.047956172,0.0,0.310936,0.22592066,-0.001002092,0.0,-0.077416115,0.0,0.9621756,0.0,-0.48686463,0.0,-0.099517874,0.0,-0.966977,0.0,0.6617513,0.0701259,0.09021131,-0.18826894,0.80025923,-0.1320223,-0.014477819,-0.040680427,"charge_per_service, StreamingTV_Yes, OnlineBackup_Yes",0.8537685
-0.041954447,-0.25872743,0.06430207,-0.2537296,0.28871712,-0.1128222,0.34095538,-0.09478461,-0.38218868,-1.0214192,0.006197011,0.31436676,-0.1801922,0.0,-0.41958526,-0.4866416,-0.009119772,0.0,-0.15430859,0.0,0.739773,0.0,-0.5464665,0.0,0.108903535,0.0,0.39687708,0.0,0.6656553,-0.06488923,-0.25189632,0.6912247,-1.1089467,-0.1753869,-0.0123015605,-0.10880432,"PaymentMethod_Electronic check, charge_per_service, OnlineBackup_Yes",0.11144944
0.0371421,0.049502924,0.020586008,0.24978748,-0.032215293,-0.11197512,0.17243394,0.35375082,0.11595377,0.7630265,-0.02054685,0.13541797,0.07390033,0.0,-0.26735002,0.27231655,-0.004310016,0.0,0.45169866,0.0,-0.28100798,0.0,-0.43407884,0.0,-0.1707395,0.0,-0.83724374,0.0,-0.5981515,0.1230704,0.2078251,-0.19585247,-1.0612211,0.23718148,-0.009297937,0.13156167,"PaymentMethod_Electronic check, StreamingTV_Yes, charge_per_service",0.34577525
-0.006765536,0.09608154,0.10760381,-0.11903622,0.25988966,0.04647247,0.15210779,0.39078414,1.0320458,-0.22393613,-0.018559095,0.14463411,-0.2679398,0.0,-0.17975736,-0.19929884,-0.012569474,0.0,0.24537176,0.0,-0.42240047,0.0,-0.37212622,0.0,-0.25750363,0.0,-0.46372914,0.0,-0.3930288,0.111559324,0.24965897,-0.29131177,-1.1613904,0.403472,-0.05543375,0.1828308,"PaymentMethod_Electronic check, num_services, StreamingTV_Yes",0.26287055
-0.020612177,-0.012470906,-0.02194723,-1.9343134,-0.107918054,0.009974833,-0.48784116,-0.6367285,-1.3761902,-1.2645853,0.01529416,-0.0092933765,0.011789366,0.0,0.14336982,-0.4296926,-0.0006027703,0.0,-0.097746804,0.0,0.42140356,0.0,0.36258835,0.0,0.26013777,0.0,0.40847355,0.0,0.55797637,-0.14309911,-1.1254885,-0.074395135,-0.82675636,-0.04845424,-0.0028743627,-0.10959007,"tenure, num_services, charge_per_service",0.0014303303
0.08559557,0.164911,-0.23806195,-0.8564229,-0.024586383,-0.18816873,-0.11817146,-0.36065853,-0.66865695,0.53557384,0.0055798963,0.12378812,0.11255026,0.0,-0.6044971,0.1555902,-0.0015363169,0.0,0.45846295,0.0,-0.5107679,0.0,-0.4330822,0.0,-0.1329326,0.0,0.5577057,0.0,0.7298688,-0.064122275,-0.124897614,0.5561222,-0.86429834,-0.067382686,-0.008486553,-0.115405045,"PaymentMethod_Electronic check, tenure, StreamingMovies_Yes",0.12951949
-0.006472813,0.12236208,0.073166795,0.16563402,-0.13827355,-0.01840224,1.0102491,0.47163898,0.7893571,-0.7417849,0.009402612,0.12159688,1.662015e-05,0.0,-0.43013436,-0.22884825,0.12745844,0.0,-0.059527617,0.0,-0.24961977,0.0,-0.26242325,0.0,-0.17329472,0.0,-0.35327858,0.0,-0.3324424,0.14794053,0.33680865,-0.13871056,-1.1089884,0.4825072,0.008527842,-0.09983935,"PaymentMethod_Electronic check, MonthlyCharges, num_services",0.38126072
-0.05658042,0.20420527,0.047795694,-0.91836905,-0.07126062,-0.2375778,-0.12582377,-0.25726387,-1.3290262,-0.83558774,0.014279068,0.15438293,0.054575358,0.0,0.14676985,-0.34219122,-0.0008540362,0.0,0.35088784,0.0,0.4342992,0.0,0.09484947,0.0,0.14602517,0.0,0.2846965,0.0,-0.9324959,-0.09433297,-0.32667783,0.948548,-1.3186347,-0.15010546,0.014495968,-0.10716689,"num_services, PaymentMethod_Electronic check, PaymentMethod_Credit card (automatic)",0.014529112
-0.013369965,0.122906014,-0.033055827,-0.57744026,-0.09991253,-0.066152975,0.19632997,-0.3063506,-1.0504276,-1.2077044,0.0064419564,0.10411009,-0.091256075,0.0,-0.13194042,-0.4272694,-0.000876094,0.0,0.3750892,0.0,-0.34621078,0.0,0.2701438,0.0,0.21853568,0.0,0.46903408,0.0,0.66919553,0.02999026,-0.29002833,-0.20127973,-0.69167846,-0.13145873,-0.044666123,-0.10956271,"charge_per_service, num_services, PaymentMethod_Electronic check",0.033320595
0.008943063,0.10036338,0.04415438,1.1572937,-0.1467048,0.114873454,-0.015120324,0.07790573,-0.08544824,-1.0713118,-0.024998933,0.33673275,-0.15351611,0.0,-0.01549776,-0.32867524,-0.0037906272,0.0,0.07362353,0.0,0.7455964,0.0,-0.5031059,0.0,-0.16969803,0.0,-0.5259535,0.0,-0.37858012,0.13847208,0.2287135,-0.27325058,0.6808976,-0.23970082,-0.011639061,0.08368952,"tenure, charge_per_service, OnlineBackup_Yes",0.45895278
0.011901313,-0.20003404,0.12245455,0.030458186,-0.08349706,0.045173932,-0.028360814,-0.060472723,-0.7434092,-1.2480874,-0.12612773,-0.270637,-0.07748002,0.0,0.25647733,-0.4863708,-0.0013724794,0.0,-0.12455341,0.0,0.68572396,0.0,0.6324194,0.0,-0.13623215,0.0,-1.0376529,0.0,0.52256566,0.100093365,0.23213084,0.6579639,-1.0329068,-0.1373102,-0.046068363,0.25423184,"charge_per_service, StreamingTV_Yes, PaymentMethod_Electronic check",0.09130481
0.01654553,0.10382692,0.067918204,1.1733979,-0.036062334,0.13267165,0.12747332,0.5233449,0.33379292,-0.1135305,-0.04146809,-0.3071378,0.05608104,0.0,-0.10807754,-0.30686954,-0.0037906272,0.0,-0.056176007,0.0,0.727529,0.0,-0.6506621,0.0,-0.06384503,0.0,-0.6566744,0.0,-0.49066427,0.17412354,0.24292225,-0.25745738,-0.8690686,0.62426513,-0.0104854135,0.19381791,"tenure, PaymentMethod_Electronic check, OnlineBackup_Yes",0.6264258
0.017570611,-0.24256618,0.036001652,-0.2294824,-0.034357585,0.06642718,0.71854615,-0.6387082,0.46082076,0.99041384,0.009558913,-0.061395958,-0.26471487,0.0,0.4511868,0.36528125,-0.0010217831,0.0,-0.07480644,0.0,-0.44345537,0.0,-0.34410554,0.0,-0.0979335,0.0,-0.58795726,0.0,0.5925737,0.09147507,0.13430092,-0.23024173,0.6775895,-0.11222812,0.053429935,-0.053832605,"charge_per_service, MonthlyCharges, PaymentMethod_Electronic check",0.77548426
0.009500255,0.09185274,0.023946378,1.5540357,-0.048184063,0.016771585,0.33240986,0.24354959,0.8261849,0.5029478,-0.012234146,-0.03616617,-0.041516155,0.0,-0.12955181,-0.31001148,-0.003872989,0.0,-0.07490589,0.0,-0.4062155,0.0,-0.40458828,0.0,-0.07331682,0.0,-0.43535835,0.0,-0.53753066,0.1883931,0.23198308,-0.17001784,-0.86796016,0.423624,-0.04931669,0.21941818,"tenure, PaymentMethod_Electronic check, num_services",0.74174225
-0.0061884294,0.118579045,0.04606744,0.8570212,0.19149785,-0.15238054,0.05173103,0.27753806,1.1793861,-0.7636659,-0.018670337,-0.37739974,-0.23297732,0.0,-0.025190702,-0.32487014,-0.0056381007,0.0,-0.07026478,0.0,0.43319148,0.0,-0.5964665,0.0,-0.071996346,0.0,-0.4535985,0.0,-0.5837715,0.077938795,0.24242347,-0.14160009,-0.7127779,-0.4448716,-0.04038593,0.18283731,"num_services, tenure, charge_per_service",0.20208262
-0.104568034,-0.22517945,-0.11378397,-2.0090854,-0.06970681,-0.1274642,-0.25663993,-0.8844682,-1.0199412,-1.3470098,0.012446381,-0.12518588,-0.0233805,0.0,0.13951239,-0.4024476,-0.000787196,0.0,0.22505319,0.0,0.23909295,0.0,0.27456605,0.0,0.15666741,0.0,0.31420153,0.0,-0.61513555,-0.05114097,-1.1876745,-0.19947712,-0.71869797,-0.023468962,0.012208726,-0.12174059,"tenure, charge_per_service, Contract_Two year",0.00025805956
0.031760495,0.006419522,0.041055355,-0.30329007,-0.01607432,-0.011489798,-0.16217104,-0.55976254,0.39063585,0.42272174,0.004908165,-0.16861735,-0.026619574,0.0,0.33631992,0.43980774,-0.0015046225,0.0,-0.09026409,0.0,-0.56156784,0.0,-0.3680541,0.0,-0.117866054,0.0,0.48596194,0.0,-0.60893965,0.15381284,0.21511665,-0.13887402,-0.7722857,-0.051936645,0.023693947,-0.13260424,"PaymentMethod_Electronic check, StreamingMovies_Yes, OnlineBackup_Yes",0.17529795
0.0017979499,0.095866986,0.08804648,0.21091783,-0.15468438,0.017382175,0.37987587,0.07322932,1.0417478,-1.000924,0.006870647,0.1497129,-0.014676457,0.0,-0.4571634,-0.35045683,0.12745844,0.0,-0.11821756,0.0,-0.09871973,0.0,-0.22704667,0.0,-0.18346389,0.0,-0.25866798,0.0,-0.37042344,0.12985224,0.34265798,0.69230413,-1.2244494,-0.25215906,-0.020546243,-0.111919366,"PaymentMethod_Electronic check, num_services, charge_per_service",0.18322855
0.022723729,-0.026722241,-0.3468093,-1.4909098,-0.027411642,0.03274594,-0.07574404,-0.26858562,-1.1036043,0.37294436,0.0134614725,0.20935301,0.09321582,0.0,0.27839047,0.27805167,-0.001002092,0.0,-0.1596785,0.0,0.726427,0.0,-0.71244204,0.0,0.091927305,0.0,0.7816787,0.0,0.68187135,0.09161291,0.15851547,-0.14691056,-0.54198706,-0.05456718,-0.0009249921,-0.11075609,"tenure, num_services, StreamingTV_Yes",0.22374696
0.09631373,-0.4306328,0.044161677,-1.0821208,-0.046424538,0.09942577,0.7480717,-0.7436392,-0.6614158,0.050322767,0.012446381,0.20457728,0.0789501,0.0,0.36671627,0.2546386,-0.0012945752,0.0,-0.15236068,0.0,0.63562685,0.0,-0.8530407,0.0,0.29971814,0.0,0.6815666,0.0,-0.76025194,-0.06778509,-1.153405,-0.21694146,0.94146067,-0.13330178,-0.013951247,-0.042305462,"Contract_Two year, tenure, PaymentMethod_Electronic check",0.13543893
0.00022825829,-0.18157385,0.03352727,-0.28166983,-0.027885828,-0.27642503,-0.28355843,0.07419837,-0.57388186,0.31565058,0.018233985,-0.2527912,0.16902524,0.0,-0.4284965,0.42551985,-0.0010275379,0.0,-0.20568524,0.0,0.71317136,0.0,0.5247951,0.0,-0.09070282,0.0,-1.1153681,0.0,0.4896683,0.17649893,0.20546077,0.7507108,-0.91684604,-0.113295056,-0.00038999238,-0.09851119,"StreamingTV_Yes, PaymentMethod_Electronic check, PaymentMethod_Credit card (automatic)",0.27682883
-0.022099458,-0.19974752,0.07658807,-1.2113717,-0.15569021,-0.14585753,0.008475618,-1.200659,0.623081,-0.504505,0.0059905457,0.133038,-0.034816414,0.0,0.27145445,-0.487296,0.058171347,0.0,-0.107124224,0.0,-0.527739,0.0,-0.21782789,0.0,-0.25975406,0.0,-0.236412,0.0,-0.52314854,-0.0004858554,-1.3545952,0.8021148,-1.2155823,-0.19881026,-0.051883917,-0.13583992,"Contract_Two year, PaymentMethod_Electronic check, tenure",0.0010892698
-0.0019977475,0.1687031,0.09452816,-0.7035813,-0.21354578,-0.06807058,0.33190048,0.28564864,0.7324636,-0.9182609,0.009402612,0.13273755,-0.11350581,0.0,0.25914153,-0.4461734,0.11894358,0.0,-0.16489726,0.0,-0.47998437,0.0,-0.26138908,0.0,-0.18788855,0.0,-0.22451182,0.0,-0.44890022,0.10765921,0.23906575,-0.15424392,-0.5638327,-0.10927197,-0.036656808,-0.11595142,"charge_per_service, num_services, tenure",0.060580157
0.02523594,-0.30176616,0.024025476,-0.44212797,-0.045078486,-0.27942416,-0.06972644,-0.5152059,-0.33591592,0.43305218,0.0040457444,-0.12906785,-0.0250045,0.0,-0.6036937,0.31310117,-0.0015363169,0.0,-0.204352,0.0,-0.5044556,0.0,-0.44091672,0.0,-0.08503352,0.0,0.777323,0.0,0.7008752,0.055549905,0.13048746,-0.1728288,0.78389007,-0.14550452,-0.01732789,-0.044557396,"PaymentMethod_Electronic check, StreamingTV_Yes, StreamingMovies_Yes",0.24512859
-0.014448575,-0.14833924,0.13159285,-0.38852724,0.34735838,-0.08237509,-0.08112041,-0.20924315,0.13808006,-0.9782625,0.0045099403,0.17808124,-0.08242862,0.0,-0.3793199,-0.3228242,-0.0093041975,0.0,0.4005324,0.0,0.4184023,0.0,-0.6044503,0.0,-0.06719261,0.0,0.44998813,0.0,-0.73734283,0.13670973,0.23787846,-0.18731523,0.9231382,-0.17621407,0.00048458882,-0.049714457,"charge_per_service, PaymentMethod_Electronic check, StreamingMovies_Yes",0.23857771
-0.029760404,-0.21165393,-0.43599755,-0.36043757,-0.03332565,0.09948269,-0.12993602,-0.6680524,-0.1777074,0.9606767,0.0035534464,-0.11344121,-0.1268705,0.0,0.2799267,0.26692942,-0.0010381518,0.0,-0.10757915,0.0,-0.55714417,0.0,-0.5639386,0.0,-0.116018705,0.0,0.68935806,0.0,0.31310317,0.041882746,0.11615523,-0.14788872,0.63251346,-0.13886887,-0.0023173718,-0.040765136,"charge_per_service, StreamingTV_Yes, TotalCharges",0.3617016
0.048452333,-0.060117923,0.06064502,-0.12027633,-0.04081534,-0.30513373,-0.044578828,-0.16729838,-0.22420636,1.0814055,0.019513607,-0.16967544,0.23922808,0.0,0.37688297,0.31069565,-0.0015358801,0.0,-0.095116004,0.0,0.63093144,0.0,-0.58650064,0.0,-0.13570923,0.0,-0.6608949,0.0,0.8688516,0.1116226,0.13117099,-0.21765774,0.63450235,-0.15393487,0.014335981,-0.043015674,"charge_per_service, StreamingMovies_Yes, StreamingTV_Yes",0.81651986
-0.16653965,-0.0006755447,0.06888611,-0.3728841,-0.035465308,0.089398965,-0.3206894,-0.14480588,-1.6186666,0.0419352,0.008029698,-0.29619837,-0.010169247,0.0,0.27489996,0.3196699,-0.0013724794,0.0,-0.121688694,0.0,0.20962265,0.0,0.91886276,0.0,-0.22168913,0.0,0.5214187,0.0,0.51303965,0.11456001,0.1390265,-0.1600109,0.51747215,-0.1803126,0.027724264,-0.041972954,"num_services, DeviceProtection_Yes, StreamingTV_Yes",0.5156394
0.007605323,0.06946174,0.044279896,-0.3253399,-0.039968833,0.16660756,-0.19951697,0.16679078,-0.097465195,0.8060249,0.023423575,-0.19878492,-0.009834168,0.0,-0.34912595,0.2649985,-0.0036414878,0.0,-0.08731148,0.0,1.1416191,0.0,0.7841641,0.0,-0.10877009,0.0,-0.7320107,0.0,-0.55958796,0.10588672,0.15048525,-0.13221407,0.8143128,-0.14482811,-0.01791519,-0.053155933,"OnlineBackup_Yes, PaymentMethod_Electronic check, charge_per_service",0.81417394
0.025568347,0.09121283,0.06947572,1.2979778,0.23599505,-0.088974714,0.2673076,0.31350857,1.2511755,0.7001787,-0.011456081,-0.025166128,-0.0088984035,0.0,-0.15574606,-0.291277,-0.0057204627,0.0,-0.104571454,0.0,-0.2515476,0.0,-0.3470698,0.0,-0.083317325,0.0,-0.53439367,0.0,-0.5182189,0.17382,0.21683294,-0.15473187,-0.9232491,0.3698394,-0.04576245,0.23282823,"tenure, num_services, PaymentMethod_Electronic check",0.84380186
-0.03025558,-0.2198179,-0.12609349,-1.6373559,-0.047428142,-0.074691355,0.095829405,-0.47734484,0.5071158,-1.5175626,0.005020509,-0.18973882,0.08006779,0.0,-0.36412564,-0.4130191,0.12035155,0.0,-0.08259461,0.0,-0.31470367,0.0,-0.18087608,0.0,-0.24456088,0.0,-0.40417203,0.0,-0.39431608,-0.016827447,-1.3423682,0.39172673,-1.0184464,-0.18726563,-0.04381941,-0.13910079,"tenure, charge_per_service, Contract_Two year",0.000254692
-0.024498165,-0.33290535,-0.4884541,-0.502744,-0.056140244,0.02507652,0.25595817,-0.4683796,-0.17807038,-0.5711556,0.009963166,0.22243674,0.021889163,0.0,0.12439579,-0.484093,-0.0014324219,0.0,0.3314118,0.0,0.43464446,0.0,-0.41717815,0.0,-0.085731514,0.0,-0.467468,0.0,-0.40894383,0.19999307,0.19384632,0.781221,-1.0823836,-0.1132863,0.019202765,-0.08502529,"PaymentMethod_Electronic check, PaymentMethod_Credit card (automatic), charge_per_service",0.04082901
-0.004275485,0.19350098,0.044675577,-0.41954598,-0.18096697,-0.097232066,0.23994046,0.35664156,0.8468414,-0.81790763,0.006870647,0.10053019,-0.014366776,0.0,0.2055685,-0.40328372,0.11658744,0.0,-0.13469453,0.0,-0.48854795,0.0,-0.22809212,0.0,-0.20863225,0.0,-0.28752974,0.0,-0.40958828,-0.0050919373,-1.0581799,-0.120863356,-0.62504214,-0.025722666,-0.022370763,-0.102163866,"Contract_Two year, num_services, charge_per_service",0.02787463
0.059027363,0.1494691,0.042593714,-1.2714986,-0.03297283,0.09183861,-0.06529447,-0.7476997,-0.6994143,0.32076454,0.041017916,0.21255043,0.053570237,0.0,0.16951695,0.26842475,-0.001002092,0.0,0.33164302,0.0,0.6748575,0.0,-0.5552716,0.0,-0.13310502,0.0,-1.2437251,0.0,1.0017626,0.068859,-0.111895524,-0.23744929,-0.8012482,-0.05008748,-0.004682583,-0.10951208,"tenure, StreamingTV_Yes, StreamingMovies_Yes",0.06992846
-0.0052588927,0.02656866,0.09024387,-1.768257,-0.035177488,-0.08966603,-1.1840931,-0.48852757,-1.8131943,-0.4749181,0.008029698,-0.014797455,-0.17450683,0.0,0.20417356,0.19120961,-0.00077185105,0.0,0.25484708,0.0,0.32266286,0.0,0.5180826,0.0,0.513465,0.0,0.40108997,0.0,0.4935899,-0.1291233,-1.2542987,0.5477957,-0.999653,-0.06580986,-0.0005843538,-0.09454765,"num_services, tenure, Contract_Two year",0.0064946846
-0.023795519,-0.11265813,-0.15078072,0.19695023,-0.009529976,0.0907179,-0.00085057504,-0.08045051,-0.5543053,0.5116297,0.0045642145,0.10691019,-0.04781713,0.0,-0.23219955,0.34790942,-0.0043081595,0.0,0.55422896,0.0,-0.47262383,0.0,0.54537386,0.0,-0.101700254,0.0,0.84058857,0.0,-0.75809896,0.21264556,0.21674411,-0.20678474,-0.8303118,0.5303831,0.022399362,-0.12197918,"StreamingTV_Yes, PaymentMethod_Electronic check, StreamingMovies_Yes",0.61396825
0.007677684,0.116655946,-0.27439097,0.07909243,-0.104001336,0.04724886,0.98738176,0.05330854,0.91066796,-1.0064358,-0.020157898,0.09889477,-0.012888029,0.0,-0.48686716,-0.2143768,0.12745844,0.0,-0.047643296,0.0,-0.25781676,0.0,-0.34587306,0.0,-0.22927505,0.0,-0.39389062,0.0,-0.5372506,-0.46165615,-0.32476106,-0.14694811,-0.9115844,0.5838908,-0.05302987,0.1903333,"charge_per_service, MonthlyCharges, PaymentMethod_Electronic check",0.06691564
0.01148621,0.09399823,-0.3000758,-0.48463216,-0.1123413,0.05293967,0.35554424,-0.22003892,0.8633138,-0.8459085,0.0059006102,0.12805828,-0.017671278,0.0,-0.49760243,-0.5386626,0.12745844,0.0,-0.103841946,0.0,-0.28475785,0.0,-0.26576257,0.0,-0.18200968,0.0,-0.25153238,0.0,-0.47029334,-0.007772229,-0.3660325,-0.0927031,-0.5095508,-0.07609277,-0.1083126,-0.13066861,"num_services, charge_per_service, InternetService_Fiber optic",0.014253594
-0.08465124,-0.09676428,-0.15159169,-1.9167914,-0.06911346,-0.07575306,-0.36890742,-0.8567325,-1.3531483,-1.7912879,0.0134614725,-0.0930226,-0.0012488961,0.0,0.17804468,-0.42254817,-0.0006027703,0.0,0.19533414,0.0,0.2432389,0.0,0.2812712,0.0,0.37872326,0.0,0.33250087,0.0,0.5483306,-0.08906773,-1.4329057,-0.1806531,-0.67912483,-0.049606577,-0.0024095324,-0.11817395,"tenure, charge_per_service, Contract_Two year",0.00046545613
-0.039090756,-0.1665212,-0.016000854,-0.86027855,-0.061317164,-0.047473293,0.56633955,0.102963105,0.595909,-1.4348147,0.005020509,0.076363616,-0.067915335,0.0,-0.35202494,-0.40000772,0.12035155,0.0,-0.10768248,0.0,-0.24111745,0.0,-0.19649485,0.0,-0.2076428,0.0,-0.32049176,0.0,-0.3461677,0.013990276,-1.6767339,0.10429948,-1.2705991,-0.32300967,-0.067587845,-0.13446613,"Contract_Two year, charge_per_service, PaymentMethod_Electronic check",0.0011567004
0.04019224,-0.2891057,-0.3478243,-1.5596741,-0.037791878,0.06971068,0.35389793,-0.47641954,-0.084446914,0.5406746,0.021164268,0.05867002,0.061690036,0.0,0.25370112,0.22338773,-0.001002092,0.0,-0.090359986,0.0,0.8791145,0.0,-0.49802393,0.0,-0.07408886,0.0,-1.3094219,0.0,0.6780804,-0.151744,-0.043228693,-0.203552,0.81667566,-0.10476536,-0.016667668,-0.059775747,"tenure, StreamingTV_Yes, OnlineBackup_Yes",0.20427923
0.0028895908,0.08714322,0.0045054713,1.2971433,-0.051533435,0.032633107,0.20632735,0.006873645,0.91230136,0.52112484,-0.014336542,-0.039095066,-0.07049079,0.0,-0.1406954,-0.3051236,-0.003872989,0.0,-0.10871821,0.0,-0.42850506,0.0,-0.44458175,0.0,-0.06559239,0.0,-0.43576106,0.0,-0.5626124,0.18458271,0.21465603,-0.17523415,-0.9015572,0.56564176,-0.049432013,0.21941818,"tenure, num_services, PaymentMethod_Electronic check",0.6104659
-0.0008822684,0.080546945,-0.26590398,0.15712292,-0.12782662,-0.18368948,0.8470267,-0.070716724,0.7466883,-1.347189,-0.031135889,0.15702912,-0.001074672,0.0,-0.45991433,-0.21146293,0.12745844,0.0,-0.061191097,0.0,-0.23987502,0.0,-0.36467323,0.0,-0.22414984,0.0,-0.3039928,0.0,-0.54183763,-0.50258267,-0.3448218,-0.03672289,-0.5626724,-0.14237821,-0.082734615,0.19140494,"charge_per_service, MonthlyCharges, num_services",0.021689944
-0.011912153,-0.15681323,-0.51984227,-0.32771128,-0.02181757,0.094469,-0.29918918,-0.6390786,-0.5729524,0.35855925,0.004717724,-0.07262011,0.15610403,0.0,0.26989028,0.40146112,-0.000874751,0.0,-0.142044,0.0,-0.67475826,0.0,0.6347845,0.0,-0.11207246,0.0,0.52721846,0.0,0.5543925,0.15359274,0.17120618,0.480574,-0.8293491,-0.13466634,-0.01359638,-0.091951214,"PaymentMethod_Electronic check, OnlineBackup_Yes, TotalCharges",0.30510476
0.065961346,0.1049557,0.07963182,1.503402,-0.03237701,-0.106555164,-0.2240665,0.4724401,-0.18372527,1.2020555,-0.00914393,-0.054359093,-0.06867998,0.0,0.30512258,0.34596664,-0.0014131645,0.0,-0.11944132,0.0,-0.3631281,0.0,-0.45772156,0.0,0.0018200161,0.0,0.7486185,0.0,0.51318187,0.18140167,0.23318113,-0.113164105,-0.87801456,0.19611722,-0.003980375,0.14375584,"tenure, charge_per_service, PaymentMethod_Electronic check",0.9699101
-0.036111202,-0.16704004,-0.0012267423,-1.5287019,0.30789372,-0.10914154,0.13352692,-0.61509407,-0.5892799,-2.175763,0.005525032,-0.13158345,-0.114135005,0.0,-0.5596094,-0.54614174,-0.0014200725,0.0,-0.2795531,0.0,0.19562244,0.0,0.31660357,0.0,0.30626673,0.0,0.33952692,0.0,0.4311952,-0.05093181,-1.3778803,-0.14894494,-0.8384529,-0.1327094,-0.013942488,-0.113613784,"charge_per_service, tenure, Contract_Two year",0.00055060454
0.04340598,0.11851285,0.019633042,1.3320014,-0.050760593,0.0029278735,0.2839564,0.23019698,0.97319347,1.1314448,-0.010491843,-0.065441184,-0.1461852,0.0,-0.06497135,0.27825588,-0.0033663616,0.0,-0.088170715,0.0,-0.47376168,0.0,-0.28267518,0.0,-0.08377095,0.0,-0.3872183,0.0,-0.5072558,0.10690044,0.15239269,-0.13077052,0.6747058,-0.21189983,-0.10478976,0.13374376,"tenure, charge_per_service, num_services",0.94588023
0.03694387,0.0943255,0.05793866,-0.22554642,-0.052038,-0.015251115,0.11855739,-0.51424664,0.8557507,0.3617936,-0.020634536,-0.085175,0.09291923,0.0,0.31320348,0.33399302,-0.004182846,0.0,-0.048116468,0.0,-0.7237541,0.0,-0.23652673,0.0,-0.22673313,0.0,-0.6543315,0.0,-0.50543964,0.061244365,0.13863318,-0.13827556,0.80444443,-0.14903437,-0.1761343,0.1176299,"num_services, PaymentMethod_Electronic check, OnlineBackup_Yes",0.40206474
-0.043580875,-0.23650573,-0.16261198,-0.24502753,-0.07865183,0.017431527,0.044602703,-0.50937724,-0.48214677,-0.99791276,0.017227627,0.18526337,-0.08092184,0.0,-0.17507157,-0.47013196,-0.0010428828,0.0,-0.09833947,0.0,0.95326865,0.0,0.6524978,0.0,0.13269477,0.0,-0.50849396,0.0,-0.49129266,0.17845605,0.26796976,-0.16364905,-0.8728421,0.5039661,2.2635795e-06,-0.11687863,"charge_per_service, OnlineBackup_Yes, PaymentMethod_Electronic check",0.05787109
-0.030004641,-0.15348424,-0.4313105,-0.14982648,0.16770414,-0.02917708,-0.14673097,-0.12921683,0.8240495,-0.19475603,0.0058998372,0.23056969,0.082562834,0.0,-0.2981998,-0.5177426,-0.012569474,0.0,-0.111854665,0.0,-0.6639734,0.0,-0.27807456,0.0,0.46373877,0.0,-0.23430398,0.0,-0.30339003,0.12066963,0.21835111,0.545672,-0.9204394,-0.14752232,-0.026672116,-0.0939325,"PaymentMethod_Electronic check, num_services, OnlineBackup_Yes",0.09772246
-0.042199563,0.17611061,-0.45475706,-1.0708336,-0.091089904,-0.12447939,0.632638,-1.2617007,-0.4579948,-0.7732672,0.01722982,0.13439327,0.1444911,0.0,-0.11469733,-0.29363772,-0.0019305871,0.0,0.3460285,0.0,0.6434232,0.0,-0.6262213,0.0,-0.11754406,0.0,-0.6664238,0.0,-0.6271536,-0.15320437,-0.4160487,-0.3278818,-0.7051842,-0.07360041,0.006249537,-0.09252435,"TotalCharges, tenure, charge_per_service",0.0016577494
0.011087187,0.0790511,0.046363033,-0.08178513,-0.025536478,0.062196497,-0.13697307,-0.31919026,-0.13154903,0.5757428,0.005123806,-0.09487657,0.025970917,0.0,0.29824197,0.47807702,-0.0013741048,0.0,-0.16637522,0.0,-0.50129163,0.0,0.51894116,0.0,-0.13329993,0.0,0.7136022,0.0,-0.87946844,0.19263425,0.21240853,0.5234945,-1.009104,-0.16917554,0.10475001,-0.09957642,"PaymentMethod_Electronic check, StreamingMovies_Yes, StreamingTV_Yes",0.52230585
-0.022861334,-0.17003888,-0.41583493,-0.00011980219,-0.09143916,0.036364213,0.20029967,-0.14123988,0.76114655,-1.4075807,-0.01875372,0.08474417,-0.07502275,0.0,-0.4928176,-0.29273847,0.12745844,0.0,-0.08130434,0.0,-0.2458804,0.0,-0.34592038,0.0,-0.18607414,0.0,-0.2869622,0.0,-0.32887605,0.13670859,0.30460843,0.14120622,-1.0680249,-0.30740336,-0.11447929,0.1704852,"charge_per_service, PaymentMethod_Electronic check, num_services",0.015685977
0.107613645,-0.120981395,-0.6324155,-0.50670284,-0.119780414,0.06408696,-1.0453291,-0.6565093,-2.177217,-0.7934067,0.0134614725,0.2561982,-0.0015046245,0.0,0.29312894,0.3173539,-0.00083869125,0.0,-0.10889975,0.0,0.3883893,0.0,0.88872254,0.0,0.64819,0.0,0.6855124,0.0,0.6924462,0.02199962,0.1535116,-0.13950127,0.4806035,-0.16296807,0.028550046,-0.038012613,"num_services, MonthlyCharges, DeviceProtection_Yes",0.18646796
0.045469247,0.16285697,0.049272392,-0.27246287,-0.034945466,0.15407291,0.0045413645,-0.79431146,0.2746781,1.334228,0.022201588,-0.27446458,0.06449603,0.0,0.33221248,0.33837277,-0.001399539,0.0,-0.067456745,0.0,0.8330533,0.0,-0.28240567,0.0,-0.12985724,0.0,-0.7938836,0.0,-0.6663041,0.089533605,0.14045374,-0.24329254,0.953822,-0.12436663,0.037756864,-0.06958037,"charge_per_service, PaymentMethod_Electronic check, OnlineBackup_Yes",0.74525505
-0.0070613665,0.10227222,0.095735356,0.7875461,-0.12087467,-0.042348854,0.8137992,0.76533103,0.81565315,-0.65958303,-0.014958884,0.20246784,-0.0060600676,0.0,-0.43913555,-0.2145799,0.11545408,0.0,-0.05806229,0.0,-0.35933805,0.0,-0.25684488,0.0,-0.088754766,0.0,-0.3519667,0.0,-0.3582944,0.19662589,0.3724887,-0.14225866,-0.98944545,0.51716155,-0.051488265,0.12702568,"PaymentMethod_Electronic check, num_services, MonthlyCharges",0.6773627
-0.038596097,-0.24031527,0.08205376,-0.5811816,-0.11185648,-0.013915185,0.057128485,-1.2081683,-1.1230705,-0.82519686,0.006197011,0.23169115,-0.32503843,0.0,0.20702273,-0.6564194,-0.0008330113,0.0,-0.116869256,0.0,0.5348746,0.0,-0.5581089,0.0,0.17815265,0.0,0.19904438,0.0,0.5570038,-0.019544011,-0.34830183,0.69557256,-1.1662363,-0.10839778,-0.00917555,-0.11658684,"TotalCharges, PaymentMethod_Electronic check, num_services",0.007939786
0.031105546,-0.33776733,0.06988615,-1.0891161,-0.039089832,0.025940165,0.04511461,-0.76083034,0.74661994,0.17612337,0.0099704275,-0.020364575,0.12599185,0.0,-0.512723,0.23230049,-0.0015199482,0.0,-0.040732194,0.0,-0.6339204,0.0,-0.284262,0.0,-0.059399057,0.0,-1.0019325,0.0,0.754702,-0.3761375,-0.034514263,-0.2227572,0.5689835,-0.12224824,-0.013856751,-0.08126682,"tenure, StreamingTV_Yes, TotalCharges",0.054447796
-0.035983786,0.050324317,0.021155177,-1.6097773,0.31436694,0.1557487,0.1468661,-1.1317929,-0.45837304,-3.1112454,0.012446972,-0.10615848,0.07946227,0.0,-0.36577126,-0.41569087,-0.0016044981,0.0,0.6219609,0.0,0.3543139,0.0,0.49084616,0.0,0.63894033,0.0,0.32699525,0.0,-0.50370795,-0.03244225,-0.74095666,-0.19621398,-0.88870823,-0.118923426,0.015870882,-0.116876766,"charge_per_service, tenure, TotalCharges",0.0013399834
-0.068182245,-0.23471187,0.06472284,-0.030957045,-0.03584858,0.050590575,0.30592352,-0.6849395,-0.24832794,0.37262914,0.00430621,-0.19351937,0.0017445569,0.0,0.41312096,0.3418179,-0.0016575583,0.0,-0.13617414,0.0,-0.53613394,0.0,-0.4591681,0.0,-0.14142878,0.0,0.43858764,0.0,0.6514869,0.12457817,0.13462347,-0.1622916,0.7590628,-0.1674288,0.04249891,-0.042235393,"PaymentMethod_Electronic check, TotalCharges, StreamingMovies_Yes",0.6350311
0.03679447,0.084924676,0.08768792,0.11428894,-0.040129475,0.055610728,-0.38688204,0.92420536,-0.566242,0.50109565,-0.027256664,-0.08821915,-0.017094992,0.0,-0.44810045,0.28750888,-0.0016830041,0.0,-0.19032472,0.0,-0.41076633,0.0,0.73129016,0.0,-0.014560613,0.0,0.87419564,0.0,0.35833302,0.02988429,0.1411312,-0.10951863,0.71215045,-0.1611704,-0.04697611,0.10293686,"TotalCharges, StreamingTV_Yes, DeviceProtection_Yes",0.9258271
0.028696943,-0.26468122,-0.007415816,-0.44895625,-0.046653725,-0.0056642266,0.34949023,-0.76465,0.84973884,0.7443838,0.004374793,-0.06762816,-0.04312756,0.0,-0.4281864,0.24368985,-0.0020027878,0.0,-0.1011483,0.0,-0.39966702,0.0,-0.28991765,0.0,-0.14752206,0.0,-0.65301096,0.0,-0.38870513,0.09332722,0.119201906,-0.18970197,0.7336929,-0.15068,-0.05648297,-0.06413152,"num_services, TotalCharges, charge_per_service",0.20388883
-0.010358067,0.08253742,0.09028062,1.0824289,0.32068586,-0.05973394,0.2525902,0.2349853,1.2265053,-0.46853262,-0.016139569,0.11295913,0.012260066,0.0,-0.23354186,-0.27702528,-0.0057204627,0.0,-0.12745468,0.0,-0.51559484,0.0,-0.3730846,0.0,0.20025094,0.0,-0.4656549,0.0,-0.4395598,0.1301227,0.31185776,-0.20269279,-0.9828795,0.45585325,-0.042612974,0.18335634,"num_services, tenure, PaymentMethod_Electronic check",0.6147354
-0.0033812644,0.11706212,0.062475074,0.13361908,-0.1359378,-0.01247159,0.96468055,0.48794958,0.8346994,-1.0167308,0.0059006102,0.123101085,-0.023730004,0.0,-0.432081,-0.23951557,0.12745844,0.0,-0.035270516,0.0,-0.2325956,0.0,-0.2147763,0.0,-0.19133085,0.0,-0.33968312,0.0,-0.33568695,0.17505063,0.34371457,-0.17747779,-1.0728961,0.45596907,-0.0021924938,-0.09986866,"PaymentMethod_Electronic check, charge_per_service, MonthlyCharges",0.32239798
-0.037819274,-0.19109766,0.01783292,-1.4748598,-0.06638558,-0.067595124,0.12451099,-0.4580066,0.73699516,-1.6280591,0.0059905457,0.05153831,0.017068116,0.0,-0.43337825,-0.43031162,0.12035155,0.0,-0.08641466,0.0,-0.49398997,0.0,-0.20099658,0.0,-0.23653494,0.0,-0.29385933,0.0,-0.39610037,-0.006151121,-1.8582884,-0.17474818,-0.9501936,0.37671715,-0.039422352,-0.13990888,"Contract_Two year, charge_per_service, tenure",0.00026862035
-0.022810994,0.18252324,-0.33575168,-1.0159473,-0.08264011,0.022205012,0.019510187,-1.0808668,0.49651304,-0.6359078,0.009402612,0.11516315,-0.041263606,0.0,0.19657996,-0.4482272,0.058171347,0.0,-0.09249877,0.0,-0.48409608,0.0,-0.34287092,0.0,-0.22118293,0.0,-0.23221385,0.0,-0.3903214,-0.008869255,-1.2862166,0.8408241,-1.058296,-0.20460147,-0.067197986,-0.12778667,"Contract_Two year, TotalCharges, PaymentMethod_Electronic check",0.0019315466
-0.0643744,-0.25157076,-0.14832515,-0.71434295,-0.0641032,-0.05540597,-0.10975579,-0.27791306,-0.6522292,-1.1062474,0.005579306,0.04264934,0.06389133,0.0,-0.35164085,-0.5702435,-0.0009330224,0.0,0.3288052,0.0,-0.38379538,0.0,-0.34552422,0.0,0.37915218,0.0,0.27948207,0.0,0.4683472,-0.04938126,-1.06709,-0.08903655,-0.631596,-0.049675327,0.0063921693,-0.11758625,"charge_per_service, Contract_Two year, tenure",0.0039295238
0.03918587,0.06784409,0.21437533,-0.29218537,-0.1348613,-0.11334366,-0.65543044,-0.30229405,-1.9552568,-0.2710032,0.013462063,0.09621483,0.20812479,0.0,0.26364356,0.3240807,-0.00083869125,0.0,-0.27371845,0.0,0.7619231,0.0,0.7435211,0.0,0.8121123,0.0,0.6586277,0.0,0.6009588,0.21468936,-0.10523006,-0.20215108,0.75621146,-0.15359358,0.0046415096,-0.039345957,"num_services, TechSupport_Yes, OnlineBackup_Yes",0.7810057
0.42343995,-0.13902047,-0.2650012,-0.3500557,-0.122343525,0.0272617,-0.8873423,-0.108002365,-1.3442557,-0.4601548,0.006197011,0.24473886,-0.13515854,0.0,0.24272743,0.29462513,-0.001002092,0.0,0.40958908,0.0,0.8375628,0.0,-0.42589924,0.0,0.60057247,0.0,0.55710924,0.0,0.6407135,0.028976941,0.12884316,-0.1777044,0.48303548,-0.13765644,-0.0019287317,-0.03891725,"num_services, MonthlyCharges, OnlineBackup_Yes",0.5798418
-0.021919666,-0.10750404,0.058972783,-2.187681,-0.05202726,-0.14188065,-1.2695965,-0.44129103,-1.7134132,-0.68789893,0.006197011,-0.021087447,-0.14361371,0.0,0.21063355,0.24458334,-0.00077185105,0.0,0.2160241,0.0,0.3307941,0.0,0.6276337,0.0,0.5009245,0.0,0.46099648,0.0,0.5598379,-0.16017179,-1.6775343,-0.13409801,-0.6561288,-0.04273169,0.0015206124,-0.09495582,"tenure, num_services, Contract_Two year",0.0017523958
-0.029819202,-0.2218651,-0.26362947,-0.498293,-0.08545558,-0.09155309,0.23628952,0.5255315,0.7085796,-0.7180977,0.0059905457,0.06657204,-0.0027803397,0.0,0.37707466,-0.49628025,0.11658744,0.0,-0.11854442,0.0,-0.33290455,0.0,-0.28604126,0.0,-0.16369201,0.0,-0.34241483,0.0,-0.38465524,-0.01579465,-1.6551216,-0.21632056,-0.8798548,0.35290295,-0.054710466,-0.13392794,"Contract_Two year, PaymentMethod_Electronic check, charge_per_service",0.009843469
-0.0082499515,-0.2568209,-0.32894105,-0.6432699,0.22179182,-0.02889709,0.24665374,-0.105346136,-0.57888633,-3.4244647,-0.122147545,0.076973036,-0.21345824,0.0,-0.519042,-0.5361564,-0.0016488369,0.0,0.67302084,0.0,0.399216,0.0,0.5578243,0.0,0.55693054,0.0,-0.7784734,0.0,0.26574168,-0.026817737,-1.453402,0.25722188,-1.0868533,-0.20273085,0.0031010974,0.128415,"charge_per_service, Contract_Two year, PaymentMethod_Electronic check",0.0009697104
0.012141531,0.07243182,0.023231711,0.056390163,-0.04700628,-0.03791373,-0.008766654,0.0545076,0.9266066,0.8147017,-0.01701288,-0.06794298,-0.113110326,0.0,-0.42322156,0.26312712,-0.0038033887,0.0,-0.034854982,0.0,-0.54001534,0.0,-0.43044853,0.0,-0.17549168,0.0,-0.46656042,0.0,-0.37643448,0.13969932,0.20051834,-0.16908936,-0.9532401,0.37757954,-0.08322865,0.17147167,"PaymentMethod_Electronic check, num_services, charge_per_service",0.3005751
-0.17821413,0.019258615,0.06298623,-1.5207578,-0.058394354,0.024411172,-1.0947503,-0.7145603,-1.9853565,-0.53240025,0.01529416,0.048758097,0.018760996,0.0,0.16274929,0.40489262,-0.00083869125,0.0,0.21544649,0.0,0.88429236,0.0,0.65488094,0.0,-0.30389974,0.0,0.7300829,0.0,0.4120896,0.08057565,0.16351779,-0.18138242,-0.53349507,-0.057817206,-0.0023768984,-0.09293773,"num_services, tenure, MonthlyCharges",0.033310305
-0.063278496,-0.21214062,-0.06471916,-1.7196877,-0.07993497,-0.09086232,-0.2524747,-0.5405698,-1.2393167,-1.2891674,0.020728659,0.069755614,-0.1864576,0.0,0.16783148,-0.4684352,-0.0006027703,0.0,0.14535093,0.0,0.34813136,0.0,0.22186023,0.0,0.19764256,0.0,-0.74113274,0.0,0.45324564,-0.07061631,-1.4336131,-0.23889609,-1.1600783,0.04175711,-0.0048804823,-0.11943664,"tenure, Contract_Two year, charge_per_service",0.00024382284
0.028346492,-0.40908834,-0.3416202,0.12782998,-0.02838942,-0.17381011,0.26959658,-0.30121607,0.3610916,0.8247422,0.0028150124,-0.12587062,0.029930752,0.0,-0.37667823,0.33982408,-0.004681011,0.0,-0.07906145,0.0,-0.3953488,0.0,-0.24487169,0.0,-0.12066237,0.0,0.81523806,0.0,-0.72233915,0.05836271,0.15755612,-0.1493274,0.700679,-0.1379322,0.03857607,-0.07144713,"charge_per_service, StreamingTV_Yes, StreamingMovies_Yes",0.5158491
0.019647129,0.04856993,0.15864237,0.6919754,0.5018135,0.21998218,0.23039943,0.6017029,0.71472436,-0.5505429,-0.07060068,-0.19452603,-0.042375926,0.0,-0.42660946,-0.23186599,-0.0032175994,0.0,-0.10911477,0.0,-0.37812564,0.0,0.6123178,0.0,-0.082200274,0.0,-0.66584724,0.0,0.7029926,0.06982056,0.24891418,-0.18249606,0.65773153,-0.18587989,-0.0367614,0.10173123,"num_services, StreamingMovies_Yes, tenure",0.9177359
0.03333478,0.13039184,0.031982966,-0.59933233,-0.05459344,-0.015844908,0.3384369,-0.7663708,0.84777194,0.52735204,0.0073190443,-0.08377244,0.056001253,0.0,0.45910883,-0.62042934,-0.004182846,0.0,-0.1380243,0.0,-0.5030529,0.0,-0.12870738,0.0,-0.12206044,0.0,-0.5552856,0.0,-0.79038113,-0.2660142,-0.1034728,0.6427583,-1.2691042,-0.11128969,0.12280438,-0.13718113,"PaymentMethod_Electronic check, num_services, StreamingMovies_Yes",0.043911982
0.016981682,0.11691139,0.038287953,-0.60667133,-0.13533455,0.03906779,0.9211096,-0.6381666,0.88300884,-1.2030101,0.006870647,0.13348389,-0.008937752,0.0,-0.46876708,-0.42842618,0.12745844,0.0,-0.17947936,0.0,-0.30789414,0.0,-0.21041523,0.0,-0.18767507,0.0,-0.25494155,0.0,-0.60068756,-0.34835878,-0.3792388,-0.0682234,-0.67957836,-0.11538801,0.13305132,-0.13025653,"charge_per_service, MonthlyCharges, num_services",0.010518501
-0.009039884,0.10204855,0.06932229,-0.5541523,-0.09025734,0.022928149,0.21504621,0.6016499,0.8004767,-1.3983331,-0.020157898,0.07245219,0.026329832,0.0,-0.47247458,-0.23932695,0.10834719,0.0,-0.057466537,0.0,-0.21730529,0.0,-0.32644498,0.0,-0.17919911,0.0,-0.37807882,0.0,-0.26771107,0.0217472,-1.9660916,-0.10955228,-1.1630621,0.57309824,-0.080646046,0.13528815,"Contract_Two year, charge_per_service, PaymentMethod_Electronic check",0.008248891
0.04091774,0.12362035,0.019475454,1.3284377,-0.050731353,-0.023481334,0.11864602,0.18505156,0.9074681,1.0378371,-0.012109019,-0.062272996,-0.15289943,0.0,-0.064249106,0.2750134,-0.0033663616,0.0,-0.089217134,0.0,-0.6180277,0.0,-0.31847805,0.0,-0.08823841,0.0,-0.3823533,0.0,-0.48205405,0.11322135,0.15023375,-0.13108069,0.6717396,-0.21024479,-0.101446025,0.13047408,"tenure, charge_per_service, num_services",0.9091301
-0.022972727,-0.15697938,-0.2564515,-0.37640312,-0.04163114,-0.13960524,0.2346939,-0.7668659,0.107961506,0.22241084,0.005880751,0.17668602,-0.08686991,0.0,-0.25677922,-0.47172293,-0.0020356707,0.0,0.5256695,0.0,-0.5244703,0.0,-0.2723663,0.0,-0.11591352,0.0,-0.528995,0.0,-0.38047028,0.15631269,0.19090603,0.81297237,-0.9931995,-0.08843079,0.01943762,-0.12632956,"PaymentMethod_Electronic check, PaymentMethod_Credit card (automatic), TotalCharges",0.04052812
-0.034581803,-0.1566892,0.07552182,0.7450609,-0.12157982,-0.043623906,0.63676625,-0.4362104,0.847669,-1.5362042,-0.01142782,0.11764414,0.013912362,0.0,-0.4028091,-0.33317867,0.11545408,0.0,-0.030888144,0.0,-0.3461922,0.0,-0.3258253,0.0,-0.14328167,0.0,-0.35652602,0.0,-0.44064674,0.20477138,0.36852074,-0.1452802,-1.0315048,0.50708467,-0.045761682,0.18671419,"charge_per_service, PaymentMethod_Electronic check, num_services",0.10603291
-0.020490093,0.071102075,0.05549049,1.4145623,-0.08795536,0.050316986,0.7244113,0.5795068,0.79384136,-1.289031,-0.013782453,0.09827694,0.1466094,0.0,-0.29749352,-0.3195296,0.107984215,0.0,-0.031104542,0.0,-0.3019422,0.0,-0.3236805,0.0,-0.12340208,0.0,-0.38408104,0.0,-0.41690907,0.23903014,0.39802727,-0.13745892,-0.8507304,0.5266205,-0.050806284,0.24682347,"tenure, charge_per_service, PaymentMethod_Electronic check",0.688985
-0.022800375,-0.19091462,0.024206178,0.13096957,-0.13939515,-0.00690958,0.49489075,0.39950544,0.79411995,-0.7698609,0.005020509,0.12613407,-0.024736619,0.0,-0.42877644,-0.28552607,0.12745844,0.0,-0.005151149,0.0,-0.2227117,0.0,-0.21525747,0.0,-0.18828544,0.0,-0.3347709,0.0,-0.33829525,0.215546,0.33714512,-0.14550272,-1.1121262,0.52894765,0.013773336,-0.11863435,"PaymentMethod_Electronic check, num_services, charge_per_service",0.20411597
0.014135585,0.09286418,0.041082893,-0.3564835,-0.09331687,-0.003996764,0.7375488,-0.25898704,0.97128576,-1.5343115,0.006870647,0.12650296,-0.019813532,0.0,-0.49484083,-0.40033862,0.12745844,0.0,-0.1627214,0.0,-0.34227413,0.0,-0.23020415,0.0,-0.18907316,0.0,-0.36095345,0.0,-0.6060943,-0.21158646,-0.32806084,-0.18984157,-1.1679078,0.45807448,-0.08836834,-0.13148466,"charge_per_service, PaymentMethod_Electronic check, num_services",0.009915786
0.03623293,0.12138592,0.08636008,-0.2996797,-0.03156741,0.12448516,0.0023226119,-0.31859165,-0.19808035,0.611611,0.021770721,0.14647564,-0.18072808,0.0,0.20980205,0.2942115,-0.0014324219,0.0,0.32429025,0.0,0.7292631,0.0,-0.51143956,0.0,-0.16588652,0.0,-0.55975145,0.0,-0.5740567,0.13586783,0.11596913,-0.20154737,0.82824135,-0.09597661,-0.0013967016,-0.048896447,"PaymentMethod_Electronic check, OnlineBackup_Yes, charge_per_service",0.643464
0.083042294,0.09857046,0.027338166,0.5926335,-0.0461934,-0.018559717,0.058465555,-0.27772707,0.933235,0.9887429,-0.01701288,-0.10969266,-0.12988584,0.0,-0.38836515,0.20565,-0.0038033887,0.0,-0.01237133,0.0,-0.54239327,0.0,-0.35122913,0.0,-0.2270156,0.0,-0.4528488,0.0,-0.46687415,0.1125263,0.13882485,-0.16198401,0.55592,-0.17809992,-0.10210691,0.13071433,"charge_per_service, num_services, tenure",0.60603446
-0.2345052,-0.09726647,0.06594791,-1.2285044,-0.02596452,0.029128453,-0.0672079,-0.6846218,-1.1134776,0.032655645,0.006197011,-0.3337023,0.023690945,0.0,0.19432867,0.2765481,-0.00083869125,0.0,-0.106046155,0.0,0.44360137,0.0,0.49644864,0.0,-0.15412124,0.0,0.60205036,0.0,0.6300442,-0.1619874,-0.11828787,0.83680993,-1.0812889,-0.10020702,-0.011696446,-0.09126655,"tenure, num_services, PaymentMethod_Electronic check",0.12106674
-0.30585566,0.095065385,0.057872605,0.19070372,-0.057726674,-0.108193725,0.28403077,0.16043584,0.8684065,0.608062,-0.019513587,-0.08311837,0.0044702934,0.0,-0.2771543,-0.17212825,-0.004310016,0.0,-0.118121415,0.0,-0.23833229,0.0,-0.35407722,0.0,-0.15323968,0.0,-0.20790114,0.0,-0.43820158,0.10726267,0.19619864,0.532452,-1.0976216,-0.14968695,-0.065838635,0.17350599,"PaymentMethod_Electronic check, num_services, charge_per_service",0.35861477
-0.08318151,-0.23542817,0.06783135,0.016644945,0.3552649,0.17177297,0.39263523,0.028493116,0.17428733,-0.95564646,-0.12612773,-0.1900775,-0.054270033,0.0,-0.3995522,-0.30697158,-0.0027190135,0.0,-0.055932757,0.0,0.3531199,0.0,1.1278274,0.0,-0.07436293,0.0,-0.7698007,0.0,0.5319586,0.14852501,0.4265864,-0.13508655,-1.0520666,0.34304312,-0.007884505,0.12501444,"DeviceProtection_Yes, PaymentMethod_Electronic check, charge_per_service",0.45142108
-0.00968804,-0.31776816,0.051300958,-2.0985012,-0.03710645,-0.051252276,-0.098186485,-0.26149794,-0.32613206,0.025819859,0.008072365,0.10068394,-0.10183565,0.0,-0.3157603,0.23377761,-0.0015629514,0.0,0.372694,0.0,-0.562484,0.0,0.52516234,0.0,-0.15421197,0.0,-0.9153182,0.0,-0.82825094,-0.60732186,-0.16613497,0.71534985,-1.2447414,-0.07087861,0.030419456,-0.11973483,"tenure, PaymentMethod_Electronic check, StreamingTV_Yes",0.001957916
-0.10869144,0.08674306,0.03212189,0.71089405,-0.04758709,-0.0094397,0.31628606,0.060085736,0.37352505,0.88005644,-0.044171788,-0.11636428,0.044498667,0.0,-0.43582857,0.24416514,-0.0019545725,0.0,-0.018126003,0.0,-0.27490208,0.0,-0.39228597,0.0,-0.15023431,0.0,-0.7922505,0.0,0.7186312,0.090774335,0.13789125,-0.15406835,0.60408556,-0.1652974,-0.043250814,0.100033805,"charge_per_service, StreamingTV_Yes, StreamingMovies_Yes",0.83705986
0.005841659,0.111180395,0.06666972,-0.24981855,-0.023276012,0.056484703,-0.12784144,0.24781607,-0.9272171,0.4018777,0.014279068,0.35853815,-0.10539356,0.0,0.12300304,0.3449453,-0.0014324219,0.0,0.29694343,0.0,0.76863563,0.0,-0.6004415,0.0,-0.07219239,0.0,0.6191084,0.0,-1.0872586,0.12928465,0.17154467,0.6645424,-1.1393299,-0.10660816,0.02476368,-0.07813304,"PaymentMethod_Electronic check, StreamingMovies_Yes, num_services",0.4694603
-0.1133696,-0.24297318,0.081278495,0.46157804,-0.05425643,0.03571669,0.13511804,0.4914922,-0.5059507,0.44114417,-0.01675004,-0.14569122,-0.038024258,0.0,-0.48968288,0.36111537,-0.0020585267,0.0,-0.13127206,0.0,-0.37038663,0.0,-0.48499423,0.0,-0.097151466,0.0,0.81191444,0.0,0.6289573,0.082135454,0.13455136,-0.1582691,0.5822647,-0.19419235,-0.05296188,0.09488946,"StreamingTV_Yes, StreamingMovies_Yes, PaymentMethod_Electronic check",0.77475256
0.0702396,-0.27342066,-0.3186981,-0.8550021,-0.030241204,0.114926726,-0.14645977,-1.0031571,-0.49787372,0.73043054,0.010398777,0.026223725,0.010910675,0.0,0.18530914,0.20922543,-0.0014324219,0.0,0.30104005,0.0,0.5522539,0.0,-0.4997484,0.0,-0.19334738,0.0,-0.74372065,0.0,-0.58425856,0.076726675,0.11637165,-0.2127598,0.65583026,-0.068233356,-0.0031329868,-0.046864834,"TotalCharges, tenure, StreamingTV_Yes",0.081115164
0.015743112,-0.26863584,0.060387444,-0.72930336,-0.035873346,0.09364049,-0.24372873,-0.6165473,-0.64405894,0.5464738,0.00430621,-0.09941279,-0.30088055,0.0,0.3702647,0.24697702,-0.000874751,0.0,-0.15982902,0.0,-0.2637763,0.0,0.89636266,0.0,-0.20677541,0.0,0.6609297,0.0,0.91564274,-0.42844033,-0.07584954,-0.14617877,0.71828675,-0.13656463,-0.008753755,-0.043822497,"StreamingMovies_Yes, DeviceProtection_Yes, tenure",0.52769226
-0.015776375,0.058086284,0.14314464,0.5930811,-0.18388787,0.0098844385,-1.6778204,0.31690884,-2.1422417,-1.0621438,-0.09662612,0.2167666,-0.10430401,0.0,-0.28840122,0.15796041,-0.001561326,0.0,0.47151393,0.0,0.77888024,0.0,0.8362367,0.0,0.7246419,0.0,0.7720993,0.0,0.59809923,0.0032609235,0.24366835,-0.15347628,0.48924726,-0.1549078,-0.014571249,0.0687215,"num_services, MonthlyCharges, charge_per_service",0.64052784
-0.020797243,-0.20153737,-0.35671246,-0.9256357,-0.103651375,-0.057798993,0.21884075,-0.50504076,0.79743415,-0.91131985,0.0059905457,0.112128794,-0.025718817,0.0,-0.41879773,-0.6243471,0.12745844,0.0,-0.18843907,0.0,-0.37820876,0.0,-0.19935851,0.0,-0.18374245,0.0,-0.31628856,0.0,-0.41930944,0.139726,0.26283303,-0.17374666,-0.90053684,0.4875972,0.13316551,-0.16862291,"tenure, charge_per_service, PaymentMethod_Electronic check",0.008136191
-0.0144196935,0.05339674,0.102939405,1.1673977,-0.22065337,-0.12643892,0.69562674,0.44606796,0.9350761,-1.1892043,-0.012165277,0.106629744,-0.019380381,0.0,-0.2845412,-0.35717946,0.107984215,0.0,-0.06053498,0.0,-0.21904095,0.0,-0.31473982,0.0,-0.13743088,0.0,-0.3642603,0.0,-0.48822996,0.12270451,0.312478,-0.12623097,0.6784709,-0.32165527,-0.07375761,0.10951542,"charge_per_service, tenure, num_services",0.6223646
0.028747555,0.035853352,0.030190693,-0.19456531,-0.01933125,-0.0008258626,0.062402427,-0.27098066,0.34271535,0.7983809,0.0034875823,-0.13006854,-0.0193746,0.0,0.2788164,0.45978147,-0.004182846,0.0,-0.052985884,0.0,-0.41058192,0.0,-0.30240747,0.0,-0.12925984,0.0,0.6027041,0.0,-0.8312855,0.14124708,0.21702465,-0.13334498,-0.88183326,-0.059079938,0.003192876,-0.13291445,"PaymentMethod_Electronic check, StreamingMovies_Yes, charge_per_service",0.35955304
0.0077289976,0.10033962,0.06765958,0.21280047,-0.025233781,0.07970331,0.26926768,-0.3855514,-0.5607998,0.84019035,0.006812457,-0.2834535,-0.031415764,0.0,0.29062858,0.4383582,-0.001002092,0.0,-0.098605886,0.0,0.92010486,0.0,-0.5770851,0.0,-0.09145494,0.0,0.60062224,0.0,0.7097278,0.13696547,0.20769253,0.5434585,-0.94786125,-0.12743437,0.031667348,-0.075968705,"PaymentMethod_Electronic check, OnlineBackup_Yes, charge_per_service",0.9045673
-0.0076612374,-0.14643276,-0.57640016,-1.4347223,-0.03348027,0.010961361,-1.3217385,-0.50124085,-1.422458,0.27315226,0.0134614725,0.23231924,0.12958005,0.0,0.1473349,0.22426927,-0.001002092,0.0,0.23323566,0.0,0.16802919,0.0,-1.2446855,0.0,-0.2554445,0.0,0.703052,0.0,0.37046352,-0.036670428,-0.041087072,-0.27367637,0.61204857,-0.07885886,-0.0060822247,-0.04773623,"tenure, num_services, MonthlyCharges",0.013121487
0.02834813,0.08360146,0.015025706,0.51775885,-0.034142155,0.033388037,0.47724015,0.6420875,-0.6204491,0.38367295,-0.03269297,-0.3010473,-0.004510175,0.0,-0.39927402,0.27045324,-0.002029194,0.0,-0.12988621,0.0,0.43901983,0.0,-0.5972336,0.0,-0.095187195,0.0,0.94531757,0.0,0.47421744,-0.27171353,-0.10210061,-0.15036488,-0.8709163,0.4884773,-0.01800934,0.22312589,"StreamingTV_Yes, PaymentMethod_Electronic check, TotalCharges",0.79952854
-0.0047352496,-0.016602686,-0.33214164,1.1156392,-0.031777732,0.075332,0.10704031,-0.023056965,0.16012,-0.3198184,-0.022468165,0.1127739,-0.027522136,0.0,-0.17432529,-0.32910764,-0.003872989,0.0,-0.22658885,0.0,-0.56799775,0.0,-0.42807922,0.0,-0.08709546,0.0,-0.5833684,0.0,-0.3753614,0.13414687,0.2264969,-0.20612597,-0.7827432,0.4412615,-0.012628896,0.1951911,"tenure, PaymentMethod_Electronic check, StreamingTV_Yes",0.11959794
0.041449007,0.11128691,0.04256519,1.1872137,-0.05320298,-0.017481865,0.027066974,0.7297949,1.0191296,1.2531993,-0.014211415,-0.06213747,0.08491732,0.0,-0.08296376,0.34658426,-0.0033663616,0.0,-0.11245903,0.0,-0.6245224,0.0,-0.3184512,0.0,-0.08735617,0.0,-0.40546057,0.0,-0.42094052,0.10716247,0.15519373,-0.11562825,0.76385814,-0.20742482,-0.10162394,0.13047408,"charge_per_service, tenure, num_services",0.9665551
0.042725906,0.085420534,0.09468279,-1.4473011,-0.035030186,0.014025594,0.2395806,0.2737753,-1.4364939,0.39975542,0.007411993,0.10319536,0.19777638,0.0,0.26455435,0.24299337,-0.000874751,0.0,0.34617847,0.0,-0.37743825,0.0,1.5502648,0.0,-0.32019627,0.0,0.8241348,0.0,0.38361403,0.018532025,0.055534337,-0.19650772,0.69248104,-0.102191605,-0.0059842183,-0.038370367,"DeviceProtection_Yes, tenure, num_services",0.86615956
0.050857134,-0.17505218,0.036599234,-0.974756,-0.03908222,-0.14037588,-0.4431278,-0.4272511,-0.6854413,0.07396545,0.025498446,-0.34253764,0.16857706,0.0,0.21688917,0.21667054,-0.00083869125,0.0,-0.20587341,0.0,0.53773296,0.0,0.8352894,0.0,-0.1457262,0.0,-1.6103641,0.0,0.48129624,-0.11067266,-0.03497652,-0.15079376,0.6390622,-0.11767702,-0.00045520312,-0.04541427,"StreamingTV_Yes, tenure, DeviceProtection_Yes",0.08495865
0.045020137,0.14194356,0.029490786,-0.5490421,-0.0326412,-0.1959025,0.20416152,0.16473807,0.7827883,0.6815421,0.0034875823,-0.09416763,0.104961306,0.0,0.3308004,0.33829084,-0.0015046225,0.0,-0.08712201,0.0,-0.34204435,0.0,-0.276211,0.0,-0.14071822,0.0,0.82922274,0.0,-0.76548386,0.058785148,0.14444315,-0.21611655,0.94598174,-0.13605809,0.019833835,-0.0704538,"PaymentMethod_Electronic check, StreamingTV_Yes, num_services",0.870929
0.0091237,0.100310266,0.119816266,0.81268966,0.28831503,-0.03857511,0.02042779,0.0012560473,0.7756006,0.27963236,-0.009488449,-0.20815735,-0.07500096,0.0,-0.22148797,-0.3165194,-0.012098611,0.0,-0.15442674,0.0,-0.3256876,0.0,-0.37512037,0.0,0.0069529805,0.0,0.40617865,0.0,-0.60920787,0.12759012,0.17573081,0.4277187,-0.9303984,-0.27814353,-0.08783098,0.21969706,"PaymentMethod_Electronic check, tenure, num_services",0.52998143
-0.0038703321,0.05352712,0.09486712,0.76739436,-0.2520637,0.0059401225,0.77708745,0.4533241,0.85944146,-1.7569412,-0.012165277,0.121103056,-0.100658774,0.0,-0.42879602,-0.36503783,0.11545408,0.0,-0.07246533,0.0,-0.25641048,0.0,-0.30504286,0.0,-0.19548123,0.0,-0.2903927,0.0,-0.49018517,0.14320062,0.30214152,-0.1559936,0.65192056,-0.21722634,-0.087054186,0.10271297,"charge_per_service, num_services, MonthlyCharges",0.36574885
-0.010697692,-0.2028193,0.049543332,0.23065805,-0.056873254,-0.0040134196,0.19973935,0.41389266,0.8089821,0.89087266,-0.015890697,-0.008982231,-0.119629666,0.0,-0.25668657,-0.21372852,-0.004310016,0.0,-0.048434526,0.0,-0.37816757,0.0,-0.4128828,0.0,-0.13656798,0.0,-0.37962675,0.0,-0.3970809,0.11365504,0.19879496,-0.16552407,-0.93608373,0.44700333,-0.06681487,0.25368953,"PaymentMethod_Electronic check, charge_per_service, num_services",0.44600877
0.10439567,0.058178734,-0.027461648,-0.28943062,-0.08127967,-0.18249714,0.35925326,0.027127827,0.23261775,-0.17130333,0.008377616,-0.07869891,-0.08107402,0.0,0.1243938,-0.47393483,-0.0013741048,0.0,-0.17676756,0.0,-0.26280278,0.0,0.6010391,0.0,-0.13581842,0.0,-1.0043153,0.0,-0.56768394,0.10910058,0.12615405,-0.26409236,0.723357,-0.17006744,0.032240603,-0.052457515,"StreamingTV_Yes, PaymentMethod_Electronic check, DeviceProtection_Yes",0.17892456
-0.014742364,0.092629224,0.1578205,0.34640223,0.5632255,-0.009873103,0.13477227,0.41573074,0.5068698,-0.39222315,0.005426865,0.4315425,-0.28323022,0.0,-0.21776822,-0.30014026,-0.01000223,0.0,0.4885944,0.0,-0.3107725,0.0,-0.29866228,0.0,-0.22780852,0.0,0.87150383,0.0,-0.4469454,0.13511764,0.2481421,-0.22440286,0.94797784,-0.1697835,0.052831125,-0.07839044,"PaymentMethod_Electronic check, StreamingTV_Yes, PhoneService",0.91720885
-0.007062757,0.06509147,-0.2373894,-0.254824,0.24167472,-0.10635813,0.13278987,-0.32182026,-0.47451326,-1.0109851,0.01722982,0.18843457,0.058897443,0.0,-0.25897917,-0.24651946,-0.009869916,0.0,0.3766507,0.0,0.89577085,0.0,-0.4475939,0.0,0.23237443,0.0,-0.3259093,0.0,-0.59603953,-0.26121476,-0.31430167,-0.2638071,-0.98460627,0.44039786,0.018117571,-0.12884288,"charge_per_service, PaymentMethod_Electronic check, OnlineBackup_Yes",0.026804
0.0068085007,-0.20214018,-0.20088063,0.16765907,-0.10842008,-0.028377948,0.5486102,0.3767402,0.9202691,-1.2556533,0.0059905457,0.119418025,-0.0032544958,0.0,-0.48961547,-0.2651413,0.12745844,0.0,-0.040152583,0.0,-0.24525252,0.0,-0.30892625,0.0,-0.21876448,0.0,-0.31805286,0.0,-0.5433946,-0.60133475,-0.33799085,-0.13212328,-1.0068879,0.43750426,0.016814956,-0.1312557,"charge_per_service, PaymentMethod_Electronic check, num_services",0.023679696
-0.00023631964,0.15599027,0.07294186,0.7946031,-0.040310375,-0.48443973,0.16050385,0.6682593,0.29911995,-0.10146858,-0.023046017,-0.38632768,-0.11483505,0.0,-0.18128756,-0.18022816,-0.0042276545,0.0,-0.15394895,0.0,0.5318994,0.0,-0.4707151,0.0,-0.04972172,0.0,-0.7025309,0.0,-0.47217855,0.15241593,0.22671932,-0.24992107,-0.88220304,0.5032933,-0.00795743,0.19517687,"PaymentMethod_Electronic check, tenure, StreamingTV_Yes",0.32006198
-0.039149612,0.1741223,-0.005127841,-1.2171904,-0.0617447,-0.047820825,-0.062246732,-0.66209155,0.57077575,-1.6222643,0.0059006102,0.10964594,0.011541912,0.0,-0.3800993,-0.4384367,0.12035155,0.0,-0.088497624,0.0,-0.4742597,0.0,-0.23530976,0.0,-0.25288957,0.0,-0.22592534,0.0,-0.40808654,-0.01800398,-1.7224951,0.57452136,-1.176137,-0.21059027,-0.03215953,-0.13504791,"Contract_Two year, charge_per_service, tenure",0.00034988995
0.008465178,0.008304456,0.017257946,0.21047401,-0.045966953,0.06627684,0.11910666,0.07916434,-0.32447487,0.70379955,-0.086809024,-0.20979443,-0.08091813,0.0,-0.4754377,0.3356593,-0.002029194,0.0,-0.09682485,0.0,0.76235485,0.0,-0.5321147,0.0,-0.08600891,0.0,-0.9013971,0.0,0.61706674,0.055340763,0.14260074,-0.15378766,0.6942149,-0.16501226,-0.042044636,0.091065764,"StreamingTV_Yes, OnlineBackup_Yes, charge_per_service",0.66812223
9.717923e-05,-0.14160798,0.0018080899,-0.36614096,-0.034595255,-0.16889413,0.37807268,-0.39009,0.24939755,0.5755481,0.004767221,0.13752247,0.0011058821,0.0,-0.31086612,0.3871085,-0.0020027878,0.0,-0.25533256,0.0,-0.37925753,0.0,-0.2866962,0.0,0.104669385,0.0,-0.88737726,0.0,-0.46654326,0.19488645,0.20177196,-0.11116559,-0.81073093,-0.03331204,-0.004048751,-0.103099145,"StreamingTV_Yes, PaymentMethod_Electronic check, charge_per_service",0.07420429
0.009707496,0.075858906,0.09850588,-0.8991886,-0.19510761,-0.14570372,0.2595189,0.028110493,0.8389553,-2.298148,0.009402612,0.08795142,0.045428213,0.0,-0.51645756,-0.3543275,0.12745844,0.0,-0.16644713,0.0,-0.42671135,0.0,-0.28719407,0.0,-0.19614585,0.0,-0.31669742,0.0,-0.49954975,-0.2081662,-0.13519843,-0.21620896,0.7717901,-0.2168595,-0.04600365,-0.09550141,"charge_per_service, tenure, num_services",0.0075715566
-0.0035894874,-0.13283612,0.17931086,-1.680503,-0.052765165,-0.07620782,-0.5029447,0.029643212,-1.5578831,-0.18819143,0.005525032,0.16721444,-0.2194425,0.0,0.1748285,0.2860853,-0.00083869125,0.0,-0.18684146,0.0,0.77800447,0.0,0.5154068,0.0,0.7937705,0.0,0.4082019,0.0,0.6961716,0.074333,-0.2698944,0.5667168,-1.2173481,-0.09983352,0.008551203,-0.1098308,"tenure, num_services, PaymentMethod_Electronic check",0.1646521
-0.035362914,-0.20310879,0.038148098,-0.17133966,-0.088226296,-0.036476776,0.33980748,0.6882598,0.69404215,-1.4624025,0.005020509,0.058628738,-0.19419031,0.0,-0.35645854,-0.42726034,0.12035155,0.0,-0.013502577,0.0,-0.21574257,0.0,-0.26646554,0.0,-0.19758864,0.0,-0.26440206,0.0,-0.33933136,0.010515826,-1.7443095,0.0077503496,-0.52273583,-0.015040699,-0.035860986,-0.13553908,"Contract_Two year, charge_per_service, num_services",0.008395334
0.0038515541,-0.15845911,0.070445046,-0.65747935,-0.038664944,0.06144465,-0.23473789,-1.0449141,-1.3524755,0.19579929,0.004609269,0.11761166,-0.21525058,0.0,0.32917273,0.25869697,-0.000874751,0.0,-0.23808037,0.0,-0.4674409,0.0,1.2212167,0.0,0.27374458,0.0,0.57584596,0.0,0.50367844,-0.0019749822,0.13654557,-0.17018898,0.6340135,-0.16619761,-0.008641825,-0.035942577,"num_services, DeviceProtection_Yes, TotalCharges",0.3980792
-0.025427574,-0.30460972,-0.33490673,0.2924992,-0.03666353,0.029364143,0.19006728,0.31435212,-0.040205274,0.06545992,-0.022507595,0.14934352,-0.03760791,0.0,-0.25998127,-0.2631734,-0.004310016,0.0,-0.20255293,0.0,-0.32598808,0.0,-0.4706285,0.0,0.29965395,0.0,-0.55719215,0.0,-0.23610167,0.08714348,0.17568114,-0.1830582,-0.8415471,0.30786115,-0.016088707,0.2193536,"PaymentMethod_Electronic check, StreamingTV_Yes, DeviceProtection_Yes",0.1150059
-0.018468259,-0.18626353,0.052353796,-0.72691315,-0.12144061,0.028409276,0.8220785,0.20794803,0.7257723,-1.0971805,0.005020509,0.10394483,-0.018919883,0.0,-0.42160875,-0.44976154,0.12745844,0.0,-0.121639945,0.0,-0.27917767,0.0,-0.17074822,0.0,-0.1790046,0.0,-0.28508905,0.0,-0.4382821,0.20358431,0.27728257,-0.032247175,-0.58758974,-0.12741122,-0.06614981,-0.14910628,"charge_per_service, MonthlyCharges, tenure",0.050595377
0.047253635,-0.13683249,0.03532109,-0.8765049,-0.035406858,0.0760688,-0.71440005,-0.5053406,-1.2723618,-0.3308074,0.006197011,-0.28461337,-0.19077812,0.0,-0.70377934,0.2486117,-0.0010275379,0.0,-0.1277106,0.0,0.5251784,0.0,0.65599066,0.0,-0.27378014,0.0,0.64543504,0.0,0.93779784,-0.41870472,-0.08784114,-0.16225053,0.5942531,-0.19976248,-0.010622314,-0.043269712,"num_services, StreamingMovies_Yes, tenure",0.068337396
-0.051925007,0.10657967,-0.037599158,-1.0705936,-0.08945988,-0.06929932,-0.12622662,-0.6345316,-1.150674,-1.5091435,0.0064419564,0.03694659,-0.20434383,0.0,0.14258647,-0.5689192,-0.00062040717,0.0,0.06731822,0.0,-0.20555227,0.0,0.36097267,0.0,0.22174096,0.0,0.25745085,0.0,0.53711444,-0.10019109,-1.4168497,-0.17181112,-1.1012548,0.2267113,-0.007257286,-0.10746894,"charge_per_service, Contract_Two year, num_services",0.0012684532
0.006806517,0.10593969,0.021629512,-0.23663235,-0.07071474,0.04355668,0.2358003,-0.79174906,-0.49672267,-0.40560994,0.0064419564,0.15743269,-0.07514341,0.0,0.3799978,-0.564558,-0.0010381518,0.0,-0.13038932,0.0,-0.47399127,0.0,-0.539602,0.0,0.23864572,0.0,0.62986904,0.0,0.48344913,-0.15321074,-0.29648694,-0.1692755,-1.1428502,0.7257031,0.011805792,-0.11719743,"PaymentMethod_Electronic check, TotalCharges, PaymentMethod_Mailed check",0.06742586
0.046095405,0.10158646,0.0530314,0.11220107,-0.057336424,-0.032270495,0.035559222,0.22234479,1.0749241,1.02629,-0.020634536,-0.07921507,0.121613935,0.0,-0.4076279,0.29028216,-0.0038033887,0.0,-0.113451,0.0,-0.59665024,0.0,-0.33031073,0.0,-0.17970085,0.0,-0.45539024,0.0,-0.44085163,0.06389905,0.14365645,-0.14224721,0.85859054,-0.16598023,-0.11259669,0.12544222,"num_services, charge_per_service, PaymentMethod_Electronic check",0.7555849
0.017891059,-0.1615533,-0.41016898,-0.3049277,-0.13780795,0.05180406,0.680745,-0.44272766,1.003121,-1.593426,0.0059905457,0.12679006,0.017324489,0.0,-0.48639596,-0.5812007,0.12745844,0.0,-0.1954005,0.0,-0.24641132,0.0,-0.17030172,0.0,-0.18071766,0.0,-0.43013772,0.0,-0.40371677,-0.24118519,-0.17221418,-0.16138895,0.6592535,-0.16550544,-0.06119696,-0.1058809,"charge_per_service, num_services, MonthlyCharges",0.01851083
-0.031335104,-0.16985904,0.017546037,-1.3944639,-0.07823302,-0.008628711,0.60847116,-0.27229792,0.5753195,-1.5905757,0.0068698744,0.047312047,0.020095164,0.0,-0.44136962,-0.3644366,0.12035155,0.0,-0.08859023,0.0,-0.3704235,0.0,-0.23355955,0.0,-0.18586355,0.0,-0.33320415,0.0,-0.32704228,-0.012324695,-1.5799426,-0.052123837,-0.6002037,-0.06770067,-0.041092336,-0.13707758,"charge_per_service, Contract_Two year, tenure",0.0009172549
-0.04731493,-0.18059753,0.061749987,-1.0720057,-0.028660638,0.026367797,0.07585573,-0.8613658,-0.31937173,0.65508085,0.003291119,0.17116736,-0.026259491,0.0,0.2154764,0.40684757,-0.0015375055,0.0,0.23048191,0.0,-0.38994762,0.0,-0.447659,0.0,-0.13430285,0.0,0.66793996,0.0,-0.9204941,0.22362027,0.14926268,-0.10305677,-0.72717816,-0.059175786,-0.010196077,-0.10164707,"tenure, StreamingMovies_Yes, TotalCharges",0.072261654
-0.07230773,0.088362426,0.092696466,0.07749722,0.40458414,-0.00051151245,0.40649205,-0.32977653,-0.30576873,-1.268825,0.01529416,-0.20180771,0.18311669,0.0,-0.35608056,-0.2811023,-0.002490249,0.0,-0.14857742,0.0,0.7347774,0.0,0.4537258,0.0,-0.069632076,0.0,0.51443803,0.0,0.71051043,-0.03166557,-0.070823774,-0.17163925,0.70707196,-0.16747634,-0.012668886,-0.044205632,"charge_per_service, OnlineBackup_Yes, StreamingMovies_Yes",0.699387
0.002448899,-0.41210258,-0.29674345,0.657348,-0.052193984,0.014974667,0.018944398,-0.5940999,0.04265063,0.78779763,-0.010188758,-0.12457942,-0.1350384,0.0,-0.43989938,0.29313084,-0.0038033887,0.0,0.023129793,0.0,-0.5148782,0.0,-0.38698497,0.0,-0.15398954,0.0,0.53856796,0.0,-0.5675239,0.05971402,0.12848872,-0.14243288,0.4596842,-0.13983676,-0.04928773,0.11540281,"charge_per_service, tenure, TotalCharges",0.29108357
-0.04979736,-0.1693639,-0.017511996,-1.4795396,-0.094313994,-0.09431932,-0.46812627,-0.55148333,-1.2440544,-1.2502708,0.02799312,0.06268042,0.054192513,0.0,0.25626677,-0.4433132,-0.0006027703,0.0,0.23658782,0.0,0.45575634,0.0,0.37838128,0.0,0.19329223,0.0,-0.84688586,0.0,0.5282908,-0.12616561,-1.3459659,-0.20696048,-0.79753953,-0.015500458,0.013855703,-0.11757353,"tenure, Contract_Two year, charge_per_service",0.00080745324
-0.031854052,-0.15462391,0.07791044,0.72949106,-0.123838544,-0.050727084,0.6908919,-0.43926346,0.8531337,-1.2924167,-0.015402111,0.11747665,-0.038164366,0.0,-0.40245566,-0.32821694,0.11545408,0.0,-0.06372229,0.0,-0.33807325,0.0,-0.33625275,0.0,-0.1278714,0.0,-0.38948858,0.0,-0.41214076,0.20837496,0.36828727,-0.13862576,-1.0658278,0.51819265,-0.050083704,0.18233715,"charge_per_service, PaymentMethod_Electronic check, num_services",0.12495445
0.012130655,0.14676607,0.030604932,1.2528869,-0.03500215,0.23785503,0.11778386,0.7369171,0.2373788,1.032832,-0.020261608,-0.24028113,-0.15854661,0.0,-0.1403215,0.29805732,-0.0037906272,0.0,-0.101152584,0.0,0.6264053,0.0,-0.4658337,0.0,-0.10496179,0.0,-0.7781647,0.0,-0.59984374,0.10702989,0.15517679,-0.13982546,0.7005542,-0.19328406,-0.03478135,0.096060775,"tenure, charge_per_service, StreamingTV_Yes",0.9406747
0.012956119,-0.2749845,-0.74444205,0.20260121,0.574358,0.033945143,0.21209049,0.1599507,0.96776277,-0.6286503,-0.09646443,-0.3457394,0.1564166,0.0,-0.20099947,-0.23653036,-0.011902803,0.0,-0.12748113,0.0,0.48754027,0.0,-0.56747645,0.0,-0.049472746,0.0,-0.3794576,0.0,-0.5215658,0.026924372,0.18012957,-0.15545198,0.7258787,-0.17805842,-0.05278482,0.10954023,"num_services, Dependents, PaymentMethod_Electronic check",0.32515192
0.030723179,0.05318484,0.07549238,-0.053259257,-0.032728575,-0.3067755,-0.10122742,-0.036788557,-0.7367056,0.7970766,-0.024333602,-0.10217889,-0.03706103,0.0,-0.31167287,0.25634623,-0.0016830041,0.0,-0.2429238,0.0,-0.4591097,0.0,0.516001,0.0,-0.07404375,0.0,1.0905907,0.0,0.6036048,-0.060425095,-0.013901489,-0.12011088,0.6397721,-0.16583288,-0.03799319,0.11749082,"StreamingTV_Yes, charge_per_service, num_services",0.77776694
-0.002372071,-0.29103518,0.031022606,-2.0557773,-0.03524125,-0.27608278,0.015619275,-0.6627793,0.7255557,0.032453924,0.0074757542,-0.02324474,0.10526639,0.0,0.36668965,0.22419691,-0.0010217831,0.0,-0.118113294,0.0,-0.6036274,0.0,-0.41396102,0.0,-0.1289129,0.0,-0.98374176,0.0,0.6971302,-0.3015552,-0.034735292,-0.24040814,0.55819625,-0.11834003,-0.02542004,-0.06681269,"tenure, StreamingTV_Yes, num_services",0.025871463
-0.003449468,0.07238507,0.075507514,0.5456933,-0.13730177,-0.0063449056,0.1776992,0.036588646,0.879955,-1.4355661,-0.018933175,0.08723745,-0.005450972,0.0,-0.43862456,-0.2109023,0.11545408,0.0,-0.10088599,0.0,-0.33514288,0.0,-0.30626473,0.0,-0.085348785,0.0,-0.27406037,0.0,-0.3785473,0.17872928,0.33179256,-0.024107145,-0.5756523,-0.10037233,-0.065156035,0.14041096,"charge_per_service, num_services, PaymentMethod_Electronic check",0.13360132
-0.009566675,0.051534604,0.065543115,1.0065508,-0.22333789,-0.042654727,0.24746661,0.53008413,1.0899282,-1.5855615,-0.016139569,0.104022,-0.14982074,0.0,-0.28999543,-0.35259524,0.107984215,0.0,-0.09716051,0.0,-0.30318046,0.0,-0.3067675,0.0,-0.13614726,0.0,-0.3899508,0.0,-0.4617173,0.1545552,0.31432238,-0.15629883,0.6924287,-0.2624424,-0.06212461,0.126046,"charge_per_service, num_services, tenure",0.41003454
0.0039240997,0.12295014,-0.34553376,-0.08897929,-0.09767594,-0.005405197,0.9552622,0.112624794,0.82701963,-1.1379983,0.006870647,0.115932524,-0.014669741,0.0,-0.44193843,-0.27995038,0.12745844,0.0,-0.059279863,0.0,-0.25956696,0.0,-0.2930492,0.0,-0.18254283,0.0,-0.3823749,0.0,-0.26681685,0.15953855,0.32488537,-0.15632859,-0.9101982,0.28308573,-0.07303352,-0.16467835,"charge_per_service, MonthlyCharges, PaymentMethod_Electronic check",0.10628197
-0.02571834,0.081651874,0.05986639,-0.27035445,-0.06728178,0.012333476,-1.2699038,-0.522362,-1.7763209,-0.4347582,0.0064419564,0.11964576,-0.03228792,0.0,0.08251021,0.33084923,-0.000874751,0.0,0.12192632,0.0,-0.29091123,0.0,0.75301766,0.0,0.6281049,0.0,0.54637265,0.0,0.98029834,0.17376149,-0.33898577,-0.12322959,-0.6055015,-0.088455014,-0.050057642,-0.073874675,"num_services, MonthlyCharges, StreamingMovies_Yes",0.11076757
-0.002640681,0.16552436,-0.19127017,-0.25592422,0.1252503,-0.012496794,0.000109181274,-0.2750493,-0.43036044,-2.598774,0.030252423,0.12315128,0.047145575,0.0,-0.19252445,-0.24696484,-0.0032403935,0.0,0.81562465,0.0,0.9216726,0.0,0.6679613,0.0,0.09988406,0.0,-0.48622474,0.0,-0.4536531,0.1690688,0.2832044,-0.16564056,-0.8009229,0.53681684,-0.041533582,-0.10790231,"charge_per_service, OnlineBackup_Yes, OnlineSecurity_Yes",0.09209793
-0.079382375,0.2899542,-0.26987308,-0.457551,-0.063901715,0.014746202,-0.017499465,0.15684982,-1.0155778,-1.280616,0.01529416,0.08234805,0.031700917,0.0,0.11956689,-0.56282896,-0.00069516455,0.0,0.07629603,0.0,0.3505921,0.0,-0.084212564,0.0,0.27812266,0.0,0.22844407,0.0,0.5799755,-0.026772972,-1.231719,-0.13339852,-0.88342357,0.20828713,-0.009800418,-0.10425449,"charge_per_service, Contract_Two year, num_services",0.021920782
0.043729078,0.124241054,0.046133015,0.5083708,-0.05966068,-0.027073232,0.15383562,0.2088183,0.98336536,1.0500226,-0.017858645,-0.084718436,0.088199936,0.0,-0.3854647,0.20893195,-0.0038033887,0.0,-0.0989183,0.0,-0.61099607,0.0,-0.34308538,0.0,-0.16686426,0.0,-0.5357446,0.0,-0.46075442,0.09272115,0.14465305,-0.15600784,0.65548056,-0.16986015,-0.10228482,0.13210192,"charge_per_service, num_services, PaymentMethod_Electronic check",0.77006584
-0.03831359,-0.0019659929,0.025860664,-0.47948197,-0.03386505,-0.26879725,0.54499495,-0.71137106,-0.2795854,0.48983768,0.009965358,-0.33701506,-0.1627143,0.0,-0.36920023,0.2886183,-0.0036414878,0.0,-0.14144138,0.0,0.7298423,0.0,0.5598203,0.0,-0.1177909,0.0,-0.59688497,0.0,-0.63937557,0.11747923,0.15504509,-0.15532446,0.75466126,-0.14386703,-0.050842494,-0.047393933,"PaymentMethod_Electronic check, OnlineBackup_Yes, TotalCharges",0.2866779
-0.027316932,0.08367508,-0.2781625,0.038870096,-0.017252417,0.02890948,0.004292994,-0.70997024,0.17962344,0.6417783,0.019875176,0.14646633,-0.046102762,0.0,0.5629586,0.24330242,-0.004182846,0.0,-0.11340641,0.0,-0.41709894,0.0,-0.20789276,0.0,0.23706724,0.0,-0.7889596,0.0,-0.8229558,-0.4168078,-0.08193713,0.52297026,-1.0154228,-0.094388306,0.03505961,-0.08026853,"PaymentMethod_Electronic check, StreamingMovies_Yes, StreamingTV_Yes",0.08423852
0.046613015,0.036754884,0.12982269,-0.97274566,-0.1321559,-0.062168736,-0.99815375,-0.4969203,-2.479009,-1.1936938,0.01529416,0.16562308,0.025533197,0.0,0.31221503,0.25727865,-0.00083869125,0.0,0.27671537,0.0,0.7238303,0.0,0.64362437,0.0,0.5907447,0.0,0.75704956,0.0,0.6408449,0.05401811,0.19065115,-0.19433315,0.6424752,-0.117940865,-0.004397165,-0.033279583,"num_services, charge_per_service, MonthlyCharges",0.234087
-0.01511731,0.20101301,0.03984025,-0.9812789,0.315509,-0.09442089,0.11719726,-0.93987733,-0.7025558,-2.3242927,0.01529416,0.049948476,0.15293986,0.0,-0.49778047,-0.5651415,-0.0028993946,0.0,0.3477045,0.0,0.5893292,0.0,-0.4171844,0.0,0.41949022,0.0,0.3562384,0.0,0.5057835,-0.06649454,-1.488296,-0.15351884,-0.7574366,-0.058188092,0.00644437,-0.113703184,"charge_per_service, Contract_Two year, tenure",0.0023051966
-0.15861858,0.09619624,0.08785039,-0.10671199,-0.051988732,0.008067629,0.22392319,0.71909124,0.90959245,1.0355892,0.0073190443,-0.08792704,0.11276327,0.0,0.3100332,0.2950199,-0.004182846,0.0,-0.06625369,0.0,-0.48138162,0.0,-0.30445042,0.0,-0.19850305,0.0,-0.45151538,0.0,-0.40329185,0.09602504,0.13946468,-0.16783975,0.94256973,-0.14624684,0.31300962,-0.14537813,"charge_per_service, PaymentMethod_Electronic check, num_services",0.9250758
0.010212361,-0.24502154,0.103130676,-0.32877415,-0.06388538,0.045873094,-0.004145731,-0.091592364,-0.47402722,-1.0872544,0.006197011,-0.21954179,-0.103747435,0.0,-0.28689244,-0.5820784,-0.0015002573,0.0,-0.17882462,0.0,0.6418086,0.0,-0.48615974,0.0,-0.04043988,0.0,0.39235458,0.0,0.3234869,0.08113124,0.22184166,0.7156097,-1.1918808,-0.16904683,-0.012067504,-0.10859945,"PaymentMethod_Electronic check, charge_per_service, PaymentMethod_Credit card (automatic)",0.041381493
-0.03111455,-0.162727,0.06961939,-1.2283819,-0.14835078,0.06512376,0.07718579,-0.7649227,0.5331566,-0.5662981,0.0058998372,0.13502438,0.019720577,0.0,0.26735023,-0.48815474,0.11658744,0.0,-0.056900445,0.0,-0.54288536,0.0,-0.20023754,0.0,-0.24616745,0.0,-0.21632774,0.0,-0.43837655,0.01453216,-1.2460959,0.83958304,-1.1945946,-0.19952704,-0.04718939,-0.13580175,"Contract_Two year, tenure, PaymentMethod_Electronic check",0.0030819806
-0.0016003795,0.065738365,0.09027022,-0.07123163,-0.23685713,-0.17652355,0.18865497,-0.06348014,-0.5770857,-1.6748368,0.008377616,0.08309345,0.0048707034,0.0,-0.24057867,-0.22429894,-0.0017409152,0.0,0.703234,0.0,-0.35241196,0.0,0.17533791,0.0,0.26256913,0.0,-0.6189056,0.0,-0.3692123,0.08261604,0.26418892,-0.25425482,0.8755772,-0.23718803,-0.019646578,-0.042206954,"charge_per_service, PaymentMethod_Electronic check, OnlineSecurity_Yes",0.085774325
0.008358628,0.19960596,-0.3198499,0.040580276,-0.115510136,0.010320905,0.98904544,0.6911961,0.86220616,-2.1747303,0.006870647,0.08542546,-0.17437649,0.0,-0.4281547,-0.3077341,0.12745844,0.0,-0.13203676,0.0,-0.32729352,0.0,-0.1827291,0.0,-0.25010413,0.0,-0.21650831,0.0,-0.58637905,-0.42775437,-0.40781423,0.012826477,-0.64160323,-0.21033435,-0.067465276,-0.15666436,"charge_per_service, MonthlyCharges, num_services",0.01627085
-0.04381024,-0.08228466,-0.49001265,-1.5165404,-0.030044,0.0402521,-1.1834136,-0.35152575,-1.7159407,-0.3663972,0.005525032,-0.05101903,-0.08817182,0.0,0.22006932,0.15009022,-0.00077185105,0.0,0.33868915,0.0,0.2883686,0.0,0.5634586,0.0,0.6325921,0.0,0.37138775,0.0,0.4528248,-0.04885271,-1.3157383,0.42972672,-0.85274464,-0.06097776,0.0076980223,-0.06848423,"num_services, tenure, Contract_Two year",0.008368495
0.013234018,0.18616399,0.06231526,-0.24216408,-0.091767535,0.12828612,0.057195224,-0.062103674,-0.728463,-0.75416225,0.041017916,-0.16866982,-0.08977636,0.0,0.2211946,-0.3602567,-0.0013724794,0.0,-0.123003565,0.0,0.5116493,0.0,0.6651191,0.0,-0.12354372,0.0,-1.1288556,0.0,0.59362185,0.08331658,0.25722912,-0.15318933,-0.53402454,-0.11818301,0.0019114681,-0.076459065,"StreamingTV_Yes, charge_per_service, num_services",0.12536617
-0.04167782,-0.2230731,-0.106520854,-1.3600188,-0.06804735,-0.019801907,0.10995162,-0.40741163,0.65244055,-0.9335785,0.005020509,0.042566713,-0.03491303,0.0,-0.4036862,-0.42413017,0.12035155,0.0,-0.062853605,0.0,-0.43217078,0.0,-0.23971276,0.0,-0.25040084,0.0,-0.25411317,0.0,-0.38710737,-0.027766205,-1.8564321,-0.020670833,-0.49008092,-0.015939526,-0.019803844,-0.13796584,"Contract_Two year, tenure, charge_per_service",0.00067753415
-0.061758723,-0.20040217,-0.12898143,-0.24982683,-0.061714597,-0.060971737,-0.22446735,0.048776798,-0.4919762,-0.8169519,0.009345461,0.05287804,-0.082600094,0.0,0.2408612,-0.5771217,-0.0008257653,0.0,0.30367416,0.0,-0.48792312,0.0,0.40082142,0.0,0.36108008,0.0,-0.29558858,0.0,-0.4133812,0.023416836,-1.1710422,0.59556216,-1.1685802,-0.17479187,0.010711887,-0.11282519,"Contract_Two year, PaymentMethod_Electronic check, charge_per_service",0.008633532
-0.014502636,0.06679949,0.058804825,1.2928045,-0.09056284,-0.08114741,0.6415598,0.26555717,1.006431,-1.3834767,-0.016139569,0.097234175,-0.20105314,0.0,-0.3002204,-0.31653413,0.107984215,0.0,-0.07111392,0.0,-0.32564235,0.0,-0.29618657,0.0,-0.12315404,0.0,-0.42533395,0.0,-0.3841121,0.23082772,0.3899191,-0.13913427,-0.87886626,0.5408718,-0.04593004,0.24818243,"charge_per_service, tenure, num_services",0.46133712
-0.026444437,-0.26942357,0.08559631,-0.62031484,-0.06776769,0.097856015,0.32363427,-0.5927623,-0.49035314,-0.53450006,0.011774402,0.26725933,0.15823613,0.0,-0.18301344,-0.42481327,-0.0010428828,0.0,0.50068164,0.0,1.0254263,0.0,0.5972521,0.0,-0.1399813,0.0,0.22474097,0.0,-0.6063429,-0.02748879,-0.33456752,1.0150356,-1.3393908,-0.19082382,0.005009109,-0.11714033,"PaymentMethod_Electronic check, OnlineBackup_Yes, PaymentMethod_Credit card (automatic)",0.15942746
0.032530323,-0.061451662,0.08086606,0.5267513,-0.10075648,0.010122487,-1.1914465,-0.31466728,-1.1132197,0.031136766,0.00518192,0.28217345,-0.021418884,0.0,-0.3959739,0.17583035,-0.0019305871,0.0,0.5281294,0.0,0.56640446,0.0,-0.6663697,0.0,0.3740724,0.0,0.63149315,0.0,-1.01071,0.09116184,0.20274994,-0.2346396,0.7483978,-0.15730704,0.010801121,-0.04333338,"MonthlyCharges, num_services, StreamingMovies_Yes",0.26420072
0.017213201,-0.17274997,0.102604225,-1.4318998,-0.120913394,-0.1430863,-1.4395276,-0.3843736,-1.9711372,-0.9401961,0.0134614725,-0.04411668,0.06934479,0.0,0.36704993,0.24849148,-0.00077185105,0.0,0.23259477,0.0,0.5624475,0.0,0.69254875,0.0,0.56547093,0.0,0.5819404,0.0,0.5294064,-0.21606067,-1.3138639,-0.2105566,0.56397784,-0.08899251,-0.004498234,-0.03815078,"num_services, MonthlyCharges, tenure",0.018285906
-0.012623171,-0.24032448,0.03939066,-0.038693402,-0.058378223,-0.042478636,-0.09864821,-0.1876851,-1.6057563,-1.1138841,0.006197011,0.1710131,-0.003189759,0.0,0.17287204,-0.3630596,-0.0006696105,0.0,0.25244185,0.0,0.6111692,0.0,0.30244127,0.0,0.099226914,0.0,0.4005318,0.0,0.54612327,-0.16521466,-0.25732183,0.77278626,-1.2316753,-0.22185495,0.005501885,-0.11390116,"num_services, PaymentMethod_Electronic check, charge_per_service",0.08436298
-0.13014986,0.11845667,0.045217037,-0.879214,-0.03560059,0.01575067,-0.43691498,0.11081499,-0.44158226,0.26827005,0.00553532,0.2274292,-0.015875846,0.0,0.25017345,0.26228732,-0.0015375055,0.0,0.25948718,0.0,-0.3544288,0.0,-0.37748992,0.0,-0.19113092,0.0,0.6356256,0.0,-0.9513761,0.08479762,0.12980391,-0.19386053,0.9676069,-0.11698053,0.036640096,-0.04532468,"PaymentMethod_Electronic check, StreamingMovies_Yes, tenure",0.31812614
-0.014785443,-0.15193377,-0.41430527,-0.3790657,-0.06165935,-0.037614703,0.8034754,0.89108676,0.6936867,-1.3096129,-0.014779429,0.089425795,0.008612643,0.0,-0.4063453,-0.30388036,0.10834719,0.0,-0.032802954,0.0,-0.14554968,0.0,-0.35985938,0.0,-0.19029729,0.0,-0.3271054,0.0,-0.30153197,-0.04921133,-2.2281284,-0.14080448,-0.9586898,0.3808303,-0.07451618,0.17828836,"Contract_Two year, charge_per_service, PaymentMethod_Electronic check",0.008513489
-0.020401005,-0.1587914,-0.2582325,-0.00792199,-0.080759205,-0.01025668,0.098113835,-0.070057765,0.8507024,-1.1072989,0.0059905457,0.11384499,-0.027036298,0.0,-0.4292898,-0.4761145,0.12745844,0.0,-0.16438146,0.0,-0.12913351,0.0,-0.3031219,0.0,-0.17830993,0.0,-0.33899143,0.0,-0.37240186,0.14081179,0.29546523,-0.16434081,-0.9449265,0.4220204,-0.084677935,-0.12298909,"charge_per_service, PaymentMethod_Electronic check, num_services",0.032175254
-0.047849156,-0.29896,0.010458675,-0.5123334,-0.034454674,0.08197656,0.19101493,-0.5082782,-0.6393414,0.48013803,0.00518192,-0.29518324,-0.15367027,0.0,0.25570664,0.23458682,-0.0012690211,0.0,-0.14935006,0.0,0.4958253,0.0,0.7315126,0.0,-0.086726986,0.0,0.56160307,0.0,-0.8256896,0.12743638,0.08244319,-0.14615269,0.7345445,-0.14467731,-0.013072209,-0.040538955,"StreamingMovies_Yes, PaymentMethod_Electronic check, DeviceProtection_Yes",0.5215002
0.06244265,0.043502867,-0.0001796293,1.475267,-0.035288837,-0.12998953,0.28861046,0.45227572,0.36825058,1.211523,-0.012073917,-0.058963783,-0.064372465,0.0,-0.06635542,0.33462158,-0.00367841,0.0,-0.12171601,0.0,-0.4254349,0.0,1.0302815,0.0,-0.061694983,0.0,-0.6926918,0.0,-0.620557,0.18188985,0.20979749,-0.065695226,-0.4957218,-0.16194539,0.005079556,0.27328882,"tenure, charge_per_service, DeviceProtection_Yes",0.94841915
0.025999567,0.0036767307,0.07720482,-1.424714,-0.032618023,-0.23587179,-0.31190208,-0.65390766,-0.58093715,0.72961885,0.00498036,-0.23847097,-0.15700214,0.0,0.2274347,0.3277171,-0.001002092,0.0,-0.07212994,0.0,0.69539666,0.0,-0.6421646,0.0,-0.12639399,0.0,0.74320465,0.0,1.0894747,-0.25398618,-0.119582266,-0.2001872,-0.8589331,-0.06228731,0.009815185,-0.10776287,"tenure, StreamingMovies_Yes, PaymentMethod_Electronic check",0.10394346
-0.0047212024,-0.13127889,0.017689135,-0.28307167,-0.04684151,-0.12516649,0.18479432,-0.64035267,-0.7860706,0.006986116,0.009345461,0.097902164,0.014232636,0.0,-0.3062032,0.25626,-0.0015629514,0.0,0.48672065,0.0,-0.40436506,0.0,0.8610979,0.0,0.4036697,0.0,-0.74079204,0.0,-0.8428668,-0.6355811,-0.16286227,-0.14316955,-0.80329543,-0.043063626,0.02017759,-0.12928496,"DeviceProtection_Yes, StreamingMovies_Yes, PaymentMethod_Electronic check",0.020223062
0.01126098,0.09926943,2.2627064e-06,-0.5919588,-0.116612494,-0.04108214,0.64572585,-0.38115886,0.7439525,-3.3975744,0.006870647,0.14656,-0.09525174,0.0,-0.4679716,-0.4714533,0.12745844,0.0,-0.18653835,0.0,-0.34439152,0.0,-0.25941905,0.0,-0.24795012,0.0,-0.2751149,0.0,-0.544525,-0.37104923,-0.35870582,0.29318422,-1.3350707,-0.2597661,-0.009649343,-0.11400823,"charge_per_service, PaymentMethod_Electronic check, num_services",0.00040801745
-0.059878647,-0.1399961,0.028935581,-1.6823877,-0.08089509,0.014790121,0.27822444,-0.3392058,0.47901818,-1.6005515,0.005020509,-0.21105935,0.05974775,0.0,-0.2956649,-0.3887621,0.12035155,0.0,-0.054447,0.0,-0.4092276,0.0,-0.21574247,0.0,-0.23443167,0.0,-0.38448828,0.0,-0.38929358,-0.0119716,-1.4592808,-0.043670397,-0.61897033,0.04388262,-0.034198914,-0.14238518,"tenure, charge_per_service, Contract_Two year",0.0004197783
0.07894981,-0.11508444,-0.24492009,-1.7831682,-0.021275977,0.11619599,-0.11718547,0.038138993,-0.085356414,0.6680161,0.018837856,-0.03199111,0.041100703,0.0,0.349988,0.23130031,-0.000874751,0.0,-0.12141294,0.0,-0.49884903,0.0,0.499283,0.0,-0.104541525,0.0,-0.7844192,0.0,0.7241878,0.1273938,0.13911329,0.60578394,-0.774769,-0.11843507,-0.05735992,-0.12166248,"tenure, StreamingTV_Yes, PaymentMethod_Electronic check",0.2055692
-0.00767306,0.10151361,0.071880296,0.5740993,0.21154888,-0.11876914,0.07448874,0.5020063,1.0780379,-0.016007023,-0.009353684,-0.042144246,-0.21609597,0.0,-0.11545642,-0.3762175,-0.012098611,0.0,-0.060843382,0.0,-0.27559644,0.0,-0.3645224,0.0,-0.1682351,0.0,-0.5828343,0.0,-0.6146416,0.09611469,0.14476062,-0.13058417,0.7066992,-0.25116205,-0.073077686,0.13165203,"num_services, PaymentMethod_Electronic check, StreamingMovies_Yes",0.56184715
-0.014537994,0.036664173,0.029345758,0.88172203,-0.08634764,-0.06759281,0.2200442,0.38316682,0.9840538,-1.3366462,-0.016139569,0.13005264,-0.17610218,0.0,-0.29494748,-0.3452961,0.107984215,0.0,-0.08691227,0.0,-0.33190048,0.0,-0.2906591,0.0,-0.13209179,0.0,-0.34776512,0.0,-0.39081505,0.19883372,0.36135733,0.41751704,-1.1107868,-0.64120275,-0.07172054,0.20259592,"charge_per_service, PaymentMethod_Electronic check, num_services",0.14222227
-0.034973666,0.050481834,0.0152042955,0.028402656,-0.027289974,0.057596143,-0.3036474,-0.03691818,-0.58406186,0.47777778,0.032274168,0.12981284,-0.24968834,0.0,0.37782794,0.38798437,-0.0016575583,0.0,-0.15390824,0.0,-0.5037498,0.0,-0.60123765,0.0,0.16814865,0.0,-1.0028574,0.0,0.77809614,0.10883111,0.20040172,0.5254834,-0.9922503,-0.14302874,0.04623399,-0.078136526,"StreamingTV_Yes, PaymentMethod_Electronic check, StreamingMovies_Yes",0.20789267
0.28016126,0.07135774,0.07545708,-0.40090004,-0.18117456,-0.024975346,0.13590764,-0.23557395,-0.70271397,-1.0669802,0.032165714,0.146882,-0.16326098,0.0,0.2989655,-0.3852575,-0.0010381518,0.0,0.44849718,0.0,-0.1940726,0.0,-0.3704192,0.0,0.29329363,0.0,-0.7920357,0.0,0.37573034,0.012079816,0.177742,-0.27049628,0.86610687,-0.14461806,-0.0022141626,-0.04812824,"charge_per_service, PaymentMethod_Electronic check, StreamingTV_Yes",0.14450835
-0.0162568,-0.120758966,0.05174269,-0.3994736,-0.027525088,-0.07193603,-0.06994663,-0.2780341,-1.1593481,0.6950318,0.0039372896,0.11630862,-0.26367977,0.0,0.14681444,0.27790752,-0.000874751,0.0,0.5713805,0.0,-0.30848777,0.0,1.1347008,0.0,-0.32965797,0.0,0.57427865,0.0,0.79910153,-0.5762663,-0.12326205,-0.09943904,-0.7247141,-0.05138121,0.027940052,-0.073524326,"num_services, DeviceProtection_Yes, StreamingMovies_Yes",0.42451885
0.01520351,-0.19509001,0.013624216,-0.65283865,-0.029555578,0.07163767,-0.338172,-0.54717284,-1.0254315,-0.16032974,0.005579306,0.11092525,0.041059524,0.0,-0.7128369,0.268426,-0.0010635976,0.0,-0.24157085,0.0,-0.56379294,0.0,0.43275115,0.0,0.34620392,0.0,0.5547682,0.0,0.8282763,-0.1515721,-0.1838026,0.5447798,-0.9601313,-0.11685038,-0.008177402,-0.09211207,"num_services, PaymentMethod_Electronic check, StreamingMovies_Yes",0.059743475
0.020273779,0.10999688,0.022773102,1.179703,-0.049841095,0.008214584,1.0257722,0.88980055,0.8214834,0.91349286,-0.012109019,-0.06277891,-0.16459732,0.0,0.17005631,0.2749414,-0.0031580264,0.0,-0.069474,0.0,-0.4862324,0.0,-0.30406693,0.0,-0.16038775,0.0,-0.24537945,0.0,-0.4747112,0.10393602,0.13978325,-0.12012435,0.7554013,-0.17965442,-0.07076706,0.12482785,"tenure, MonthlyCharges, charge_per_service",0.984455
-0.004255975,-0.23976722,-0.15586774,-0.04019848,-0.039650526,-0.011140197,0.48009706,0.50769746,0.11499163,0.4121675,0.0029221983,-0.12558423,0.0010251919,0.0,-0.18346918,-0.5128261,-0.0047808792,0.0,-0.14369652,0.0,-0.1243031,0.0,-0.3646393,0.0,-0.11135985,0.0,0.7903985,0.0,-0.60122633,0.1191465,0.19145331,-0.18962008,-1.0019724,0.50053895,0.022485303,-0.12580302,"PaymentMethod_Electronic check, StreamingTV_Yes, StreamingMovies_Yes",0.30025914
0.053832263,-0.17923246,0.052494805,-1.6486764,-0.031116908,-0.0071587996,0.41163355,-0.15559661,-0.3571123,0.55160904,0.0035941778,0.09317671,-0.08769776,0.0,0.29752427,0.2868895,-0.0013072646,0.0,0.511117,0.0,-0.34735554,0.0,0.6288038,0.0,-0.1685574,0.0,0.59132576,0.0,-0.8285217,0.012714049,-1.3564702,0.71589804,-1.1739761,-0.08077755,-0.06595641,-0.109819755,"tenure, Contract_Two year, PaymentMethod_Electronic check",0.08335983
-0.05566287,-0.12201707,0.010534969,-1.4509513,-0.030465664,-0.07527952,-0.3896364,-0.43214676,-1.1735308,-1.8723783,0.006197011,-0.10193625,-0.10214615,0.0,-0.31168813,-0.47268194,-0.0007095528,0.0,0.22321081,0.0,0.20491782,0.0,0.1629711,0.0,0.19817095,0.0,0.32762662,0.0,0.4490417,-0.14032602,-1.5173583,0.8328861,-1.1446565,-0.16674379,-0.0005514192,-0.12248555,"charge_per_service, Contract_Two year, tenure",0.0006910382
0.017618153,0.09023203,-0.17276648,-0.0073073916,-0.041057426,-0.06545685,0.4850478,-0.17292511,0.8833105,0.8600614,0.004375566,-0.08044612,-0.08209115,0.0,-0.31261984,0.39700222,-0.004681011,0.0,-0.061455674,0.0,-0.5949527,0.0,-0.23456709,0.0,-0.1720717,0.0,-0.40520084,0.0,-0.51023996,0.14198877,0.19296443,-0.10461635,-0.71351945,-0.12609589,0.13011877,-0.11132767,"num_services, charge_per_service, PaymentMethod_Electronic check",0.31442636
-0.031473164,0.097210236,0.004146679,1.209178,-0.078655094,-0.32101247,-0.5503744,0.33817828,-0.58991635,-0.51976013,-0.020515248,0.11306744,-0.11415552,0.0,0.2676511,-0.46472064,-0.0035763183,0.0,-0.18163785,0.0,-0.8043796,0.0,0.7846794,0.0,-0.27956405,0.0,-0.6679744,0.0,-0.39751795,0.054710433,0.28357843,-0.1459541,-0.85937315,0.6237355,0.059229333,0.2597915,"tenure, PaymentMethod_Electronic check, OnlineBackup_Yes",0.12518379
-0.036020428,-0.20185809,-0.38688657,0.0015473512,-0.109555125,-0.06135838,0.4204815,0.10070145,0.81837094,-0.8481623,-0.027094973,0.14987674,-0.0018145249,0.0,0.3038449,-0.3626588,0.11894358,0.0,-0.030500138,0.0,-0.38027036,0.0,-0.3549151,0.0,-0.15677354,0.0,-0.40892977,0.0,-0.31795824,0.08834206,0.29588395,-0.16351725,-0.87588334,0.44888103,-0.04170528,0.17786191,"PaymentMethod_Electronic check, charge_per_service, num_services",0.13587831
-0.03488341,-0.16067441,-0.035159316,-0.4580955,-0.09976993,-0.15141773,-0.1842592,-0.32303005,-0.48861247,-1.4365819,0.011774402,0.15707001,0.10998369,0.0,0.20721427,-0.44865522,-0.000787196,0.0,-0.33377814,0.0,0.8036059,0.0,0.62853783,0.0,0.26724958,0.0,0.3038067,0.0,-0.6240472,-0.05213424,-0.9993188,-0.09167628,-0.7800513,-0.03362436,0.010105502,-0.11645678,"charge_per_service, Contract_Two year, OnlineBackup_Yes",0.012586164
-0.013666315,-0.28710595,-0.278513,-0.6024431,-0.051106058,-0.25519165,0.09419989,-0.18100989,-0.31189713,-0.4499001,0.017227627,0.18251176,0.13349718,0.0,0.19255604,-0.32503584,-0.0008540362,0.0,0.38337752,0.0,0.756268,0.0,0.39725235,0.0,0.10809922,0.0,-0.53720886,0.0,-0.63525045,-0.063666604,-0.36879066,1.0501851,-1.11976,-0.16172658,0.014050991,-0.118300885,"PaymentMethod_Electronic check, PaymentMethod_Credit card (automatic), OnlineBackup_Yes",0.08009715
-0.014105249,-0.1609395,-0.31881258,0.10822933,-0.060220353,-0.050349824,0.5745566,1.0650326,0.79659873,-1.6464969,-0.018195719,0.07498033,0.015659539,0.0,-0.43670875,-0.31312817,0.10834719,0.0,-0.07903997,0.0,-0.17860234,0.0,-0.34903747,0.0,-0.21288241,0.0,-0.31262413,0.0,-0.2815362,0.01608094,-2.0406775,-0.13274771,-0.9770965,0.37349263,-0.07467572,0.16837798,"Contract_Two year, charge_per_service, TotalCharges",0.012550704
-0.09535566,-0.18283294,0.05343868,-0.64913523,0.3084208,0.12362714,0.089964546,-0.35740316,-1.06404,-3.0249968,0.005525032,0.008469967,-0.22739586,0.0,-0.49738595,-0.5558266,-0.0014200725,0.0,0.6139225,0.0,0.08000575,0.0,0.18277006,0.0,0.595814,0.0,0.37926757,0.0,0.38143677,-0.11129603,-1.3053198,-0.12883724,-0.8614452,-0.0897334,0.017306311,-0.10739453,"charge_per_service, Contract_Two year, num_services",0.0016119834
-0.02627541,0.08416085,0.055043925,1.117589,-0.030173717,0.15195985,0.0011943835,0.6738126,-0.20055039,0.7617906,-0.055156663,-0.13787195,-0.20418282,0.0,0.26019195,0.34064877,-0.0013838318,0.0,-0.11112328,0.0,0.70838135,0.0,-0.6738311,0.0,-0.06315475,0.0,-0.8037844,0.0,0.5869776,0.119883545,0.19837585,0.371948,-0.8586255,-0.20956428,-0.04138994,0.1428449,"tenure, PaymentMethod_Electronic check, StreamingTV_Yes",0.89556676
-0.023554435,-0.13926175,-0.7681695,-1.1185521,-0.09567712,0.029560687,-1.7321092,-0.005439614,-2.0968032,-0.1106293,0.0134614725,0.11619569,0.20541234,0.0,0.1946387,0.20437147,-0.00083869125,0.0,0.2668315,0.0,0.93432844,0.0,0.70305693,0.0,-0.41731557,0.0,0.57166684,0.0,0.49192175,-0.046224322,-0.08586189,-0.14934097,0.40905508,-0.10085917,-0.0057205134,-0.041946504,"num_services, MonthlyCharges, tenure",0.056966998
-0.08593182,0.044743754,0.015137425,0.82245,-0.027018454,0.11447982,0.17132242,0.19930427,0.3293023,0.57165205,-0.037702408,-0.07506972,-0.045603164,0.0,-0.3960238,0.2756123,-0.0038372967,0.0,-0.049405545,0.0,-0.44630903,0.0,0.98849404,0.0,-0.15470654,0.0,-0.59966695,0.0,-0.5690681,0.14375044,0.20931737,0.42404807,-0.82053286,-0.14509283,-0.010303149,0.11403551,"DeviceProtection_Yes, tenure, PaymentMethod_Electronic check",0.7208236
-0.0124079315,0.12890697,-0.4463412,0.12924236,-0.099926926,0.017206544,0.01402753,0.77927667,0.7282736,-0.8210184,-0.020550352,0.20200321,0.042222437,0.0,0.32688648,-0.27354115,0.10458308,0.0,-0.08160196,0.0,-0.49983346,0.0,-0.3873487,0.0,-0.13997895,0.0,-0.49949703,0.0,-0.33236948,0.030776132,-1.6552839,-0.25248355,-0.8563219,0.4203898,-0.05261917,0.1230067,"Contract_Two year, PaymentMethod_Electronic check, charge_per_service",0.032510296
-0.016987747,-0.12535347,-0.31471258,1.2969717,-0.17897663,0.049725022,0.6927576,0.79569954,0.85531896,-1.0302196,-0.01142782,0.09775029,-0.011768053,0.0,-0.27764437,-0.39055076,0.107984215,0.0,-0.06380314,0.0,-0.19719405,0.0,-0.34479824,0.0,-0.12475542,0.0,-0.3440162,0.0,-0.48148537,0.17018504,0.3180591,-0.12873523,0.71277493,-0.2779556,-0.08334827,0.11707846,"tenure, charge_per_service, num_services",0.69034743
0.012618565,-0.17768867,0.031081136,0.080146775,-0.10614683,0.0030659453,0.18312177,-0.074982926,0.9549851,-1.2147728,0.0059905457,0.12474661,-0.010999747,0.0,-0.49677625,-0.36388627,0.12745844,0.0,-0.10135395,0.0,-0.17626846,0.0,-0.28610712,0.0,-0.18489255,0.0,-0.33664203,0.0,-0.55597293,-0.24074893,-0.3354442,-0.1950648,-1.2031078,0.4333404,-0.08725145,-0.13692068,"charge_per_service, PaymentMethod_Electronic check, num_services",0.012903104
-0.1259558,-0.09075342,-0.091620326,-0.6943698,-0.06647228,0.25946772,0.07773586,-0.5103851,-1.6596953,-1.3689599,0.005525032,0.10416671,-0.24380794,0.0,0.23961788,-0.45600638,-0.0006027703,0.0,0.42161146,0.0,0.34537816,0.0,0.40048698,0.0,0.35522777,0.0,0.415264,0.0,0.48029557,0.09513471,-1.4488002,-0.13983262,-0.6143878,0.00041607895,0.0011438454,-0.11598241,"num_services, Contract_Two year, charge_per_service",0.011716309
-0.05886678,-0.1675245,0.029166581,-0.59171844,0.2732856,-0.013864857,0.0045670522,-0.6029203,0.06137825,-1.1120223,0.019140914,0.014181813,-0.06248188,0.0,-0.4397922,-0.42513663,-0.002507886,0.0,0.22164202,0.0,-0.5903203,0.0,0.59928536,0.0,-0.089777514,0.0,-0.7311582,0.0,0.55072665,0.16903725,0.28421295,-0.107868746,-0.687078,-0.06097491,0.004163904,-0.1090646,"charge_per_service, StreamingTV_Yes, PaymentMethod_Electronic check",0.02580319
-0.015915038,-0.22099218,-0.2731459,-0.36988997,-0.09495493,-0.2108634,-0.23256914,0.5157331,0.75427943,-0.68666065,0.0059905457,0.08411251,-0.022017851,0.0,0.18396723,-0.5535459,0.11658744,0.0,-0.11881656,0.0,-0.4471699,0.0,-0.30426526,0.0,-0.16706362,0.0,-0.3273088,0.0,-0.40079153,-0.0067531234,-1.0284873,-0.21829174,-0.8802018,0.36144555,-0.054710466,-0.13392794,"Contract_Two year, PaymentMethod_Electronic check, num_services",0.008534625
-0.06653962,0.07727915,0.045734093,-0.9629781,-0.032538094,0.1161767,-1.7686124,-0.714571,-2.3415425,-0.60435736,0.008029698,0.18216838,-0.053218294,0.0,0.046344597,0.43356103,-0.00083869125,0.0,-0.0516008,0.0,0.6900936,0.0,0.7905754,0.0,-0.38219652,0.0,0.5378496,0.0,0.59958047,0.039701976,0.22105615,-0.19750352,-0.9124154,0.50329834,0.0064271255,-0.06793377,"num_services, MonthlyCharges, tenure",0.020476315
-0.07803985,-0.14005509,0.041133676,-0.93773055,-0.08321945,-0.038154017,-0.017825965,-0.66345274,-0.3248077,-0.6316177,0.0074684927,0.14373814,-0.13650782,0.0,0.12127577,-0.55445635,-0.000787196,0.0,0.33651203,0.0,0.46809244,0.0,0.6127111,0.0,-0.2514248,0.0,-0.7849856,0.0,-0.55553156,-0.014469441,-1.389331,-0.34210628,-1.1351954,0.23172487,0.011001117,-0.118523136,"Contract_Two year, PaymentMethod_Electronic check, tenure",0.0019589392
0.028129954,0.17533304,0.058485467,-0.42222622,0.3932367,-0.012919763,0.3042307,-0.28603023,1.1609682,-0.091898315,0.014752814,-0.26465002,0.038317543,0.0,-0.23327361,-0.016645668,-0.009719183,0.0,-0.08044409,0.0,1.2692584,0.0,-0.29848364,0.0,-0.03978762,0.0,-0.51036495,0.0,-0.64672285,-0.12227389,-0.32595932,-0.23785163,-1.1697198,0.43588984,-0.025129635,-0.1344202,"OnlineBackup_Yes, PaymentMethod_Electronic check, num_services",0.2575494
-0.01628816,0.07089243,0.0814447,-1.7227205,-0.049369257,-0.12023734,-1.0667124,-0.69916695,-2.173403,-0.9287361,0.008029698,0.06392663,-0.29126,0.0,0.258587,0.4119622,-0.00077185105,0.0,0.26117808,0.0,0.4209528,0.0,0.58229864,0.0,0.52542174,0.0,0.6461534,0.0,0.5510202,0.0918515,-0.79210097,-0.18734165,-0.64056456,-0.045827005,0.0011532517,-0.06602648,"num_services, tenure, MonthlyCharges",0.007888098
0.039347105,0.06830258,0.12169636,-0.4671679,0.12973143,0.22933686,0.26971462,-0.98086256,0.25971112,-1.0574323,0.0064419564,0.08569712,-0.05362752,0.0,-0.39902493,-0.5947146,-0.0027626154,0.0,-0.2185958,0.0,-0.5723226,0.0,0.5030229,0.0,-0.087351635,0.0,0.29001912,0.0,0.62180173,0.17552474,0.2399649,0.57136923,-1.1082296,-0.17674439,0.038868364,-0.106570266,"PaymentMethod_Electronic check, charge_per_service, TotalCharges",0.1012253
-0.003804557,0.08192052,0.043135952,0.44725925,-0.1184944,-0.008096734,0.50751346,-0.10800122,0.8153696,-1.8289549,-0.018933175,0.10570502,-0.023706548,0.0,-0.44332895,-0.21469882,0.11545408,0.0,-0.1088847,0.0,-0.35127473,0.0,-0.28748903,0.0,-0.089921184,0.0,-0.2533193,0.0,-0.34843573,0.17973098,0.34601554,0.2925021,-1.1271197,-0.18859969,-0.08685238,0.121269815,"charge_per_service, PaymentMethod_Electronic check, num_services",0.07156683
0.11344,-0.4079795,0.06148038,-0.8843871,-0.043375187,0.05444808,0.3030471,-0.23463203,-0.67955875,0.08731246,0.0134614725,-0.2231493,0.162531,0.0,-0.54775554,0.2082321,-0.0015002573,0.0,-0.071536995,0.0,0.55044675,0.0,-0.6675466,0.0,-0.057716507,0.0,0.72383106,0.0,0.5338244,-0.01705665,-0.039613906,-0.23798926,0.7841233,-0.15798792,-0.020308213,-0.0553361,"tenure, PaymentMethod_Electronic check, StreamingTV_Yes",0.31862932
0.0055401647,0.12910122,0.0765098,1.1472586,-0.04203823,0.09020899,0.20595738,0.08523913,-0.22681049,0.27663013,-0.0248321,0.20427667,-0.19065453,0.0,0.40299967,-0.46663365,-0.003811851,0.0,-0.14736293,0.0,-0.27132836,0.0,-0.43185496,0.0,0.2796539,0.0,0.8392811,0.0,-0.33391687,0.03528795,0.23661114,-0.14586738,-0.9785304,0.63092715,-0.012669879,0.19351363,"tenure, PaymentMethod_Electronic check, StreamingTV_Yes",0.8254703
-0.13053364,0.15613902,0.054790482,-0.4845053,0.3248136,0.025561327,0.058379605,-0.8688966,1.4104863,-0.08679468,0.016666101,-0.14196719,-0.07985939,0.0,-0.348939,-0.2474,-0.009944319,0.0,-0.10839546,0.0,-0.63118726,0.0,-0.35076737,0.0,-0.11202665,0.0,-0.54715514,0.0,0.77738905,-0.44038785,-0.03285197,-0.19580242,0.7152421,-0.1807251,-0.007029613,-0.081348285,"num_services, TotalCharges, StreamingMovies_Yes",0.1742391
-0.0027335137,0.15329254,-0.09075472,0.96724683,-0.04267244,0.11936118,-0.053421292,0.65650684,-0.75528616,-1.2551789,-0.06997527,0.17679231,-0.04358081,0.0,-0.11736614,-0.24934353,-0.001104532,0.0,0.48570022,0.0,1.006492,0.0,-0.4722825,0.0,0.15098447,0.0,-0.53526753,0.0,0.3645917,0.037560407,0.3433354,-0.12021969,-0.535585,-0.3537375,0.0034787515,0.06506088,"charge_per_service, OnlineBackup_Yes, tenure",0.45588174
-0.08436942,0.07569561,0.04589053,0.07915258,-0.047141556,0.0068640728,-0.02636822,-0.58924705,0.61834717,0.31138542,-0.01701288,-0.088173814,-0.21012114,0.0,0.3361841,0.33144316,-0.004182846,0.0,-0.030512983,0.0,-0.6571218,0.0,-0.3611235,0.0,-0.22610644,0.0,-0.5675913,0.0,-0.5114909,0.07477033,0.13410687,-0.14741272,0.7148922,-0.17612384,-0.1707077,0.116849385,"PaymentMethod_Electronic check, OnlineBackup_Yes, num_services",0.25387457
-0.04540727,-0.284307,0.08002539,-1.3810877,-0.03821155,-0.091355294,-0.4062391,-0.3765315,-0.43293214,-0.40704754,0.017227627,0.230882,0.0016744912,0.0,-0.24479966,0.23830765,-0.0014578677,0.0,0.36169213,0.0,0.75497854,0.0,0.5215851,0.0,-0.14738066,0.0,-1.0164185,0.0,-0.694175,-0.5845285,-0.21808189,0.7876396,-1.1388932,-0.08972553,0.0017174637,-0.106355555,"tenure, PaymentMethod_Electronic check, StreamingTV_Yes",0.008853646
0.010859624,-0.2403926,0.0730706,-0.23072109,-0.046792183,0.09743522,0.21589896,0.25974193,0.48183215,0.15146835,0.009345461,-0.030980166,0.057037495,0.0,-0.17872803,-0.33549497,-0.0043081595,0.0,-0.1592993,0.0,-0.36260405,0.0,0.7276055,0.0,-0.08246298,0.0,-0.6548015,0.0,-0.66065663,0.12150728,0.17780434,-0.2138946,-1.0667948,0.29499593,-0.020466885,-0.16953096,"PaymentMethod_Electronic check, DeviceProtection_Yes, StreamingMovies_Yes",0.14329937
-0.01683616,0.01182759,0.16069317,-0.5973553,0.3624151,-0.00071748137,-0.047733646,-0.6542819,0.35064787,-0.4884104,0.03313575,0.14157632,0.0747119,0.0,-0.48770845,-0.44414264,-0.009944319,0.0,-0.26274973,0.0,-0.7789973,0.0,-0.36983868,0.0,0.2922161,0.0,-0.628115,0.0,0.47956085,0.06456226,0.26238164,-0.22787364,0.7632985,-0.16365345,-0.014181213,-0.065516576,"OnlineBackup_Yes, PaymentMethod_Electronic check, TotalCharges",0.09365039
-0.041831516,-0.22339316,-0.19357397,-1.3673221,-0.068476304,-0.029426564,0.12517174,-0.55211467,0.58609617,-1.3791583,0.005020509,0.0427299,0.053930085,0.0,-0.40495545,-0.42413017,0.12035155,0.0,-0.062853605,0.0,-0.48007798,0.0,-0.23904306,0.0,-0.2524941,0.0,-0.25411317,0.0,-0.38614926,-0.011717097,-1.8985233,-0.049734466,-0.48987874,-0.03135242,-0.03688773,-0.13952215,"Contract_Two year, charge_per_service, tenure",0.00030580544
0.03921637,-0.4681704,0.093570665,-0.6602284,-0.03408935,0.04045195,-1.1957425,-0.8218758,-0.85618925,0.40978754,0.012446381,0.2043028,0.10336383,0.0,0.14131993,0.23439208,-0.0014324219,0.0,0.22381997,0.0,0.4725088,0.0,-0.87942916,0.0,-0.14872143,0.0,0.6691105,0.0,-1.3214903,0.09407434,0.11662802,-0.1907843,0.86327934,-0.06777319,-0.0071725734,-0.04272141,"StreamingMovies_Yes, MonthlyCharges, DeviceProtection_Yes",0.048045296
-0.05483539,-0.10298169,-0.36435542,-2.1453776,-0.048541207,-0.052776918,-0.9880757,-0.35806865,-1.6831366,-0.3119885,0.006197011,-0.018245775,-0.10308517,0.0,0.15565771,0.2324555,-0.00077185105,0.0,0.27128953,0.0,0.320931,0.0,0.6182232,0.0,0.48142782,0.0,0.4012751,0.0,0.5369097,-0.09995238,-1.6269258,-0.08167607,-0.559155,-0.039733183,0.001288579,-0.07034208,"tenure, num_services, Contract_Two year",0.003357486
-0.0107373735,0.15136316,0.075955085,-0.2582776,0.22385724,-0.05592404,0.3367913,0.048870947,1.0684357,0.17583899,0.00478708,-0.050618798,0.04433746,0.0,-0.24707294,-0.26039368,-0.012569474,0.0,-0.093304984,0.0,-0.27118468,0.0,-0.23133089,0.0,-0.13481925,0.0,-0.5173283,0.0,-0.61375,0.11012302,0.18116659,-0.20494281,-1.1796131,0.37708008,-0.1029779,-0.1169364,"PaymentMethod_Electronic check, num_services, StreamingMovies_Yes",0.17193115
-0.040726725,-0.11479059,0.06640885,-2.4824238,-0.05273812,0.04466639,-1.1889577,-0.6156033,-1.6207168,-0.4312432,0.006197011,-0.02539868,-0.17747593,0.0,0.18915266,0.22025728,-0.00077185105,0.0,-0.108848125,0.0,0.5990726,0.0,0.5434592,0.0,0.5073783,0.0,0.44222733,0.0,0.53753096,-0.11921583,-1.5965394,-0.09817223,-0.6418135,-0.053910375,0.0008237489,-0.11071641,"tenure, num_services, Contract_Two year",0.0017758141
-0.0011891073,0.062207025,0.042199988,0.9520652,-0.051244035,-0.34670526,0.142447,-0.24951068,0.11106292,-0.19647014,-0.017721642,0.13422492,0.13319358,0.0,-0.03051024,-0.28102258,-0.003872989,0.0,0.5654152,0.0,-0.480385,0.0,-0.3536574,0.0,-0.1570908,0.0,-0.70227975,0.0,-0.5045127,0.086816005,0.17078763,-0.2375825,0.8982259,-0.27105817,-0.011832506,0.09944016,"tenure, PaymentMethod_Electronic check, StreamingTV_Yes",0.37580618
-0.023463096,0.0100723095,0.00431659,0.5391873,-0.14007312,-0.020097453,0.34850517,-0.24169612,0.97049844,-2.503199,-0.016139569,0.14351605,0.07598071,0.0,-0.4871262,-0.35638037,0.11545408,0.0,-0.09995315,0.0,-0.37710494,0.0,-0.3140553,0.0,-0.22351725,0.0,-0.31183684,0.0,-0.5815747,-0.8786301,-0.2148568,0.1483469,-1.3163939,-0.3889135,-0.110850155,0.14374831,"charge_per_service, PaymentMethod_Electronic check, num_services",0.002204469
-0.02690513,-0.16606936,-0.12533242,-0.14664993,-0.060380783,0.07803315,0.6470449,0.2853973,0.7440161,-2.5354488,0.0058998372,0.07408402,0.01721245,0.0,-0.47061005,-0.5233847,0.12035155,0.0,-0.105790354,0.0,-0.13948873,0.0,-0.3026889,0.0,-0.19197853,0.0,-0.32795313,0.0,-0.30850032,0.0052921087,-1.2851149,-0.12146734,-0.95007366,0.388803,0.025658451,-0.11512714,"charge_per_service, Contract_Two year, PaymentMethod_Electronic check",0.0039898767
0.007885291,0.09560133,0.017900107,-0.5798492,-0.13363282,-0.043754607,0.8342691,0.20890486,0.83500594,-1.9614445,0.008432575,0.12450376,-0.10664987,0.0,-0.46206436,-0.37533808,0.12745844,0.0,-0.06914704,0.0,-0.3398911,0.0,-0.13971648,0.0,-0.22826947,0.0,-0.2970166,0.0,-0.575512,-0.4244834,-0.38731986,-0.058129225,-0.7011232,-0.22844382,0.41605684,-0.16608523,"charge_per_service, num_services, MonthlyCharges",0.009847141
0.09989668,0.18705033,0.046460222,-0.7159616,0.3565957,-0.081903026,0.12338937,0.23311603,-0.1853741,-1.2203054,0.008377616,0.0754775,-0.019722035,0.0,-0.5013313,-0.2674367,-0.0023025307,0.0,0.39299458,0.0,-0.25335854,0.0,0.208803,0.0,0.5463133,0.0,-0.48299584,0.0,-0.30837667,0.031697065,-1.6332848,-0.17688908,-1.1844683,0.39894673,-0.056219067,-0.10430107,"Contract_Two year, charge_per_service, PaymentMethod_Electronic check",0.011053015
-0.0043855333,-0.095889986,-0.21859224,0.14535409,-0.017517123,-0.31992975,-0.09955456,-0.7536896,-0.5163745,0.5234278,0.004907327,-0.115974516,-0.007012482,0.0,-0.4441883,0.3021513,-0.0010635976,0.0,-0.24329582,0.0,-0.5472899,0.0,0.58261824,0.0,-0.026000075,0.0,0.9316471,0.0,0.29027882,0.11862184,0.19857994,-0.15280625,-0.7792374,0.41385087,0.035584956,-0.098250255,"StreamingTV_Yes, PaymentMethod_Electronic check, TotalCharges",0.28846398
-0.021138651,-0.16936564,0.0060153026,0.13346311,-0.06873097,-0.07027605,0.15188995,0.5961772,0.7417919,-1.6702594,0.0059905457,0.08093113,0.06922737,0.0,-0.41552436,-0.44851226,0.12035155,0.0,-0.13034558,0.0,-0.23890439,0.0,-0.17929506,0.0,-0.20959099,0.0,-0.2206437,0.0,-0.35775566,-0.012086595,-1.6615663,0.29621318,-1.1633897,-0.18913949,-0.04411372,-0.13220225,"charge_per_service, Contract_Two year, PaymentMethod_Electronic check",0.0054340796
-0.011109369,0.061855413,0.14901786,0.1813729,0.5913406,0.032564502,0.07176099,-0.19274026,0.7662182,-0.5486231,0.006396902,-0.07013544,0.11144587,0.0,-0.22503132,-0.4164105,-0.0033727072,0.0,-0.21333915,0.0,-0.34263697,0.0,0.48327845,0.0,-0.1015739,0.0,0.59355855,0.0,-0.71822935,0.12376471,0.21376388,-0.2048082,0.8943212,-0.20175697,0.05637282,-0.06501629,"PaymentMethod_Electronic check, num_services, StreamingMovies_Yes",0.7336895
-0.12501088,-0.13034412,-0.16322774,-1.0399798,-0.015592508,0.04632964,-0.31344175,-0.24465202,-1.6533548,-1.2458036,0.005525032,0.084927395,-0.25073546,0.0,0.25515124,-0.39208636,-0.0006027703,0.0,0.51014876,0.0,0.4735077,0.0,0.35281244,0.0,0.36629167,0.0,0.35960504,0.0,0.4492621,0.09242996,-1.4041659,0.7073282,-1.0161995,-0.13697404,0.0022300002,-0.11536306,"num_services, Contract_Two year, charge_per_service",0.010448305
-0.17569812,0.04043392,0.0868439,-0.25530148,-0.04896813,-0.030684337,0.90606594,0.31640428,0.5504039,0.97070605,-0.047793444,-0.086237095,0.11822565,0.0,-0.51135015,0.34099448,-0.0021188702,0.0,-0.06251294,0.0,-0.38364613,0.0,-0.4340949,0.0,-0.07931595,0.0,-0.7404076,0.0,0.6416638,0.054685548,0.14251758,-0.14875399,0.8268587,-0.14918418,-0.046690032,0.09146152,"charge_per_service, MonthlyCharges, PaymentMethod_Electronic check",0.86711425
-0.03206536,0.11736151,0.072158664,-0.2098549,-0.038820624,0.00638737,-0.53426933,0.44471163,-0.7314897,0.5702071,0.03313575,0.098573364,0.1274217,0.0,0.32933813,0.23118979,-0.0010381518,0.0,0.42289054,0.0,-0.39434472,0.0,-0.30660367,0.0,0.29220188,0.0,-0.9510811,0.0,0.41081867,0.01038327,0.11148859,-0.15457214,0.89943594,-0.07965656,-0.002889655,-0.040154006,"StreamingTV_Yes, PaymentMethod_Electronic check, num_services",0.66642004
0.23126383,0.05726334,0.078478664,-0.5551361,0.3222689,0.023220044,0.21131416,-0.4275838,0.12405132,-0.7234872,0.007411993,0.17980057,0.04975739,0.0,-0.33853835,-0.4097848,-0.009137409,0.0,0.48372796,0.0,-0.46124303,0.0,-0.3012116,0.0,-0.10772068,0.0,0.43643582,0.0,0.56036884,0.12219315,0.3173928,0.7509569,-1.1672223,-0.16806519,-0.0073075937,-0.10412149,"PaymentMethod_Electronic check, PaymentMethod_Credit card (automatic), charge_per_service",0.30290952
-0.005231568,0.037345324,0.035644703,-0.4152632,-0.102178104,-0.2793286,0.16300821,-0.7414246,-0.67361873,-0.5328554,0.009347653,0.09180856,-0.03827549,0.0,-0.18100753,-0.46823138,-0.0022136346,0.0,0.6265564,0.0,-0.5603367,0.0,-0.21880388,0.0,0.37583083,0.0,-0.53940856,0.0,-0.33374968,0.21106121,0.24376826,-0.26732185,-1.2987462,0.412356,-0.09216524,-0.10764914,"PaymentMethod_Electronic check, TotalCharges, num_services",0.009378524
0.059198678,0.032651413,0.046671983,-0.13201323,-0.031177904,0.08317006,0.29957107,-0.15115696,-0.24362482,0.5132937,0.031862654,-0.072198816,0.022987204,0.0,-0.58219004,0.3415496,-0.0016830041,0.0,-0.107475765,0.0,-0.38938338,0.0,0.72647524,0.0,-0.12571701,0.0,-0.6960184,0.0,0.8891341,0.13005148,0.1622454,-0.123360224,0.6209091,-0.1531376,0.018700767,-0.041911155,"StreamingMovies_Yes, DeviceProtection_Yes, StreamingTV_Yes",0.75372845
-0.019885644,-0.13638702,-0.28487438,1.4432803,-0.18304011,-0.007486917,0.39399987,0.60977036,0.7289603,-1.1150769,-0.01216463,0.089058675,0.0847998,0.0,-0.2795541,-0.3881049,0.107984215,0.0,-0.05441561,0.0,-0.23048563,0.0,-0.3505443,0.0,-0.13434078,0.0,-0.33718342,0.0,-0.4856892,0.15039483,0.32189438,-0.17934856,0.518731,-0.21605559,-0.068121724,0.13033935,"tenure, charge_per_service, num_services",0.5218925
-0.00877482,0.054839216,0.023702927,-0.3557371,-0.035268944,0.0064324085,0.34322995,-0.410741,0.95263344,1.0046203,0.00690753,-0.1500846,-0.23565541,0.0,0.39538434,0.30288854,-0.004182846,0.0,-0.057490073,0.0,-0.61370236,0.0,-0.15912405,0.0,-0.19008765,0.0,-0.63253355,0.0,-0.53727484,0.07474761,0.13959025,-0.17113167,0.815165,-0.13223684,0.11215574,-0.077378385,"charge_per_service, num_services, PaymentMethod_Electronic check",0.6111305
0.006483061,0.08543906,-0.0010044022,0.13080665,-0.031763285,-0.45840466,-0.1066006,-0.6072324,-1.0114523,-0.16075693,0.0055798963,0.10080548,-0.031415734,0.0,-0.5746812,0.37282655,-0.0009146932,0.0,-0.46543875,0.0,-0.59151447,0.0,0.6115071,0.0,0.30677944,0.0,0.72313905,0.0,0.68925166,-0.0034861965,-1.41507,-0.087359704,-0.7124061,-0.06889542,-0.07683542,-0.10321057,"Contract_Two year, num_services, StreamingTV_Yes",0.029752104
0.01782383,0.10438282,0.0008208268,-0.033485707,-0.035235316,0.06738162,0.28428462,0.3601555,0.2091321,0.47862887,0.020548737,-0.2417996,-0.13301735,0.0,-0.36892587,0.20032889,-0.0041142073,0.0,-0.090908565,0.0,0.75809276,0.0,-0.4165047,0.0,-0.085153535,0.0,-0.79696894,0.0,-0.8225295,-0.45172298,-0.12052425,-0.32770604,-1.02873,0.33426085,0.015932396,-0.169062,"PaymentMethod_Electronic check, StreamingMovies_Yes, StreamingTV_Yes",0.092503704
0.015946267,0.01659172,0.03595628,0.6604991,-0.03653872,0.097450234,0.07121151,-0.20747444,-0.2832191,0.7717063,-0.06109545,-0.22901511,-0.12025852,0.0,0.4916053,0.31555936,-0.0035660884,0.0,-0.06803412,0.0,0.65146804,0.0,0.824302,0.0,-0.20531693,0.0,-0.6336149,0.0,-0.56793517,0.09669212,0.13690008,-0.12035058,0.59489596,-0.15241273,0.020568693,0.10669782,"DeviceProtection_Yes, charge_per_service, tenure",0.90117884
0.024042387,0.08882911,0.045951925,0.66956997,-0.04804204,-0.021452285,0.20513372,0.46877664,0.3774051,0.85722274,-0.022137944,-0.06859669,-0.047206495,0.0,-0.43652785,0.27990952,-0.0019545725,0.0,-0.012081481,0.0,-0.44374856,0.0,-0.31195855,0.0,-0.16042371,0.0,-0.6305332,0.0,0.832127,0.07289906,0.13754013,-0.15674809,0.61439854,-0.15631004,-0.038956016,0.10688452,"charge_per_service, StreamingMovies_Yes, tenure",0.90160495
-0.022897778,-0.09172738,-0.42693314,-0.2115324,0.19944054,0.082831554,-0.06565281,-1.0019331,-0.17487581,-1.5316566,0.0068507884,0.060969304,0.06252374,0.0,-0.41213986,-0.38130137,-0.002713244,0.0,0.64237154,0.0,-0.61716324,0.0,0.58355457,0.0,0.23420227,0.0,-0.52505463,0.0,-0.36906847,-0.43670177,-0.17704509,-0.13882789,0.74774534,-0.14946827,0.038340326,-0.048369985,"charge_per_service, TotalCharges, PaymentMethod_Electronic check",0.015749685
-0.061309572,-0.1863647,-0.14420332,-1.5986544,-0.06803948,0.0074637523,0.21491514,-0.38948455,0.48566017,-1.2682422,0.005020509,-0.274878,0.07867668,0.0,-0.2799113,-0.4695183,0.12035155,0.0,-0.07684799,0.0,-0.35887995,0.0,-0.24358216,0.0,-0.23529458,0.0,-0.37199712,0.0,-0.37947643,0.038614694,-1.3508705,-0.030391375,-0.59165704,-0.039563138,-0.06918802,-0.14017375,"tenure, Contract_Two year, charge_per_service",0.00045870102
0.0032932747,-0.17679743,-0.16513188,-0.08426955,-0.12089615,-0.09587747,0.56911844,-0.4765306,0.6711965,-1.3056718,0.0068698744,0.13112292,-0.01619127,0.0,-0.4558541,-0.55632555,0.12745844,0.0,-0.14971574,0.0,-0.2961312,0.0,-0.23604031,0.0,-0.2214716,0.0,-0.26532474,0.0,-0.54104567,-0.5603034,-0.4085643,-0.036813043,-0.6381722,-0.25468254,0.21838954,-0.13340154,"charge_per_service, num_services, PaymentMethod_Electronic check",0.004166147
-0.0009064515,0.14443865,-0.18257865,-0.6624767,-0.095435455,-0.0043472187,0.75569546,-0.70526683,0.68829316,-1.2286842,0.008432575,0.13807842,0.016843105,0.0,-0.47213572,-0.5852986,0.12745844,0.0,-0.10629467,0.0,-0.4481186,0.0,-0.20551024,0.0,-0.18733801,0.0,-0.20966563,0.0,-0.582987,-0.1797647,-0.3873933,0.5886977,-1.0589912,-0.25470123,0.16738553,-0.16234376,"charge_per_service, PaymentMethod_Electronic check, MonthlyCharges",0.006097606
-0.024298344,0.11484247,0.024127146,-0.62415683,-0.14046647,-0.13855799,-0.040814217,-0.7319648,-0.7475133,-1.4853251,0.007014607,0.2933507,-0.09755515,0.0,0.15720657,-0.43804616,-0.0008540362,0.0,-0.10434983,0.0,0.66750354,0.0,0.7993855,0.0,0.21303077,0.0,0.2551778,0.0,-0.9618555,-0.31835324,-0.37781107,-0.14135025,-0.7209904,-0.12958477,0.001966535,-0.11021362,"charge_per_service, StreamingMovies_Yes, DeviceProtection_Yes",0.0080877645
-0.407624,0.09606857,0.02821703,0.38643843,-0.05926421,-0.023463974,0.013503614,0.046691768,1.0486488,1.1003181,-0.016594853,-0.030320833,0.050999016,0.0,-0.41325113,0.26884297,-0.0038033887,0.0,-0.04362483,0.0,-0.41826355,0.0,-0.3371338,0.0,-0.19549495,0.0,-0.42476296,0.0,-0.41836175,0.072850674,0.14185455,-0.15365131,0.6900015,-0.18797971,-0.06984678,0.119335145,"charge_per_service, num_services, PaymentMethod_Electronic check",0.7008821
0.05180245,-0.20311129,0.13742141,-0.70136213,0.19690426,0.019354451,0.24123669,-0.8817353,0.65443504,-0.5965784,0.005579306,-0.2067504,0.14816862,0.0,-0.53431994,-0.52092946,-0.009944319,0.0,-0.24701059,0.0,-0.41588005,0.0,-0.39282796,0.0,-0.06903703,0.0,0.5059366,0.0,0.54628783,0.029502448,0.17820673,-0.21070863,0.86624527,-0.1611314,0.027467713,-0.07041292,"TotalCharges, PaymentMethod_Electronic check, tenure",0.1649267
0.021414185,-0.2643815,0.07992228,-0.3898398,-0.037379712,0.10487139,0.41349965,-0.1178934,-0.62265104,0.8466963,0.004717724,-0.09398942,0.10510645,0.0,0.35913682,0.32551634,-0.000874751,0.0,-0.08238318,0.0,-0.54167014,0.0,0.7418165,0.0,-0.13835736,0.0,0.7077228,0.0,0.81294525,0.0735218,0.12906396,-0.15171163,0.764744,-0.14590196,0.029742405,-0.042459566,"charge_per_service, StreamingMovies_Yes, PaymentMethod_Electronic check",0.9469554
-0.0977691,-0.16923027,-0.07432435,-1.0690818,0.2574547,0.2540337,-0.23157695,-0.9116435,-0.09088677,-1.0340705,0.0068507884,-0.020840978,-0.014836313,0.0,-0.4504111,-0.3412885,-0.0016430675,0.0,0.61212915,0.0,-0.31973612,0.0,0.49548495,0.0,0.5357899,0.0,-0.42925066,0.0,-0.3902422,0.00014670147,-1.4340377,-0.17641366,-0.9297182,0.13037479,0.042787593,-0.114460886,"Contract_Two year, tenure, charge_per_service",0.0025344603
0.022057502,0.04595817,0.10813635,-0.32835555,0.23161717,-0.17171256,-0.24221054,-0.5839835,-0.56922,-1.7556078,0.0046098595,0.08936237,0.049019523,0.0,-0.48823503,-0.57774943,-0.0027626154,0.0,-0.3170166,0.0,-0.70952517,0.0,0.6027482,0.0,0.25094515,0.0,0.48906636,0.0,0.39000687,-0.18333992,-0.09360104,-0.19351612,0.84716904,-0.2687041,-0.021931909,-0.048700888,"charge_per_service, PaymentMethod_Electronic check, OnlineBackup_Yes",0.031240448
-0.08842488,-0.12665762,-0.03779638,-1.504553,-0.10161748,-0.016668657,-0.31168693,-0.5749507,-1.1028525,-1.0844575,0.006197011,-0.062198866,-0.049432613,0.0,0.13149565,-0.43938184,-0.00069516455,0.0,0.11253164,0.0,0.21255822,0.0,-0.24758677,0.0,0.3183762,0.0,0.38160762,0.0,0.5373487,-0.15114759,-1.0523298,-0.14553621,-0.75807184,-0.029441731,0.010053746,-0.11895997,"tenure, num_services, charge_per_service",0.0018272644
-0.022712078,-0.25079504,-0.24027163,-0.1360212,-0.062855095,-0.07941393,0.6193612,0.85069114,0.7528335,-0.94006187,0.005020509,0.09127667,-0.04516348,0.0,-0.45448384,-0.57250977,0.12035155,0.0,-0.06718416,0.0,-0.12772414,0.0,-0.2582033,0.0,-0.21093802,0.0,-0.3532233,0.0,-0.33292118,-0.016269566,-1.5972525,-0.15817285,-0.88559544,0.45145562,0.38814875,-0.15990047,"Contract_Two year, charge_per_service, PaymentMethod_Electronic check",0.024095029
-0.031618636,-0.22023058,-0.39047194,-0.9370345,-0.041520797,0.009154401,0.4099474,-0.4496687,-0.53584796,0.3928353,0.010398777,0.039877616,0.0229479,0.0,0.2035819,0.23048685,-0.0014324219,0.0,0.30093116,0.0,0.5311284,0.0,-0.55139667,0.0,-0.1621832,0.0,-0.56385505,0.0,-0.90036917,-0.46400192,-0.15818666,-0.1096015,-0.8127688,-0.03857077,0.0002847991,-0.1342817,"tenure, StreamingMovies_Yes, PaymentMethod_Electronic check",0.012613494
-0.021482136,0.3232467,-0.19023742,-0.4982351,-0.0794323,0.01331951,0.5110499,0.4046322,0.73013073,-1.4888144,0.006870647,0.05937548,-0.0008437021,0.0,-0.18793595,-0.5353703,0.12035155,0.0,-0.15686484,0.0,-0.3112404,0.0,-0.2311786,0.0,-0.21371906,0.0,-0.30348337,0.0,-0.39587438,0.028356407,-1.162378,-0.005322766,-0.60756564,-0.049919043,-0.07102802,-0.14268823,"charge_per_service, Contract_Two year, num_services",0.01137263
-0.02082255,0.26694375,-0.030105762,-0.33033255,-0.073544465,0.012718677,0.42026863,0.85070986,0.59076035,-1.9220122,0.0059006102,0.084745534,-0.05747649,0.0,-0.28631267,-0.47459555,0.12035155,0.0,-0.10619085,0.0,-0.24420261,0.0,-0.24174738,0.0,-0.24609499,0.0,-0.17013203,0.0,-0.31744817,0.045620333,-1.4358348,0.050861407,-1.2791327,-0.31827042,-0.0688101,-0.14026505,"charge_per_service, Contract_Two year, PaymentMethod_Electronic check",0.004853077
-0.012743534,-0.1930738,-0.34594882,-0.6786742,-0.09340314,-0.03631681,0.29778412,-0.22051361,0.7025076,-0.7578439,0.0059905457,0.10980496,0.015435463,0.0,0.32044867,-0.6769095,0.11658744,0.0,-0.18090393,0.0,-0.43279967,0.0,-0.22974814,0.0,-0.14988981,0.0,-0.37721694,0.0,-0.36261344,-0.02282985,-1.531721,-0.20553765,-0.9358044,0.37867752,0.18135422,-0.11912835,"Contract_Two year, PaymentMethod_Electronic check, charge_per_service",0.0043041776
-0.02240129,-0.26880956,-0.1969974,-0.07986429,-0.051831737,-0.021040954,0.38646072,-0.39382157,-0.54930806,-1.1389923,0.017227627,0.18963383,-0.066719644,0.0,-0.25606963,-0.4412548,-0.0020813209,0.0,0.46013522,0.0,0.4176572,0.0,-0.37048745,0.0,-0.04833572,0.0,-0.5216912,0.0,-0.3597625,0.15871699,0.31602466,-0.19810455,-0.9276626,0.42568526,-0.026620211,-0.118784696,"charge_per_service, PaymentMethod_Electronic check, num_services",0.024175884
-0.1302739,-0.14552969,-0.5997962,-1.7850968,-0.03699649,0.0010825053,-0.73947906,-0.17792483,-1.1679314,-0.32967392,0.0134614725,0.03040452,0.045394134,0.0,0.14334825,0.14948283,-0.00086424523,0.0,0.23949571,0.0,0.09695619,0.0,-0.4259819,0.0,0.5366715,0.0,0.41650644,0.0,0.4546725,-0.07544957,-1.0716436,0.5127551,-0.9182263,-0.06468652,0.01129255,-0.119665965,"tenure, num_services, Contract_Two year",0.00578593
-0.016513787,0.09676065,0.038684685,1.0514921,-0.041662205,-0.032079317,0.22109261,0.28328437,0.899919,0.9288998,-0.01575625,-0.0743426,-0.08526173,0.0,0.3668024,0.22587238,-0.0033052235,0.0,-0.010256683,0.0,-0.4041418,0.0,-0.3225815,0.0,-0.18396023,0.0,-0.45490932,0.0,-0.5113095,0.12382087,0.2033212,-0.17735995,-0.677554,0.37175387,-0.09687136,0.25769335,"tenure, charge_per_service, num_services",0.87574124
-0.027035706,0.16351536,-0.0049388423,-0.4065393,-0.091485724,0.023045018,-0.09029704,-1.0420233,-0.8155162,-1.4905612,0.0064419564,0.054743327,-0.027296254,0.0,-0.33571827,-0.61868715,-0.0007271896,0.0,-0.15981652,0.0,-0.41358575,0.0,0.59103674,0.0,0.23938775,0.0,0.3238651,0.0,0.36445847,-0.07174039,-1.2007093,-0.06387912,-0.6285753,-0.061983906,-0.0018330627,-0.104974784,"charge_per_service, Contract_Two year, TotalCharges",0.0027312601
0.038981132,-0.396697,0.06573131,-0.81668764,-0.032511037,0.065693125,0.0830825,-0.2681658,-0.9044784,0.3189316,0.004609269,0.13346265,-0.18212458,0.0,-0.47204614,0.18902293,-0.0015363169,0.0,0.25347483,0.0,-0.44176337,0.0,-0.65981776,0.0,-0.10469819,0.0,0.7213208,0.0,0.554511,-0.046185203,-0.04411117,-0.19001332,0.56653446,-0.10195611,-0.007576825,-0.05577366,"num_services, tenure, StreamingTV_Yes",0.14936195
0.009916999,0.10549458,-0.39073497,0.60098726,-0.027303271,0.034371234,0.17461632,0.37977847,-0.2639112,0.7106613,-0.016052388,-0.12018265,0.07723828,0.0,0.29162452,0.38954192,-0.0015603616,0.0,-0.045740217,0.0,-0.5134894,0.0,-0.47944283,0.0,-0.16116594,0.0,0.41373032,0.0,0.27358034,0.16076557,0.19350384,-0.021335838,-0.543226,-0.085600674,-0.037956495,0.16587956,"charge_per_service, tenure, PaymentMethod_Electronic check",0.77991325
0.028023075,0.12871994,0.052060816,0.5315368,-0.059763253,-0.021892479,0.17942809,0.24475448,0.90581745,1.0144722,-0.014211415,-0.08510879,0.119208105,0.0,-0.37089762,0.29839292,-0.0038033887,0.0,-0.14077325,0.0,-0.6568225,0.0,-0.32235736,0.0,-0.06436355,0.0,-0.43366402,0.0,-0.45569792,0.10748918,0.14469717,-0.14150019,0.67551905,-0.17259854,-0.10168267,0.13047408,"charge_per_service, num_services, PaymentMethod_Electronic check",0.8185612
-0.006387371,0.105613895,-0.36368266,0.17182864,-0.055312656,-0.22111203,0.42367467,-0.41697156,0.16449158,0.10163814,-0.031048203,0.09573224,0.106867075,0.0,-0.2648843,-0.18054804,-0.004310016,0.0,0.4599312,0.0,-0.26046225,0.0,-0.4208015,0.0,-0.24460895,0.0,-0.6114179,0.0,-0.2621565,0.05929508,0.17533748,-0.18871506,0.79978114,-0.1280681,-0.013776148,0.09962146,"PaymentMethod_Electronic check, StreamingTV_Yes, OnlineSecurity_Yes",0.2851051
-0.022256147,0.11915171,0.15035337,1.086259,0.42209595,0.094776236,0.14735028,0.38188177,0.5215173,-0.25957146,-0.017893791,-0.12242685,0.0045097764,0.0,-0.20637836,-0.2736622,-0.003237189,0.0,-0.0547664,0.0,-0.5839396,0.0,0.51031184,0.0,-0.044729207,0.0,0.668934,0.0,-0.53791237,0.23306216,0.31578413,-0.13555726,-0.941677,0.72129023,-0.013413496,0.17632309,"tenure, PaymentMethod_Electronic check, PaymentMethod_Mailed check",0.9111172
-0.03496308,-0.24671932,-0.45347682,0.804821,0.23282088,-0.01191296,-0.03318286,-0.25757977,1.0728935,-0.40560192,-0.014958236,0.24652861,-0.074856535,0.0,-0.21364172,-0.20181642,-0.012098611,0.0,-0.1833568,0.0,-0.44794807,0.0,-0.42631367,0.0,0.057430103,0.0,-0.39740467,0.0,-0.38335398,0.12307877,0.24760266,-0.1645304,-0.72469735,0.41754386,-0.049809102,0.27541438,"num_services, tenure, PaymentMethod_Electronic check",0.21944302
-0.13706888,-0.27582622,0.023222897,-0.3703881,-0.045347005,0.040546406,0.38050714,-0.04277108,0.98276836,0.9487454,0.004786307,-0.087696604,0.0685634,0.0,0.24400912,0.30369416,-0.0015046225,0.0,-0.049498614,0.0,-0.36902618,0.0,-0.24209048,0.0,-0.17408168,0.0,-0.5650382,0.0,-0.44201192,0.12674409,0.14400384,-0.20393655,0.81267875,-0.14552768,0.19556738,-0.07363339,"num_services, charge_per_service, PaymentMethod_Electronic check",0.7391515
0.0009355509,-0.40491724,-0.28019935,-0.33139873,-0.034338363,0.06704368,-0.12817389,-0.16812147,-0.8401781,0.6836173,0.005579306,0.13561533,0.18740651,0.0,0.3815671,0.2380512,-0.0010381518,0.0,-0.20087202,0.0,-0.4226035,0.0,-0.7003852,0.0,0.5497727,0.0,0.5665258,0.0,0.9620564,-0.19279186,-0.06950554,-0.16014631,0.65698564,-0.1164479,-0.010021472,-0.05359294,"StreamingMovies_Yes, num_services, DeviceProtection_Yes",0.5772752
0.02949241,-0.24598846,-0.5059993,-0.039598197,-0.04225317,-0.017855892,0.4733057,0.05309978,0.96780187,1.1198367,-0.01659362,-0.07158748,0.08061848,0.0,0.31373924,0.4130301,-0.004182846,0.0,-0.06751667,0.0,-0.63593185,0.0,-0.25295728,0.0,-0.19287898,0.0,-0.42774603,0.0,-0.5036707,0.05447024,0.13486616,-0.14211491,0.65916395,-0.12878498,-0.16207798,0.12737681,"charge_per_service, num_services, PaymentMethod_Electronic check",0.7231691
-0.014823152,-0.10247809,0.02931431,-0.112511106,-0.035989538,0.05069782,-0.20808172,-0.6820496,-1.1507349,0.17357366,0.006197011,0.03394025,-0.40947354,0.0,0.35061145,0.3117292,-0.00086424523,0.0,-0.17786857,0.0,0.800892,0.0,-0.6399076,0.0,0.13286942,0.0,0.4613985,0.0,0.56817377,-0.0063514714,-0.6915989,-0.18444562,-0.50726795,-0.048235808,-0.0003721873,-0.090716176,"num_services, OnlineBackup_Yes, Contract_Two year",0.10403267
-0.017392239,-0.16799398,-0.38931948,0.32386392,-0.030031657,-0.02475192,0.40056822,0.07188873,0.087333605,0.6639913,-0.031044707,0.15905717,0.03650774,0.0,-0.18156716,-0.15735272,-0.0047808792,0.0,0.49840254,0.0,-0.2640323,0.0,-0.40338445,0.0,-0.18641564,0.0,-0.47305873,0.0,-0.2866804,0.08028475,0.18984897,0.63097805,-1.0165548,-0.09873767,-0.018963994,0.22067828,"PaymentMethod_Electronic check, charge_per_service, PaymentMethod_Credit card (automatic)",0.40191633
0.03498733,0.07773315,0.05415592,-0.0038849488,-0.13150172,0.03835658,0.7232238,0.34174886,0.8904333,-1.5227364,-0.027096206,0.14846627,-0.02616095,0.0,-0.38230595,-0.21920726,0.12745844,0.0,-0.07846445,0.0,-0.22883156,0.0,-0.29328254,0.0,-0.19048718,0.0,-0.25230676,0.0,-0.25716597,0.15623531,0.35294607,0.3235672,-1.1892778,-0.1082794,-0.0753746,0.1311802,"charge_per_service, PaymentMethod_Electronic check, num_services",0.16872385
0.110318676,-0.05517368,-0.0023044415,-0.86884046,-0.028712677,-0.034195527,-0.5817027,-0.90307707,-1.1574527,-0.09996204,0.00518192,0.30516604,0.05262214,0.0,0.09249656,0.33989018,-0.0014324219,0.0,0.3018205,0.0,0.4284572,0.0,-0.7806599,0.0,0.12310968,0.0,0.4700074,0.0,-0.8721245,0.20057881,0.19445975,-0.21906099,-0.49901482,-0.07576108,-0.045152776,-0.09989478,"num_services, TotalCharges, StreamingMovies_Yes",0.023910431
0.0026866896,0.11387672,0.014237082,-0.14598618,-0.0375527,0.11995693,-0.69231796,0.18941301,-1.3867117,0.17375417,0.01529416,-0.21939819,0.068703465,0.0,0.21854067,0.37022936,-0.00077185105,0.0,-0.08588822,0.0,0.5452011,0.0,1.0564545,0.0,-0.38289723,0.0,0.7206669,0.0,0.6219465,-0.061651595,-0.5550044,-0.069233194,-0.48778576,-0.06637197,-0.0030294089,-0.07105244,"num_services, DeviceProtection_Yes, StreamingTV_Yes",0.48912197
0.018450502,0.07231864,0.060016982,0.016245272,-0.056463346,-0.035138287,0.09212878,-0.055866566,0.40792972,0.16374618,-0.031048203,0.16846928,0.02456973,0.0,-0.24821055,-0.31455493,-0.0047808792,0.0,-0.29020292,0.0,-0.33175516,0.0,-0.29985783,0.0,0.27399874,0.0,-0.5429713,0.0,-0.44196993,0.07522244,0.17684935,-0.15470882,-0.70301974,-0.09049513,-0.036919788,0.15906635,"PaymentMethod_Electronic check, StreamingTV_Yes, StreamingMovies_Yes",0.12589207
-0.02483402,-0.027013363,0.07008989,-0.1304153,-0.04523433,-0.15571673,0.08912398,0.58242303,-0.15189394,0.7134308,-0.049179155,-0.048574284,-0.10842823,0.0,-0.52536005,0.37215602,-0.0016830041,0.0,-0.18566118,0.0,-0.40788934,0.0,0.82923484,0.0,-0.16075256,0.0,-0.91777605,0.0,0.7135609,0.06869035,0.15260378,-0.112234876,0.60213715,-0.14903142,-0.032218494,0.11001507,"StreamingTV_Yes, DeviceProtection_Yes, StreamingMovies_Yes",0.74283236
0.048904456,-0.37521586,-0.3003184,1.2847464,-0.045946088,-0.02829889,0.2001641,0.38584033,0.9311002,1.0439869,-0.0125935925,-0.050774373,0.049933568,0.0,-0.14617553,0.32490882,-0.0033663616,0.0,-0.12421141,0.0,-0.58662224,0.0,-0.34152153,0.0,-0.08797447,0.0,-0.38048467,0.0,-0.43924737,0.102902144,0.15673813,-0.1200514,0.5866983,-0.18775241,-0.10190815,0.134885,"tenure, charge_per_service, num_services",0.870965
-0.0057917335,0.108056374,0.0555059,-0.3982166,-0.104192294,-0.03448382,0.19829273,-0.6607065,-0.67704797,-0.5984005,0.008377616,0.13776353,0.04717797,0.0,0.18660972,-0.54963124,-0.0008926055,0.0,0.3709483,0.0,-0.46915942,0.0,0.30335712,0.0,0.38493145,0.0,-0.4654386,0.0,-0.44522277,0.21841507,0.19484472,0.8741879,-1.2900468,-0.11678074,-0.106608085,-0.10671097,"PaymentMethod_Electronic check, PaymentMethod_Credit card (automatic), num_services",0.049751174
0.028225286,0.064661585,0.0869471,0.9990043,-0.04553838,0.061903507,-0.2774083,0.85862666,-0.7461815,0.53617376,-0.019674044,0.023847377,0.015421665,0.0,0.37127495,0.24365897,-0.0013969608,0.0,-0.101483025,0.0,-0.48149505,0.0,1.064079,0.0,-0.14753297,0.0,0.5677068,0.0,0.641464,0.07070596,0.13060765,-0.0874879,0.7006019,-0.16935681,-0.043538854,0.098618254,"DeviceProtection_Yes, tenure, TotalCharges",0.9882677
-0.0084372405,-0.22984944,0.037381254,-0.37325296,-0.035753354,0.058673147,-0.1077275,-0.49962777,-1.1579136,-0.13998738,0.006197011,0.2726626,-0.13771963,0.0,-0.5278984,0.2858578,-0.0015002573,0.0,-0.25607204,0.0,0.5967414,0.0,-0.52572376,0.0,0.22551382,0.0,0.47878858,0.0,0.67994887,-0.18970488,-0.14677478,0.62753755,-0.9368583,-0.1405914,-0.0097197015,-0.07530282,"num_services, PaymentMethod_Electronic check, StreamingMovies_Yes",0.09622083
-0.03657318,-0.19540092,-0.34713218,-0.86998945,-0.076260746,-0.026365401,0.093854055,-0.5893741,-0.26273602,-0.76057816,0.009963166,0.1629399,-0.108372115,0.0,0.112537414,-0.495247,-0.0012690211,0.0,0.30958953,0.0,0.6932126,0.0,0.62210107,0.0,-0.11050469,0.0,-0.78382295,0.0,-0.66851753,0.18171915,0.19999817,-0.21645409,-0.4621538,-0.07003157,0.0036053131,-0.088091806,"tenure, StreamingTV_Yes, charge_per_service",0.022135666
0.013094915,0.14076892,0.089952804,-0.3673286,-0.027858801,0.04221703,0.08918328,0.07764569,-0.9777098,0.5473029,0.0064419564,0.11682271,-0.2563163,0.0,0.24839184,0.30953738,-0.000874751,0.0,-0.24821106,0.0,-0.39275673,0.0,1.1240703,0.0,0.4097965,0.0,0.48867133,0.0,0.8918436,-0.096565805,-0.114110455,0.54046524,-1.0464387,-0.12776402,-0.008190491,-0.06314434,"DeviceProtection_Yes, PaymentMethod_Electronic check, num_services",0.8022013
0.0388162,0.069688596,0.15138282,0.13369021,0.57664907,0.046634626,0.18491372,-0.14282487,0.5263452,-0.89477915,0.033753455,-0.2946005,-0.31245217,0.0,-0.35074067,-0.33262914,-0.009348536,0.0,-0.150345,0.0,0.4702872,0.0,-0.43094677,0.0,-0.11732523,0.0,-0.6221757,0.0,0.59727025,0.038286276,0.2026158,-0.25629267,0.77247685,-0.17213927,0.05472865,-0.06716401,"charge_per_service, PaymentMethod_Electronic check, StreamingTV_Yes",0.43412232
-0.013176826,0.05446921,0.061816912,1.212037,-0.22086626,-0.033812754,0.50969696,0.5421837,1.0066729,-1.472766,-0.012165277,0.10408026,0.12699601,0.0,-0.28585812,-0.35717946,0.107984215,0.0,-0.0615982,0.0,-0.2475817,0.0,-0.29812834,0.0,-0.14366962,0.0,-0.3642603,0.0,-0.50042266,0.15702811,0.31191218,-0.15688373,0.64617443,-0.26443538,-0.061946698,0.126046,"charge_per_service, tenure, num_services",0.6138487
-0.0074178823,-0.23219575,-0.540319,-1.899778,-0.112189814,0.0064143753,-1.5437747,-0.15841208,-1.6679374,-0.46668988,0.005579306,0.06452353,-0.016196275,0.0,0.2866023,0.294806,-0.0008079108,0.0,0.40857053,0.0,-0.44854894,0.0,0.7496885,0.0,0.5584008,0.0,0.6292235,0.0,0.48611733,-0.07879396,-1.0346148,-0.17835309,0.24238119,-0.08994976,-0.003213538,-0.04036936,"tenure, num_services, MonthlyCharges",0.008194344
-0.024901595,-0.2868288,-0.3023395,-0.8137332,-0.06352709,-0.06006759,0.93950135,0.33199266,0.732455,-0.9997255,0.0059905457,0.05881358,-0.0015029146,0.0,-0.3745374,-0.5544916,0.12035155,0.0,-0.13454232,0.0,-0.30713063,0.0,-0.26888317,0.0,-0.22570066,0.0,-0.34020513,0.0,-0.39439708,0.020957189,-1.5727234,-0.11165108,-0.92340183,0.52277344,-0.04542503,-0.15078533,"Contract_Two year, charge_per_service, MonthlyCharges",0.005311825
-0.015271636,-0.31926084,0.13523328,-1.6844953,-0.05331299,-0.029757328,0.4478686,0.5719469,-0.02021559,0.24043183,0.0045642145,0.21444795,0.10225417,0.0,0.14549145,-0.47795802,-0.0015375055,0.0,0.45670795,0.0,-0.38904947,0.0,-0.24132374,0.0,-0.10823865,0.0,0.52297103,0.0,-0.7717079,-0.38660088,-0.20110625,0.86497426,-1.3777059,-0.07873154,-0.0051404154,-0.11186665,"tenure, PaymentMethod_Electronic check, PaymentMethod_Credit card (automatic)",0.070750624
-0.09422814,0.055567075,0.011317581,-0.50250345,-0.045561686,0.13153143,-0.21518241,-0.8333775,-1.7354553,-1.4915149,0.0061976016,0.082090706,-0.25159326,0.0,0.19190913,-0.3962307,-0.0006027703,0.0,0.4518471,0.0,0.3396323,0.0,0.3289717,0.0,0.64343905,0.0,0.26398993,0.0,0.41051692,-0.12962285,-1.4952695,0.8121126,-1.1444215,-0.14824249,0.003209304,-0.104669675,"num_services, Contract_Two year, charge_per_service",0.0076530413
-0.07198049,-0.19686145,0.023835355,-0.19397514,-0.025744911,0.061481666,-0.3506705,-0.34036133,-0.16316485,0.5430248,0.008072365,0.12937152,0.15034823,0.0,0.30487055,0.4443157,-0.0013741048,0.0,-0.15219752,0.0,-0.50640726,0.0,0.9261243,0.0,0.45045707,0.0,-0.62285084,0.0,-0.6569334,0.22118646,0.1925304,0.66191757,-1.0747666,-0.12960567,0.04199148,-0.09891455,"PaymentMethod_Electronic check, DeviceProtection_Yes, PaymentMethod_Credit card (automatic)",0.39290735
0.011664075,0.12625638,-0.0027665505,-0.04180866,-0.13525885,-0.022030415,1.0095955,0.4198472,0.91569394,-1.2802471,0.006870647,0.12670259,0.0070881597,0.0,-0.49604243,-0.1791183,0.12745844,0.0,-0.05379281,0.0,-0.29757178,0.0,-0.3178971,0.0,-0.23120871,0.0,-0.35864484,0.0,-0.5988411,-0.6911123,-0.32374415,-0.14951402,-1.1719086,0.49269328,0.012952498,-0.18090773,"charge_per_service, PaymentMethod_Electronic check, MonthlyCharges",0.03610962
-0.044985473,-0.12351074,-0.74036264,-1.1493881,-0.14353335,-0.12657325,0.4494574,-1.4809705,-0.34336346,-0.77782357,0.0074684927,0.1381878,-0.1803952,0.0,0.12656938,-0.4616047,-0.0014324219,0.0,0.22702761,0.0,0.49501505,0.0,-0.6251189,0.0,-0.18462478,0.0,-0.8130697,0.0,-0.45710388,0.031416114,0.14223717,-0.3338088,0.7554674,-0.12051589,0.002611573,-0.04793306,"TotalCharges, tenure, StreamingTV_Yes",0.0030502193
0.028495418,0.11029561,-0.040930323,-0.76360726,-0.057774,0.021687932,-0.73661005,-0.10107626,-1.0869013,0.16829327,0.03313575,0.11417165,-0.0398018,0.0,-0.54805505,0.13336927,-0.0015363169,0.0,0.5031644,0.0,-0.24692312,0.0,-0.39591444,0.0,0.37764734,0.0,-1.2735133,0.0,0.5511544,0.0051167733,-0.030481398,-0.23739903,0.69051987,-0.11178222,0.01801692,-0.05590568,"StreamingTV_Yes, num_services, tenure",0.04824713
0.017251644,0.07574418,0.028264962,1.4584742,-0.036168065,0.070750736,0.045604326,0.57569784,0.24537756,0.32166865,-0.018493872,-0.0066821575,-0.056352414,0.0,-0.1684566,-0.31128234,-0.00367841,0.0,-0.04488309,0.0,-0.46936786,0.0,1.0570953,0.0,-0.027612433,0.0,-0.57370025,0.0,-0.51008505,0.1760126,0.2293053,-0.15687037,-0.7890395,0.5707093,0.016963791,0.26073915,"tenure, DeviceProtection_Yes, PaymentMethod_Electronic check",0.8774134
0.016883483,0.14258316,0.027914753,-0.2981547,-0.024908086,0.12660766,-0.09508189,-0.3504531,-0.013854759,0.40487695,0.023423575,-0.25006315,-0.11733679,0.0,0.2575917,0.4611451,-0.0012690211,0.0,-0.07698649,0.0,0.70657635,0.0,0.6156028,0.0,-0.09587131,0.0,-0.46183386,0.0,-0.8302227,0.23291288,0.21222015,0.8003517,-0.97175086,-0.13019137,-0.0670377,-0.08909859,"PaymentMethod_Electronic check, StreamingMovies_Yes, PaymentMethod_Credit card (automatic)",0.53637296
0.15882906,0.16702914,0.017789625,-1.1550943,-0.07802647,-0.079399906,0.5658442,0.07172583,0.5851303,-1.807937,0.009402612,0.058673102,0.008948224,0.0,-0.34380418,-0.2923797,0.12035155,0.0,-0.115087636,0.0,-0.35438704,0.0,-0.19193086,0.0,-0.18889941,0.0,-0.31801605,0.0,-0.32993686,0.0017130552,-1.4282862,-0.056198187,-0.62714875,-0.046377767,-0.041092336,-0.13107641,"charge_per_service, Contract_Two year, tenure",0.00293395
-0.0064740805,0.07769274,0.06844117,0.15660912,-0.12066177,-0.02864235,0.80095404,0.4005289,0.7530305,-0.8578374,-0.014958884,0.15312606,-0.017841903,0.0,-0.43817887,-0.20747374,0.11545408,0.0,-0.057811707,0.0,-0.37081242,0.0,-0.26980916,0.0,-0.0885871,0.0,-0.35344183,0.0,-0.359439,0.21858068,0.3690525,-0.1638869,-1.1305771,0.5108641,-0.051488265,0.12702568,"PaymentMethod_Electronic check, charge_per_service, MonthlyCharges",0.31101257
-0.13493736,-0.074545205,-0.14312978,-1.3583786,-0.027311873,0.0019191003,-0.25908625,-0.58550715,-0.81360644,0.2416879,0.004609269,0.106924735,-0.23586084,0.0,0.24474609,0.14586769,-0.000874751,0.0,-0.26825383,0.0,-0.65980035,0.0,0.52224,0.0,0.21830915,0.0,0.5978019,0.0,0.8227007,-0.20953794,-0.1210588,-0.16690312,-0.42705387,-0.06696029,0.00019690685,-0.11497401,"tenure, StreamingMovies_Yes, num_services",0.05898899
-0.08275375,-0.28964055,-0.0008002969,-0.09065393,-0.038472276,0.022169236,0.101063065,-0.6652838,0.945121,0.85707563,0.004374793,-0.12578095,-0.19572625,0.0,-0.54803795,0.2869321,-0.0020027878,0.0,-0.111857645,0.0,-0.592848,0.0,-0.14391346,0.0,-0.16449131,0.0,-0.52465945,0.0,-0.29404905,0.12456105,0.14416732,-0.16317222,0.6957756,-0.14062703,0.1873767,-0.077543125,"num_services, charge_per_service, PaymentMethod_Electronic check",0.2905892
-0.07487487,-0.062249035,-0.2314773,-1.111797,-0.01570601,0.083861575,-0.15293999,-0.6476773,-1.3743618,-1.3363166,0.012789493,-0.055765394,0.011941017,0.0,0.229146,-0.35640228,-0.0006027703,0.0,0.40804735,0.0,0.30909616,0.0,0.40384257,0.0,0.47459573,0.0,0.3158969,0.0,0.51040685,-0.08428588,-1.2259239,0.7723065,-1.0187664,-0.14725722,0.0019136752,-0.11757097,"num_services, charge_per_service, Contract_Two year",0.011107569
-0.028893987,0.07900494,0.08050713,-0.36255243,-0.03800361,0.077095,-0.15188217,-0.36880732,-1.5430114,0.15336604,0.01529416,-0.27410546,0.092584565,0.0,0.27190143,0.30861396,-0.00083869125,0.0,-0.04267679,0.0,0.40024948,0.0,1.858807,0.0,-0.20493327,0.0,0.8284606,0.0,0.51702857,0.095021814,0.11250551,-0.17028679,0.5901979,-0.16543828,0.031297207,-0.037604686,"DeviceProtection_Yes, num_services, StreamingTV_Yes",0.8922635
0.03389642,0.08994833,0.039223287,0.73053485,-0.04538855,-0.02850527,0.14202975,0.4237653,0.99228173,1.0581316,-0.020634536,-0.022901867,0.031829044,0.0,0.40885147,0.29177603,-0.0033052235,0.0,-0.005884584,0.0,-0.5674427,0.0,-0.4118649,0.0,-0.19887643,0.0,-0.40627283,0.0,-0.4530958,0.0739728,0.1916876,-0.07168776,-0.62067926,-0.08497067,-0.1316397,0.18683204,"charge_per_service, num_services, tenure",0.8337974
-0.00936299,0.09005403,-0.31206304,0.066608615,-0.09832248,0.060525678,0.56163573,0.046169277,0.7095851,-1.136543,-0.018559095,0.17726356,0.042491667,0.0,-0.4598071,-0.27116975,0.12745844,0.0,-0.078767285,0.0,-0.22933754,0.0,-0.317497,0.0,-0.2061784,0.0,-0.26104328,0.0,-0.2859662,0.18695308,0.3163369,0.19593568,-1.0164169,-0.26927087,-0.1144224,0.12592953,"charge_per_service, PaymentMethod_Electronic check, num_services",0.084199764
-0.00021336562,-0.24387403,-0.34337527,0.21475631,-0.097311884,0.015727242,0.5776079,0.8394209,0.91866434,-1.2437886,0.0059905457,0.11090186,0.025507849,0.0,-0.41101056,-0.30228025,0.12745844,0.0,-0.13079338,0.0,-0.32081938,0.0,-0.16516905,0.0,-0.16633771,0.0,-0.20249687,0.0,-0.5511077,-0.25990736,-0.39571908,0.35257852,-1.1277431,-0.23088239,-0.044115033,-0.15047203,"charge_per_service, PaymentMethod_Electronic check, num_services",0.038879674
-0.13489094,0.06976384,0.011568931,-0.1622118,-0.031459253,0.094298355,-0.08203088,-0.07345039,-0.25139165,0.6352764,0.0053861337,-0.14053813,-0.0052775443,0.0,0.3240231,0.44101235,-0.0010381518,0.0,-0.14339533,0.0,-0.51703364,0.0,-0.50586194,0.0,-0.07643139,0.0,0.6030669,0.0,0.5787975,0.17240858,0.20644493,-0.086770274,-0.74547553,-0.072035976,-0.0049836934,-0.08499454,"PaymentMethod_Electronic check, charge_per_service, StreamingTV_Yes",0.5034873
-0.1080067,-0.3137394,0.09239437,-1.2903372,-0.037044734,-0.26487726,-0.56898123,-0.42324018,-0.7963871,0.17932245,0.0040457444,-0.08033852,0.16529511,0.0,0.32207182,0.25041994,-0.000874751,0.0,-0.22830848,0.0,-0.81414765,0.0,0.80370444,0.0,-0.1266147,0.0,0.61018854,0.0,0.6467975,0.074244305,0.118878596,-0.14961505,0.519887,-0.12723908,-0.006379757,-0.040581476,"tenure, OnlineBackup_Yes, DeviceProtection_Yes",0.16822067
-0.00023710312,0.03737272,0.032292172,0.7737318,-0.025900455,0.11686079,-0.24893658,0.2856323,-0.010713558,1.1316959,-0.04363028,-0.17767778,-0.02087542,0.0,0.36873394,0.26223943,-0.0032228618,0.0,0.027417144,0.0,0.75756866,0.0,-0.55009645,0.0,-0.128177,0.0,-0.5716733,0.0,-0.7919764,0.08204634,0.19485518,-0.21764617,-0.71645045,0.18058811,-0.012198252,0.21377817,"charge_per_service, StreamingMovies_Yes, tenure",0.7184068
0.020400051,0.094561934,0.06915274,0.13470878,-0.18388118,-0.0752634,0.068405785,0.35471556,0.93710476,0.09761836,-0.019513587,-0.13872498,0.04541414,0.0,-0.26168528,-0.18788916,-0.004310016,0.0,-0.09100813,0.0,-0.27410343,0.0,-0.53852093,0.0,-0.15734035,0.0,-0.36076653,0.0,-0.41306475,0.10716,0.1932398,-0.16604528,-1.0959667,0.30984068,-0.037465952,0.17389673,"PaymentMethod_Electronic check, num_services, DeviceProtection_Yes",0.19652484
-0.04559207,0.113279775,-0.12626304,-0.6696693,-0.07259973,-0.07091194,0.18627758,-0.44590753,-0.63957644,-0.72067106,0.012446972,0.25634044,0.043488506,0.0,-0.13393383,-0.41830522,-0.0010428828,0.0,0.27931535,0.0,0.80066216,0.0,0.6235873,0.0,-0.22043748,0.0,0.42615414,0.0,-0.8221963,-0.0053961887,-0.34716117,-0.18010293,-1.0278814,0.45474,0.0022916952,-0.11092296,"PaymentMethod_Electronic check, StreamingMovies_Yes, OnlineBackup_Yes",0.05371693
0.03115641,0.15181208,-0.50429225,0.05000111,-0.035676982,0.08862352,0.0742009,-0.026059348,-0.7191783,0.3994429,0.01529416,-0.32871458,-0.039137937,0.0,-0.26569226,0.29549783,-0.0015002573,0.0,-0.17643262,0.0,0.5984734,0.0,-0.7461553,0.0,-0.004126851,0.0,0.68003607,0.0,0.30560708,0.06720103,0.12325407,-0.16139622,0.68788075,-0.13612081,0.037880227,-0.042108003,"DeviceProtection_Yes, num_services, PaymentMethod_Electronic check",0.6013141
-0.0046964837,0.09648991,0.046123907,1.17786,-0.053494476,0.011268323,0.22289056,0.26536775,0.19775723,0.18829268,-0.018493872,0.06924799,-0.099852964,0.0,-0.11041466,-0.33809575,-0.003872989,0.0,-0.14609197,0.0,-0.5027852,0.0,-0.3881437,0.0,0.2946164,0.0,-0.5548159,0.0,-0.5235465,0.05411064,0.15966827,-0.23144728,0.67459124,-0.23202853,-0.042230733,0.10677867,"tenure, PaymentMethod_Electronic check, StreamingTV_Yes",0.5759638
0.016529592,-0.15864678,-0.37317315,-0.7076699,-0.14100736,0.06378016,0.68125165,-0.39489865,0.8041564,-1.2704777,0.005020509,0.12792769,-0.06566289,0.0,-0.47522786,-0.61147326,0.12745844,0.0,-0.14533146,0.0,-0.2572919,0.0,-0.25335032,0.0,-0.18841206,0.0,-0.40970704,0.0,-0.39122424,-0.258488,-0.17578176,-0.16908816,0.62594175,-0.16365892,-0.062023096,-0.106269464,"charge_per_service, num_services, tenure",0.012924457
-0.019156905,-0.16140449,-0.43839422,-2.3016722,-0.025424007,-0.24713418,-0.4568293,0.29052338,-0.2528892,0.32273012,0.016754698,-0.010633617,-0.09004631,0.0,0.36788347,0.21861301,-0.000874751,0.0,-0.2366555,0.0,-0.56934315,0.0,0.45793268,0.0,-0.12083395,0.0,-1.3446285,0.0,0.7151437,-0.22377327,-0.15968426,0.6531961,-1.0416393,-0.10331923,-0.031643502,-0.13600452,"tenure, StreamingTV_Yes, PaymentMethod_Electronic check",0.0071176603
-0.023643728,0.10845928,0.054941062,-0.28116006,-0.17798616,0.17699602,0.30752146,-0.17383526,-0.78542036,-1.3168465,0.004564805,0.12900409,0.043428943,0.0,-0.25088027,-0.4475092,-0.0015541716,0.0,0.70275384,0.0,-0.3194505,0.0,-0.3899871,0.0,0.38172287,0.0,0.45652005,0.0,-0.6258536,-0.05294592,-0.18032493,-0.25053546,0.9960327,-0.14919126,0.022605546,-0.06179335,"charge_per_service, PaymentMethod_Electronic check, num_services",0.10782113
0.011988497,0.08995303,0.023825677,1.5599915,-0.0482133,-0.12566543,0.25785157,0.34318978,0.9773792,0.6162922,-0.01061697,-0.039005786,-0.06772078,0.0,-0.13027406,-0.31191513,-0.003872989,0.0,-0.07949178,0.0,-0.26008722,0.0,-0.3559599,0.0,-0.078564964,0.0,-0.4407407,0.0,-0.5390505,0.18204433,0.23326129,-0.17100953,-0.86817026,0.44054902,-0.046773642,0.22077714,"tenure, num_services, PaymentMethod_Electronic check",0.7975648
-0.024986438,-0.15374981,-0.5793371,-1.1144638,-0.011886541,-0.017628107,-0.13754624,0.19870432,-1.3649431,-0.4315508,0.012789493,-0.0248822,0.14262515,0.0,-0.35103714,0.16148621,-0.00087863347,0.0,0.43663013,0.0,0.41284177,0.0,0.6607113,0.0,0.70228034,0.0,0.4639355,0.0,0.46486017,-0.075941116,-0.5611251,0.39168328,-0.66426134,-0.07094782,0.0069088205,-0.06848423,"num_services, tenure, TechSupport_Yes",0.16700271
-0.09390047,0.03612257,-0.036167875,-1.1376964,-0.08379167,-0.14236124,-0.40561354,-0.933794,-1.6259036,-1.3976636,0.0061976016,-0.052877206,-0.22181113,0.0,0.097677596,-0.58943754,-0.0006027703,0.0,0.053657558,0.0,0.35572407,0.0,0.4056915,0.0,-0.29907227,0.0,0.3682515,0.0,0.46259123,-0.09387537,-1.4097037,-0.14851336,-1.0809689,0.0788871,-0.01773237,-0.11025323,"num_services, Contract_Two year, charge_per_service",0.0003268216
-0.020677172,0.040272243,0.030458614,0.70160294,-0.11699419,-0.046650857,0.5142804,0.11064842,0.93400025,-1.6320012,-0.012165277,0.13968715,0.012377304,0.0,-0.39654055,-0.3486684,0.11545408,0.0,-0.07785693,0.0,-0.3036013,0.0,-0.29041594,0.0,-0.16637798,0.0,-0.28668785,0.0,-0.46501565,0.17915165,0.34741655,0.34710494,-1.1380434,-0.34629574,-0.07156103,0.14281267,"charge_per_service, PaymentMethod_Electronic check, num_services",0.10782879
0.023775505,0.065368965,0.04937161,0.556821,-0.060208105,-0.42268187,0.14045352,-0.2643236,-0.29888278,0.2766792,-0.016632633,-0.2723186,-0.026445461,0.0,-0.44250906,0.285068,-0.0042276545,0.0,-0.05855738,0.0,0.22826879,0.0,-0.5437093,0.0,-0.20555213,0.0,0.63395596,0.0,-0.8429341,0.10380628,0.14084846,-0.1564476,0.589585,-0.22573753,-0.035640102,0.099488065,"StreamingMovies_Yes, StreamingTV_Yes, PaymentMethod_Electronic check",0.33355612
-0.026016735,-0.15107127,-0.46273118,0.111911826,-0.08031891,-0.011069145,0.9108317,0.4733924,0.7144706,-0.77466786,-0.014221426,0.14901285,-0.0057243314,0.0,-0.43164918,-0.26990363,0.11545408,0.0,-0.061167337,0.0,-0.31637347,0.0,-0.3037645,0.0,-0.08364008,0.0,-0.31673256,0.0,-0.35326806,0.17056839,0.3507118,-0.108922794,-0.94710815,0.55720484,-0.06053157,0.1697311,"PaymentMethod_Electronic check, MonthlyCharges, charge_per_service",0.2564656
0.018285165,-0.21761924,-0.4900263,0.41265813,-0.028100664,0.05305851,-0.5947679,-0.73145044,-0.999158,0.30996367,0.004717724,0.1968082,0.025151076,0.0,0.31021434,0.25142565,-0.0010381518,0.0,-0.31818292,0.0,-0.54169,0.0,-0.67219347,0.0,0.25006455,0.0,0.77054423,0.0,0.71053344,-0.43185493,-0.01122153,-0.17447019,0.78527087,-0.14109746,0.07819465,-0.05550737,"num_services, PaymentMethod_Electronic check, StreamingTV_Yes",0.22438106
0.05479091,-0.170197,-0.2634235,1.1938375,-0.01762782,0.034796525,0.9688461,0.44950894,-0.4394238,0.56711227,-0.0273444,-0.20350549,0.089747086,0.0,0.0927768,0.3160975,-0.0035660884,0.0,-0.08065907,0.0,0.5029043,0.0,0.94548106,0.0,-0.13279098,0.0,0.65770555,0.0,-0.32954356,0.17003706,0.20998685,-0.08665513,-0.60449195,0.68988824,-0.01529978,0.25358748,"tenure, MonthlyCharges, DeviceProtection_Yes",0.99194807
0.0017869476,-0.17079838,0.071191184,-0.6591364,-0.11775323,0.0458785,0.31895268,0.43973684,0.80082357,-1.327662,0.005020509,0.12003727,-0.02125421,0.0,-0.4999017,-0.42023978,0.12745844,0.0,-0.08886576,0.0,-0.3317457,0.0,-0.22729771,0.0,-0.19758047,0.0,-0.15406677,0.0,-0.54717195,-0.38993904,-0.35666046,0.5596459,-1.2945412,-0.21550393,-0.031134099,-0.15125312,"charge_per_service, PaymentMethod_Electronic check, num_services",0.008829384
0.04236058,-0.25544047,-0.60914767,-0.31458107,-0.032162502,-0.26459503,0.060054954,-0.2690051,-0.5862029,0.76404,0.0040457444,-0.097400755,0.16645503,0.0,0.3160165,0.2329709,-0.000874751,0.0,-0.26172936,0.0,-0.45985317,0.0,0.8529834,0.0,-0.21698186,0.0,0.6621316,0.0,0.70502466,-0.107728675,-0.03576881,-0.1272263,0.7437347,-0.13027269,0.009894352,-0.04410484,"DeviceProtection_Yes, charge_per_service, PaymentMethod_Electronic check",0.67651683
0.031071004,-0.13090175,-0.20167708,-1.5450115,-0.021861805,0.050411448,-0.2619095,-0.16417244,-0.6145253,0.29340643,0.020728659,0.21597992,0.01709866,0.0,0.20236988,0.14873235,-0.00083869125,0.0,0.33867007,0.0,0.64299536,0.0,0.7224043,0.0,-0.17974344,0.0,-1.0998971,0.0,0.6415131,-0.27672395,-0.112289876,0.7838901,-1.0152404,-0.05728789,-0.0035694651,-0.12986083,"tenure, StreamingTV_Yes, PaymentMethod_Electronic check",0.15250774
0.013669815,0.09310573,0.057713896,1.394697,0.22783434,-0.07550051,0.31171718,0.20780379,1.13052,0.5148894,-0.009353684,-0.025193889,-0.031257182,0.0,-0.15085769,-0.2964443,-0.0057204627,0.0,-0.069462985,0.0,-0.24587013,0.0,-0.34357667,0.0,-0.09364369,0.0,-0.5299986,0.0,-0.53876346,0.18006243,0.21689826,-0.16009428,-0.87881464,0.37779084,-0.045584537,0.23282823,"tenure, num_services, PaymentMethod_Electronic check",0.8100858
-0.0066015315,0.080928706,0.094643906,0.6448542,-0.12066177,-0.02855133,0.66199416,0.52643406,0.76673645,-1.0067513,-0.014958884,0.20212041,-0.007504266,0.0,-0.43741798,-0.21467638,0.11545408,0.0,-0.057737675,0.0,-0.3710638,0.0,-0.25684488,0.0,-0.088754766,0.0,-0.3519667,0.0,-0.3565701,0.1957639,0.3732366,-0.14236848,-1.0599105,0.5123989,-0.051488265,0.12702568,"PaymentMethod_Electronic check, charge_per_service, num_services",0.4301928
-0.04086273,-0.34052145,0.09440684,0.7617406,0.34637535,-0.04595563,-0.039261296,0.07356781,0.27462444,-1.1224614,-0.018916534,0.11463444,0.05017395,0.0,-0.33345515,-0.1853811,-0.009866712,0.0,0.6083459,0.0,-0.37170538,0.0,-0.21700142,0.0,-0.030755445,0.0,-0.59542894,0.0,-0.3595457,0.17960864,0.37924197,-0.17642477,-1.1593386,0.34027642,-0.0013612903,0.13668333,"PaymentMethod_Electronic check, charge_per_service, tenure",0.15480638
-0.03136336,0.16653498,0.01886939,-1.136054,-0.082593225,-0.0026318845,0.0019567271,-0.8594129,0.6151117,-1.5287085,0.006870647,0.058807977,-0.039137352,0.0,-0.35169274,-0.42205006,0.12035155,0.0,-0.105292596,0.0,-0.559053,0.0,-0.30999708,0.0,-0.25368667,0.0,-0.26113656,0.0,-0.4079061,-0.010385012,-1.6437852,-0.062720485,-0.6351158,-0.03338377,-0.0438091,-0.13612087,"Contract_Two year, charge_per_service, tenure",0.00035737752
0.37981838,0.08772707,-0.017080804,-0.35303396,-0.088942155,0.2540581,-0.14322488,-0.1772473,-0.5857758,-0.7189547,0.020113144,0.05558114,0.023541877,0.0,0.26218483,-0.38191715,-0.00062040717,0.0,0.6007064,0.0,-0.25012323,0.0,0.58257943,0.0,0.5788925,0.0,-0.49494636,0.0,0.3111258,-0.036485627,-1.0941335,0.85192263,-1.147246,-0.1183075,0.051561493,-0.10155882,"PaymentMethod_Electronic check, Contract_Two year, PaymentMethod_Credit card (automatic)",0.15994829
0.011189865,0.09414078,0.026170269,0.17405216,-0.07444371,-0.0054403986,0.33988887,0.826954,0.023822745,0.18663387,0.032165714,-0.082153045,-0.26100743,0.0,-0.38687998,-0.41543904,-0.0021557235,0.0,-0.1719254,0.0,-0.033519696,0.0,-0.41736597,0.0,-0.12098364,0.0,-0.73053616,0.0,0.5684655,0.040093627,0.14353101,-0.23341484,0.7974692,-0.13681735,0.041697867,-0.0676489,"TotalCharges, PaymentMethod_Electronic check, StreamingTV_Yes",0.5393478
-0.008115465,-0.12201029,-0.9314727,-1.8305016,-0.12313665,0.01038895,-1.1456846,-0.34999135,-1.869343,-0.31831384,0.006197011,0.03945773,-0.2645848,0.0,0.25310194,0.28428015,-0.00083869125,0.0,-0.14621714,0.0,0.86870664,0.0,0.56301904,0.0,0.34496677,0.0,0.6779227,0.0,0.56048465,-0.0012609019,-0.13591804,-0.17094103,0.4952656,-0.14333914,-0.00995901,-0.041832644,"num_services, tenure, MonthlyCharges",0.028790506
-0.03187358,-0.24130875,0.1275067,0.75397515,0.43410915,0.09238576,0.15835786,0.30747133,1.2128887,-0.40796944,-0.018932527,-0.111343876,0.17355679,0.0,-0.29833937,-0.19557266,-0.0054690884,0.0,-0.14317125,0.0,-0.36537823,0.0,1.1022117,0.0,0.055722307,0.0,-0.18137002,0.0,-0.5224851,0.049318578,0.23388831,-0.15530972,0.670083,-0.20218691,-0.028204234,0.12507103,"num_services, DeviceProtection_Yes, tenure",0.9294849
0.056716975,0.08325329,0.05500694,-0.18179406,-0.036051646,0.1426473,-0.04121045,0.669777,-0.21595474,0.49329382,0.0057973657,-0.2442235,0.013933996,0.0,-0.34730944,0.41540405,-0.0041142073,0.0,-0.113773696,0.0,0.49226758,0.0,-0.52088773,0.0,-0.09226941,0.0,0.6607646,0.0,-0.8856112,0.22969116,0.2127654,-0.17172116,-0.81038684,-0.13007183,0.013686146,-0.10638474,"StreamingMovies_Yes, PaymentMethod_Electronic check, TotalCharges",0.409608
-0.019263523,-0.16717999,-0.29762724,-0.55835825,-0.030650366,0.069586955,-0.12680437,-0.7322178,-0.4776515,0.40641862,0.02799312,0.2049879,-0.040450625,0.0,0.34004116,0.27943876,-0.001002092,0.0,-0.1274715,0.0,0.6633917,0.0,-0.41991854,0.0,0.1514384,0.0,-1.0609739,0.0,0.776422,0.06681629,0.102367066,-0.093401566,-0.44657108,-0.05574184,-0.0021843063,-0.08278105,"StreamingTV_Yes, StreamingMovies_Yes, TotalCharges",0.15973862
-0.014502636,0.06679949,0.058804825,1.2928045,-0.09056284,-0.08052501,0.6517366,0.2669011,1.006431,-1.3834767,-0.016139569,0.097234175,-0.20105314,0.0,-0.3002204,-0.31653413,0.107984215,0.0,-0.07059184,0.0,-0.32564235,0.0,-0.29618657,0.0,-0.12315404,0.0,-0.42533395,0.0,-0.3841121,0.23082772,0.3899191,-0.13913427,-0.87886626,0.53672767,-0.05007415,0.2438054,"charge_per_service, tenure, num_services",0.46133712
-0.1656589,0.10841722,0.04511253,1.1753194,-0.062361814,-0.17987104,0.29299238,0.4703639,1.1675006,0.69418454,-0.012719367,-0.09314698,0.046254214,0.0,-0.05829609,-0.34135017,-0.003872989,0.0,-0.13944001,0.0,-0.23375759,0.0,-0.32400236,0.0,-0.095345974,0.0,-0.3902129,0.0,-0.53835857,0.10148196,0.16104579,-0.14582632,0.8567095,-0.21335702,-0.0625782,0.13133237,"tenure, num_services, PaymentMethod_Electronic check",0.89859694
-0.10857431,0.14566384,-0.04351741,-1.0735654,0.30425867,0.2260084,-0.15616804,-1.0378349,-0.12785576,-1.1409198,0.008377616,0.00037620036,-0.057105824,0.0,-0.39824915,-0.41050982,-0.0016430675,0.0,0.42144385,0.0,-0.26173872,0.0,0.40736717,0.0,0.6686258,0.0,-0.494166,0.0,-0.36826327,0.030459862,-1.3595313,-0.20788994,-1.1080993,0.2516698,0.060594182,-0.11726931,"Contract_Two year, charge_per_service, PaymentMethod_Electronic check",0.0025812846
-0.015260972,-0.07133741,-0.39116713,0.6859151,-0.11421114,-0.034890834,0.6133192,-0.67197764,0.8502849,-1.0250428,-0.015402111,0.110406406,-0.03886492,0.0,-0.497127,-0.33811995,0.11545408,0.0,-0.054302033,0.0,-0.345908,0.0,-0.35822076,0.0,-0.12239628,0.0,-0.37733382,0.0,-0.57338893,-0.38061073,-0.21677701,-0.1385616,-0.96333885,0.4984596,-0.05142901,0.23543963,"charge_per_service, PaymentMethod_Electronic check, num_services",0.024239885
0.0665303,-0.062373567,-0.00075082487,-2.2614448,-0.04334189,-0.016708743,-0.4448456,-0.71058637,-0.90794736,-0.12332161,0.012446381,-0.1758509,0.15592302,0.0,0.21053645,0.2533712,-0.0012021809,0.0,0.39753845,0.0,0.7539127,0.0,0.5014851,0.0,-0.19049309,0.0,0.5824058,0.0,-0.888155,0.014289486,-0.98170274,-0.221744,0.8368917,-0.076237984,-0.0069293207,-0.047660604,"tenure, Contract_Two year, num_services",0.032774135
-0.005737555,0.09072895,0.0055497056,-0.43174082,-0.09856749,-0.08259023,0.61044496,-0.2846462,0.6521182,-1.1527351,0.008432575,0.098492354,-0.0056241844,0.0,-0.4283756,-0.46814266,0.12745844,0.0,-0.15241732,0.0,-0.27035508,0.0,-0.22697723,0.0,-0.18088295,0.0,-0.35953185,0.0,-0.3610654,0.17985345,0.30590117,-0.14946352,-1.0732782,0.5338603,-0.05410932,-0.117828466,"charge_per_service, PaymentMethod_Electronic check, num_services",0.035569303
-0.029351775,-0.17984623,-0.2889002,-1.280288,-0.082331106,-0.120030016,-0.04488945,-0.56382763,0.6705704,-0.8783657,0.005020509,0.0288435,-0.027188499,0.0,0.16702908,-0.5045633,0.11658744,0.0,-0.02763268,0.0,-0.5816558,0.0,-0.3160719,0.0,-0.21852612,0.0,-0.3499539,0.0,-0.3519726,-0.014258056,-1.488365,-0.19340089,-0.8520632,0.34105906,-0.035768133,-0.14025077,"Contract_Two year, tenure, charge_per_service",0.00071022555
-0.008798708,0.114784375,0.06743153,-0.059414733,-0.14391091,0.047023647,1.0428354,0.58674634,0.8060354,-0.56029123,-0.018559095,0.15968119,-0.015572536,0.0,-0.39510825,-0.2191848,0.12745844,0.0,-0.028968027,0.0,-0.18205029,0.0,-0.31151196,0.0,-0.19825752,0.0,-0.37374738,0.0,-0.2580446,0.19632371,0.35229743,-0.1664824,-1.0392233,0.50401914,-0.04001049,0.13693605,"MonthlyCharges, PaymentMethod_Electronic check, num_services",0.5283719
0.009708983,-0.15363355,0.052238103,-0.86005855,-0.06170035,-0.042425275,-0.16460635,-0.4767974,-0.9805106,-0.24182229,0.00518192,0.30690446,-0.13712144,0.0,-0.37653798,0.27609986,-0.0014578677,0.0,0.3760884,0.0,0.7930875,0.0,0.73084134,0.0,-0.23224802,0.0,0.608356,0.0,-0.70661604,-0.19181293,-0.1801408,-0.20341696,0.9550464,-0.14227182,-0.006969757,-0.045794364,"num_services, PaymentMethod_Electronic check, tenure",0.24951205
-0.080065414,0.1686926,0.028573127,-0.6721919,-0.15817213,-0.10502752,0.2068008,-0.34528464,-0.5259046,-2.1727593,0.022370258,0.027812129,-0.027497608,0.0,-0.31915286,-0.35454005,-0.00093254773,0.0,0.5264503,0.0,-0.38172975,0.0,0.20755763,0.0,0.18925668,0.0,-0.6399889,0.0,-0.30463272,-0.035488617,-1.0930218,-0.25248963,0.8594176,-0.096548475,-0.00506028,-0.043417595,"charge_per_service, Contract_Two year, PaymentMethod_Electronic check",0.0045602745
-0.4175096,0.03313335,0.056883603,-1.4476129,-0.03833531,0.019701345,-0.26407963,-0.94995004,-1.2642305,-0.17331581,0.0134614725,-0.34613457,0.058025338,0.0,0.23918474,0.23750828,-0.00083869125,0.0,-0.09123667,0.0,0.528815,0.0,0.78172535,0.0,-0.21808776,0.0,0.8108607,0.0,0.42295182,-0.03228701,-0.031587705,-0.21970457,0.73393935,-0.14413919,-0.011865097,-0.04173244,"tenure, num_services, TotalCharges",0.14612977
-0.0085746525,0.109739244,-0.28732622,0.5851295,-0.05981096,-0.076215394,0.34304386,-8.8166445e-05,0.8755163,0.4758205,-0.01589193,-0.08608446,-0.020141762,0.0,-0.35873488,-0.2359762,-0.004310016,0.0,-0.045621593,0.0,-0.23019224,0.0,-0.43909928,0.0,-0.19083267,0.0,-0.3562173,0.0,-0.404625,0.13520534,0.19298816,-0.16174427,-0.7638278,0.33184707,-0.038896304,0.17234126,"num_services, PaymentMethod_Electronic check, tenure",0.36091223
-0.1415272,-0.36600482,0.02970847,-0.39102405,-0.056312356,0.095157936,-0.46041426,-0.510102,-0.8761535,-0.039792325,0.02799312,0.35852048,-0.1963244,0.0,-0.5015258,0.13817003,-0.0015002573,0.0,0.3577519,0.0,0.6594122,0.0,-0.5559571,0.0,-0.14724943,0.0,-1.2603179,0.0,0.49163067,0.09904458,0.15618558,-0.22961335,0.36638385,-0.13176705,0.0285293,-0.042777266,"StreamingTV_Yes, num_services, OnlineBackup_Yes",0.042749822
-0.0038934122,0.15468273,0.071536124,-0.1798069,0.22295605,0.025899343,0.34925786,0.32902706,0.9471506,0.0909481,0.0073190443,-0.058319803,0.08446959,0.0,-0.25807464,-0.18590935,-0.012569474,0.0,-0.07450618,0.0,-0.46649146,0.0,-0.36436045,0.0,-0.1479095,0.0,-0.51350373,0.0,-0.5613515,0.11376982,0.17573196,-0.07979975,-0.984531,-0.08427435,-0.030353235,-0.18139416,"PaymentMethod_Electronic check, num_services, StreamingMovies_Yes",0.16477402
0.04843532,-0.115658216,-0.03791887,-0.256506,-0.09576895,0.04815749,-0.042073898,-0.15742677,-0.7006534,-0.88130283,0.006197011,-0.12131758,-0.11446546,0.0,0.22835857,-0.534495,-0.0006027703,0.0,-0.07626819,0.0,0.5078902,0.0,0.6997306,0.0,-0.16763216,0.0,0.3648843,0.0,0.4894733,0.000203757,-1.2047155,-0.14276288,-0.69905156,-0.061597675,0.0009265953,-0.11137617,"Contract_Two year, charge_per_service, num_services",0.041639972
-3.933147e-05,-0.2881463,0.015577863,-0.47998294,-0.060355883,0.005079208,0.39605355,0.12150398,0.73653775,0.5349866,0.004374793,-0.03214701,0.04852837,0.0,0.2622173,-0.62415326,-0.0015046225,0.0,-0.062152598,0.0,-0.4264981,0.0,-0.3344968,0.0,-0.11193094,0.0,-0.582283,0.0,-0.51346135,0.19529232,0.17538089,0.73832643,-1.1748651,-0.124450006,-0.027489156,-0.12939884,"PaymentMethod_Electronic check, PaymentMethod_Credit card (automatic), num_services",0.14825907
-0.014393125,0.06264939,0.10111359,1.3088919,-0.09034994,-0.11761802,0.7801838,0.59557575,0.95542085,-0.7174121,-0.016139569,0.097089045,-0.07469826,0.0,-0.29823503,-0.31653413,0.107984215,0.0,-0.07059184,0.0,-0.2771868,0.0,-0.29738858,0.0,-0.11317614,0.0,-0.42533395,0.0,-0.37096128,0.18789999,0.39740494,-0.10234978,-0.8787285,0.5787546,-0.05007415,0.24222346,"tenure, num_services, PaymentMethod_Electronic check",0.7640825
0.0045268824,0.07903053,0.020584552,0.8800404,-0.06481037,-0.04351246,0.10046871,-0.29244095,0.97721183,1.0970148,-0.01701288,-0.085145235,-0.071769714,0.0,-0.4268271,0.24847394,-0.0038033887,0.0,-0.00484013,0.0,-0.58680034,0.0,-0.37935418,0.0,-0.20801197,0.0,-0.49471524,0.0,-0.43676606,0.1673551,0.19361421,-0.072008446,-0.48607868,-0.094041735,-0.081080385,0.27698117,"charge_per_service, num_services, tenure",0.54672724
-0.024982963,-0.29823387,-0.25324753,-0.66961765,-0.05926179,-0.059520014,0.26605606,0.05267156,0.6810598,-1.4988528,0.0059905457,0.06662705,-0.016327167,0.0,-0.40626538,-0.5811094,0.12035155,0.0,-0.14013505,0.0,-0.35282087,0.0,-0.26534802,0.0,-0.23108475,0.0,-0.2675935,0.0,-0.3995584,-0.036359597,-1.4405991,0.08807343,-1.0332679,-0.19572742,-0.045659397,-0.14504594,"charge_per_service, Contract_Two year, PaymentMethod_Electronic check",0.00078533357
-0.064081706,-0.13225321,0.01807709,-0.04344867,-0.07788697,0.07989369,-0.31987113,-0.39030108,-1.1453489,-1.1189828,0.0039372896,0.0714498,-0.072248995,0.0,0.2587759,-0.6035746,-0.00062040717,0.0,0.6473726,0.0,-0.31027526,0.0,0.69972926,0.0,0.53233004,0.0,0.28703615,0.0,0.45718205,-0.10806579,-1.6191015,0.71929073,-1.223865,-0.13063961,0.05422086,-0.11459754,"Contract_Two year, PaymentMethod_Electronic check, num_services",0.025217043
-0.10733501,-0.2443296,0.07981984,0.08546387,-0.057686858,-0.030361086,-1.2085162,-0.30579144,-1.1057011,-0.3645438,0.005525032,0.21842228,0.18962274,0.0,-0.20252812,0.23685125,-0.0020340453,0.0,0.43519294,0.0,0.26660064,0.0,-0.44227907,0.0,0.47700801,0.0,0.68243194,0.0,0.6891085,-0.16724476,-0.3006383,-0.25853148,-0.98604274,0.53063655,-0.06661767,-0.06739676,"MonthlyCharges, num_services, PaymentMethod_Electronic check",0.1161175
-0.038469423,-0.2644547,-0.16312951,-0.7803626,-0.052812736,-0.11117469,0.4941027,0.1243623,0.7269329,-1.0763099,0.0059905457,0.04761322,0.052088793,0.0,-0.3934458,-0.32082397,0.12035155,0.0,-0.08891161,0.0,-0.34311813,0.0,-0.24731258,0.0,-0.18480627,0.0,-0.29946664,0.0,-0.31729364,-0.041787032,-1.7517841,-0.1448392,-0.8746837,0.34759128,-0.056160048,-0.14016044,"Contract_Two year, charge_per_service, PaymentMethod_Electronic check",0.0030758318
0.03715136,0.10846748,0.05980588,-0.27166435,-0.037552435,0.0068024658,0.21228184,-0.35102102,0.9475267,1.2372998,0.0073190443,-0.08762768,0.12796207,0.0,0.3633388,0.31954256,-0.0015046225,0.0,-0.14169838,0.0,-0.59231555,0.0,-0.22065786,0.0,-0.19428921,0.0,-0.6483595,0.0,-0.32290274,0.09009815,0.1510358,-0.17506264,0.9110489,-0.13174367,0.29023674,-0.077378385,"charge_per_service, num_services, PaymentMethod_Electronic check",0.83303803
-0.01175827,0.102703705,0.060133677,-0.6007156,-0.10229328,0.00241891,0.17095035,0.5408833,0.7182363,-1.2448212,-0.016183607,0.081629924,-0.064279325,0.0,-0.45246685,-0.24534473,0.12035155,0.0,-0.021382423,0.0,-0.21150942,0.0,-0.3386447,0.0,-0.2146739,0.0,-0.400851,0.0,-0.28698936,-0.00024042372,-2.0297089,-0.1669686,-1.111549,0.50200474,-0.06882639,0.13995996,"Contract_Two year, charge_per_service, PaymentMethod_Electronic check",0.005715958
-0.0027788503,-0.10310295,-0.12863669,0.22371845,-0.056453425,-0.030671269,-0.15332688,-0.47994998,-0.8663869,-1.1021636,0.0045642145,0.13473488,-0.03251658,0.0,-0.2499905,-0.49409625,-0.0017409152,0.0,0.43135136,0.0,-0.6111205,0.0,0.417031,0.0,-0.002348457,0.0,0.3198213,0.0,-0.6219239,-0.23819396,-0.36721322,-0.10360966,-0.7605014,-0.21033965,-0.021800477,-0.120834336,"charge_per_service, num_services, PaymentMethod_Electronic check",0.005286452
-0.03064349,-0.15985309,-0.3537502,-0.040974867,-0.09460097,-0.043399807,0.9218875,0.5736562,0.6660996,-0.90395015,-0.020156665,0.13986957,-0.107304655,0.0,-0.41727817,-0.28084344,0.12745844,0.0,-0.070071585,0.0,-0.23173153,0.0,-0.3916448,0.0,-0.16140223,0.0,-0.36087045,0.0,-0.3352697,0.14078747,0.31553698,-0.108859666,-1.0071512,0.6064392,-0.063744284,0.1788486,"PaymentMethod_Electronic check, MonthlyCharges, charge_per_service",0.17920478
0.07491605,0.09254309,0.070764475,0.7200195,-0.046385594,0.031454317,-0.08563715,0.50654775,-0.35796335,1.4680685,-0.014254399,-0.043973703,-0.09747124,0.0,0.29565465,0.28378984,-0.0015603616,0.0,-0.028691087,0.0,-0.5047743,0.0,-0.44192854,0.0,-0.19994932,0.0,0.85600126,0.0,1.2818351,0.0987048,0.14287116,-0.13930646,0.7341954,-0.13154054,-0.010808597,0.08963643,"charge_per_service, StreamingMovies_Yes, StreamingTV_Yes",0.990377
-0.0044693914,-0.1649819,-0.4630314,-1.3277003,-0.12835051,-0.1305503,0.47351524,-0.3976617,0.82576793,-1.4719819,0.0068698744,0.03740268,0.04349413,0.0,-0.56238526,-0.4044421,0.12745844,0.0,-0.12186698,0.0,-0.6471902,0.0,-0.25590283,0.0,-0.17339917,0.0,-0.39248395,0.0,-0.48299932,-0.23862486,-0.17382953,-0.21374586,0.6696942,-0.19246972,-0.028685048,-0.08465375,"charge_per_service, tenure, num_services",0.0027702923
-0.13458663,-0.17360309,-0.3054648,-1.8370891,0.2953851,0.13908054,-0.42220962,-0.41438165,-0.62756217,-2.1373446,0.004907327,-0.14911252,-0.039259564,0.0,-0.52744246,-0.5631507,-0.0014377093,0.0,0.6205628,0.0,-0.38617483,0.0,0.4080605,0.0,0.43605676,0.0,0.33114502,0.0,0.39505836,-0.056539353,-1.1461197,-0.14241877,-0.766828,-0.04977258,0.03561744,-0.11315484,"charge_per_service, tenure, Contract_Two year",0.00065083266
0.018865649,0.09121283,0.058170028,1.4344149,0.21004966,-0.114708945,0.14019316,0.49250853,1.2022262,0.7650337,-0.011456081,-0.026201792,0.023808777,0.0,-0.157269,-0.3235113,-0.0052138353,0.0,-0.06273425,0.0,-0.27172914,0.0,-0.33567628,0.0,-0.08002939,0.0,-0.50494426,0.0,-0.53873044,0.17199178,0.21474463,-0.13885278,-0.94488484,0.4369603,-0.04576245,0.26406384,"tenure, num_services, PaymentMethod_Electronic check",0.87585086
0.010741303,0.10378152,0.05896134,1.0575433,-0.048911728,0.07221354,0.19114216,0.15125026,-0.46596628,0.6685477,-0.014273351,-0.11853316,-0.010094405,0.0,-0.34013882,0.36208308,-0.0016214997,0.0,-0.1318989,0.0,-0.38989967,0.0,-0.459917,0.0,0.017231904,0.0,0.6136121,0.0,0.3406842,0.10069411,0.1358021,-0.1544533,0.68214816,-0.21311133,-0.043897517,0.08986238,"tenure, PaymentMethod_Electronic check, charge_per_service",0.90505993
-0.026007371,-0.15107127,-0.46273118,0.11361895,-0.08031891,-0.010050488,0.89893895,0.45460373,0.71645474,-0.76524675,-0.014221426,0.14901285,-0.0057243314,0.0,-0.43074462,-0.26990363,0.11545408,0.0,-0.056788165,0.0,-0.33546862,0.0,-0.30364442,0.0,-0.07965393,0.0,-0.31673256,0.0,-0.3523099,0.11431269,0.3546591,-0.1416462,-0.93284404,0.48306793,-0.053033944,0.1697311,"PaymentMethod_Electronic check, MonthlyCharges, charge_per_service",0.22668673
-0.021440385,0.1789697,-0.0031410623,-0.21655145,-0.08216427,0.010628427,1.0482874,-0.07601803,0.6828048,-0.92834026,0.006870647,0.05793631,0.020169822,0.0,-0.3012007,-0.32401356,0.12035155,0.0,-0.14617072,0.0,-0.16772154,0.0,-0.2794417,0.0,-0.20921972,0.0,-0.27207798,0.0,-0.33969024,0.015886378,-1.4746212,0.00784404,-0.6204768,-0.18108095,-0.064177595,-0.13010307,"Contract_Two year, MonthlyCharges, charge_per_service",0.024204142
-0.013274959,-0.18336385,-0.025888577,-0.6053139,-0.10914263,-0.273244,0.23277764,-0.010063337,-1.184058,-0.94453686,0.004907327,0.09055231,0.079643175,0.0,0.15525296,-0.49921814,-0.0006872474,0.0,0.31381235,0.0,-0.4305828,0.0,0.47123235,0.0,-0.29183558,0.0,0.4725739,0.0,0.6323813,0.07296185,-0.32861507,-0.16099845,-1.2057432,0.48451018,0.040247742,-0.115004554,"PaymentMethod_Electronic check, num_services, charge_per_service",0.034239218
0.014665576,0.14191285,-0.42433006,1.0675286,-0.049867284,0.021456193,0.017995687,-0.19820148,1.0101148,0.60407895,-0.013073256,-0.03420574,0.062892616,0.0,0.01782083,-0.41501796,-0.0036646537,0.0,-0.13472222,0.0,-0.4865431,0.0,-0.39429963,0.0,-0.111984916,0.0,-0.5878126,0.0,-0.6535336,0.08886853,0.14659806,-0.11011208,0.6940133,-0.34691995,-0.07773691,0.12908928,"tenure, num_services, PaymentMethod_Electronic check",0.49154657
-0.00684321,0.05381237,0.025890097,-0.26819754,-0.036813777,-0.08310301,0.07388114,-0.75106406,0.896777,0.77271193,0.004375566,-0.08505085,-0.24622287,0.0,0.21671385,0.210007,-0.004182846,0.0,-0.06257742,0.0,-0.5217905,0.0,-0.20544967,0.0,-0.19721118,0.0,-0.67043364,0.0,-0.5674584,0.069110595,0.14268354,-0.17792456,0.78644824,-0.15385772,0.044485446,-0.076292895,"num_services, PaymentMethod_Electronic check, charge_per_service",0.30440605
-0.04154605,-0.25133827,-0.14404787,-0.3706023,-0.019857978,-0.037015922,-0.20538864,-0.09171304,-0.5167701,-1.099213,0.017227627,0.17708729,-0.095790476,0.0,0.24205266,-0.5137414,-0.000787196,0.0,0.24736942,0.0,0.61049545,0.0,0.3768124,0.0,0.20894681,0.0,-0.5107382,0.0,-0.45120236,-0.02525948,-1.4473526,0.80558294,-1.0935344,-0.17762966,-0.023273364,-0.11408616,"Contract_Two year, charge_per_service, PaymentMethod_Electronic check",0.010413948
-0.06465523,-0.09649817,0.043933634,-0.6483814,-0.09874301,-0.05490602,0.02888072,-0.59408176,-0.31543046,-0.7419553,0.0074684927,0.14865276,-0.13955106,0.0,0.18188725,-0.5419161,-0.000787196,0.0,0.42848969,0.0,0.4749545,0.0,0.6593159,0.0,-0.22229894,0.0,-0.78112525,0.0,-0.54685557,-0.009482826,-1.3309247,-0.2847046,-0.7432073,-0.04519357,0.013736544,-0.112152345,"Contract_Two year, StreamingTV_Yes, PaymentMethod_Electronic check",0.004521597
0.17124797,-0.09690651,0.066989295,-0.47174028,-0.033790607,-0.12809145,-0.39228606,-0.52053905,-0.9897353,0.0958081,0.005525032,0.043943986,-0.29392156,0.0,0.3118169,0.3063489,-0.00086424523,0.0,-0.34223005,0.0,0.58727133,0.0,-0.63977313,0.0,0.10542413,0.0,0.42909706,0.0,0.5200976,-0.01802126,-1.6627146,0.9480137,-0.9282402,-0.09259238,0.0048903963,-0.08877052,"Contract_Two year, num_services, PaymentMethod_Credit card (automatic)",0.04259175
-0.010809543,0.050462134,0.08496876,1.0175178,-0.223125,0.07085492,0.72836566,0.7569115,1.0405537,-1.4565997,-0.016139569,0.10514878,-0.022828009,0.0,-0.2873635,-0.35259524,0.107984215,0.0,-0.100843295,0.0,-0.27777126,0.0,-0.32337898,0.0,-0.121737674,0.0,-0.3899508,0.0,-0.44851634,0.16930978,0.3148882,-0.12640013,0.88373697,-0.36578968,-0.081980504,0.10951542,"charge_per_service, num_services, tenure",0.6954156
-0.120244145,0.11199948,0.027638027,0.5843481,-0.056792583,-0.012494754,0.032433078,0.15915245,0.81289476,0.96538126,-0.011716567,-0.12898733,-0.11383345,0.0,-0.3606942,0.20889252,-0.0038033887,0.0,-0.01726857,0.0,-0.40468204,0.0,-0.3249437,0.0,-0.23059833,0.0,-0.4519782,0.0,-0.5706178,0.10620541,0.13972361,-0.17071852,0.5588863,-0.17975494,-0.105450645,0.13398401,"charge_per_service, num_services, tenure",0.6383323
0.0138289025,0.02256948,0.075403005,-0.39336258,-0.02288749,0.026441064,-0.5798515,0.18835221,-1.3522433,0.42202333,0.0064419564,0.11956754,-0.18288532,0.0,0.097688295,0.30273607,-0.000874751,0.0,0.3992293,0.0,-0.3107587,0.0,1.2219602,0.0,-0.22887278,0.0,0.60701865,0.0,0.7905024,-0.4636659,-0.13469923,0.56834495,-0.9349154,-0.07046122,-0.004208475,-0.063477784,"num_services, DeviceProtection_Yes, PaymentMethod_Electronic check",0.52750117
0.0059332135,0.0631487,0.049437404,-0.36796963,-0.04797945,-0.19788438,0.070030354,-0.74079275,0.22261977,0.20822936,0.009347653,0.14789028,0.11123243,0.0,-0.19623536,-0.49993253,-0.0047808792,0.0,0.7579318,0.0,-0.6374546,0.0,-0.23034458,0.0,-0.114394315,0.0,-0.71380323,0.0,-0.5588063,0.13288158,0.19293642,-0.26810658,-1.1875373,0.25873762,0.025158789,-0.120284095,"PaymentMethod_Electronic check, OnlineSecurity_Yes, TotalCharges",0.025590327
-0.06983285,0.0074328147,0.046720665,-1.9533218,-0.06449866,-0.112837195,-0.14283293,-0.757715,-1.5473964,-0.43356282,0.0064419564,0.08018417,-0.12596968,0.0,0.20864731,0.38802248,-0.000874751,0.0,0.36207646,0.0,-0.3266864,0.0,0.48636803,0.0,0.6076135,0.0,0.6098832,0.0,0.6023843,0.11859725,0.16987814,-0.23498099,-0.5576714,-0.0710709,0.01562659,-0.093041845,"tenure, num_services, TotalCharges",0.057799157
-0.018116161,-0.14713769,0.067704245,-1.4247432,-0.16848402,0.036781374,-0.0003750258,-0.7985892,0.5399523,-0.101089045,0.0058998372,-0.00047635776,0.03263704,0.0,0.20992981,-0.4216415,0.058171347,0.0,-0.05398857,0.0,-0.4390151,0.0,-0.20192504,0.0,-0.22571619,0.0,-0.46387506,0.0,-0.4278234,0.025087144,-0.65143955,0.86134654,-1.1951755,-0.12434549,-0.026612224,-0.14022748,"tenure, PaymentMethod_Electronic check, PaymentMethod_Credit card (automatic)",0.005474784
-0.0038502917,-0.1564075,-0.10548719,-1.1095396,-0.041400734,-0.044416837,0.50899565,-0.20851794,-0.7492389,0.085252926,0.0035941778,0.10954861,-0.2210469,0.0,0.135407,0.19803856,-0.0015375055,0.0,0.14423724,0.0,-0.19811301,0.0,-0.5296695,0.0,0.15761717,0.0,0.5320128,0.0,-0.79285103,-0.67423123,-0.16477665,-0.22703007,-0.9988017,0.15295893,0.01191081,-0.110406995,"tenure, PaymentMethod_Electronic check, StreamingMovies_Yes",0.013300331
0.00034533892,0.0821307,-0.02369359,-0.57085377,-0.053864233,0.10660421,-0.46046463,-0.28711435,-0.847545,-0.18363516,0.032165714,0.10408862,0.08630272,0.0,-0.6136799,0.22620702,-0.0010635976,0.0,-0.24570954,0.0,-0.41267335,0.0,0.53286576,0.0,0.12368893,0.0,-1.2524899,0.0,0.44056013,-0.018861292,0.13150822,-0.20707504,0.56286645,-0.16703203,0.027490407,-0.043530926,"StreamingTV_Yes, num_services, MultipleLines_Yes",0.050149802
-0.065686524,0.1496747,0.042688657,-0.5980786,-0.08765203,-0.08004736,0.11633355,-1.4162073,-0.82704127,-1.0833713,0.014279068,0.06766681,-0.004035337,0.0,-0.22565947,-0.5023488,-0.0015156022,0.0,0.21744014,0.0,0.7281766,0.0,-0.4182303,0.0,0.09203708,0.0,0.32119274,0.0,-0.518017,0.14277932,0.2864223,-0.35040233,-1.0359683,0.4669095,0.00891924,-0.10855692,"TotalCharges, charge_per_service, PaymentMethod_Electronic check",0.0092199445
-0.016410518,-0.15420145,-0.31402758,-0.38264954,-0.09430506,0.046934154,0.31239945,0.18706244,0.59778905,-0.5640896,0.0058998372,0.092824586,-0.007355398,0.0,0.25175202,-0.4950371,0.11658744,0.0,-0.042095147,0.0,-0.46708658,0.0,-0.15228544,0.0,-0.20287919,0.0,-0.25415692,0.0,-0.34142447,0.0053893374,-0.83600646,-0.069902636,-0.48526114,-0.04348287,-0.03978985,-0.13596107,"Contract_Two year, num_services, charge_per_service",0.029580988
0.0035533085,0.02600266,0.050717596,0.91712886,-0.04822047,-0.23255621,-0.04458481,-0.030918742,0.10478702,-0.6098231,-0.02025241,-0.390278,-0.15572952,0.0,-0.026518174,-0.35368076,-0.0037906272,0.0,-0.09319987,0.0,0.5314054,0.0,-0.5345051,0.0,-0.10751679,0.0,-0.7007927,0.0,-0.61293024,0.09141201,0.16121428,-0.23972535,0.7396037,-0.32867014,-0.03528582,0.10711968,"tenure, PaymentMethod_Electronic check, StreamingTV_Yes",0.13647732
0.06355391,-0.31252176,-0.43484217,0.31427675,-0.04807334,-0.07950787,0.106610276,0.11021181,0.7307443,1.0719768,-0.011569019,-0.058456473,-0.12922135,0.0,0.25995448,-0.41530532,-0.003811851,0.0,-0.085501544,0.0,-0.23874785,0.0,-0.49404705,0.0,-0.1919415,0.0,-0.48102793,0.0,-0.5697517,0.039759614,0.1327709,-0.14663152,0.61266696,-0.14186737,-0.09018129,0.14873333,"charge_per_service, num_services, PaymentMethod_Electronic check",0.41324311
-0.06838581,-0.25852093,-0.36222896,-0.17824417,-0.033738263,-0.09331708,-1.6267071,-0.21371204,-1.7030029,0.19477579,0.012789493,0.2520903,0.019320626,0.0,0.20185018,0.2021099,-0.001002092,0.0,0.45550224,0.0,0.11280253,0.0,-1.2203026,0.0,-0.22624499,0.0,0.7852533,0.0,0.46815556,-0.575665,-0.028477166,-0.24433191,0.56926984,-0.096358456,0.010997599,-0.044278953,"num_services, MonthlyCharges, DeviceProtection_Yes",0.024164097
0.06740424,-0.08825135,0.02375335,-0.90685457,-0.22774057,0.059129283,-0.08984665,-0.42433956,-0.8995108,-1.0233067,0.0134614725,-0.22082138,0.27754796,0.0,0.24331376,-0.5584995,-0.0006696105,0.0,-0.0756554,0.0,0.7208303,0.0,0.5809106,0.0,-0.207738,0.0,0.50771296,0.0,0.6927274,-0.035507783,-0.17224246,-0.19035082,0.92391014,-0.17269062,-0.008244078,-0.048877954,"charge_per_service, PaymentMethod_Electronic check, tenure",0.22282594
-0.07416315,-0.17099884,-0.35995716,-2.0918925,-0.079904534,-0.09278439,-0.16394274,-0.79425156,0.522958,-0.5552519,0.005020509,-0.1614125,0.042634014,0.0,0.17588231,-0.46075228,0.058171347,0.0,-0.0815242,0.0,-0.33134028,0.0,-0.2484153,0.0,-0.1957791,0.0,-0.428134,0.0,-0.44582167,0.0037074385,-1.2531629,0.5677472,-1.0802441,-0.19929135,-0.032562066,-0.13938697,"tenure, Contract_Two year, PaymentMethod_Electronic check",0.00031153788
0.0058253533,-0.25258192,0.03744431,0.05411112,-0.1327366,0.0549652,0.99300027,0.000472242,0.83084047,-1.0131824,-0.014779429,0.1078178,-0.034260754,0.0,-0.49363732,-0.17682438,0.12745844,0.0,0.0010619087,0.0,-0.24662085,0.0,-0.3158422,0.0,-0.23264539,0.0,-0.36321396,0.0,-0.5132707,-0.57422876,-0.31226748,-0.16395527,-1.0828505,0.5823675,-0.051306278,0.23644444,"PaymentMethod_Electronic check, charge_per_service, MonthlyCharges",0.049678814
0.017163895,-0.3095149,-0.47745392,1.0917109,-0.0370548,0.042725667,-0.09381622,-0.022758087,-0.39137942,-1.4646531,-0.0273444,-0.2510669,0.02813096,0.0,0.3008295,-0.5252682,-0.0035660884,0.0,-0.0817149,0.0,0.87709916,0.0,0.9090277,0.0,-0.146708,0.0,0.38296223,0.0,-0.672798,0.14435913,0.22284727,-0.031228952,-0.37905446,-0.29560116,-0.030145284,0.18731746,"charge_per_service, tenure, DeviceProtection_Yes",0.2600362
0.0075528882,-0.34566158,-0.54270506,-0.06720472,-0.094243474,-0.032898545,0.5230997,0.6269645,-0.11313335,-0.02217704,0.009963166,0.0738199,0.008141526,0.0,-0.12953384,-0.37754148,-0.0019305871,0.0,-0.015149455,0.0,0.5813952,0.0,-0.39241582,0.0,0.40312245,0.0,-0.2922716,0.0,-0.49043962,-0.5944545,-0.42612448,0.6561298,-1.1439271,-0.14702746,-0.0070715817,-0.08712922,"PaymentMethod_Electronic check, PaymentMethod_Credit card (automatic), TotalCharges",0.08004924
-0.016723327,-0.21687017,-0.41253743,-0.46872684,-0.08079666,0.11239474,0.31034815,-0.019926729,0.6146761,-0.8521779,0.0058998372,0.12890178,-0.023832994,0.0,0.35154587,-0.53346044,0.11658744,0.0,-0.062011737,0.0,-0.24044,0.0,-0.21194014,0.0,-0.18918924,0.0,-0.25694183,0.0,-0.38190308,-0.020615544,-1.1286918,0.6956743,-1.06537,-0.20888056,-0.054889876,-0.115578905,"Contract_Two year, PaymentMethod_Electronic check, charge_per_service",0.01428294
-0.014792599,-0.10296802,0.032795846,-0.18464385,-0.06425087,-0.18799515,0.20138213,-0.07737195,0.4541198,-0.26047185,0.014732954,-0.15822378,-0.030644367,0.0,-0.21460155,-0.383221,-0.0015147962,0.0,-0.054052327,0.0,0.57285285,0.0,-0.43788767,0.0,-0.08139143,0.0,-0.7323505,0.0,-0.5746073,0.0036138732,-1.6346543,-0.21543778,-0.873312,0.34298354,-0.00102953,-0.1232919,"Contract_Two year, PaymentMethod_Electronic check, StreamingTV_Yes",0.008202665
0.0058614104,0.055395473,-0.0003586394,-0.78880924,-0.043938812,-0.0013708796,0.3293025,-0.2676435,-1.0059865,0.2565527,0.012446972,0.20221166,0.123621605,0.0,0.18777353,0.25425968,-0.0012690211,0.0,0.43159425,0.0,1.1942819,0.0,0.6658043,0.0,-0.33170098,0.0,0.5863218,0.0,-1.0020279,-0.71957207,-0.12269677,-0.1333002,-0.8338206,-0.042100478,0.0017361935,-0.11793928,"OnlineBackup_Yes, num_services, StreamingMovies_Yes",0.24708922
0.093822844,0.11044449,0.08519514,-0.572161,-0.07454082,-0.018845718,-0.91828185,-1.02189,-2.4070613,-1.3273144,0.008029698,0.24240343,-0.15233804,0.0,0.026902085,0.35921198,-0.00083869125,0.0,0.10345882,0.0,0.3637499,0.0,0.45871663,0.0,0.44783887,0.0,0.4342116,0.0,0.8795895,0.06256127,-0.29650897,-0.13107663,-0.58889365,-0.09839832,-0.0047361497,-0.0582371,"num_services, charge_per_service, TotalCharges",0.017918997
0.016735066,0.123828955,0.09191798,1.1721914,0.35630214,-0.17887199,-0.17212401,0.14598718,1.2120581,0.6283587,-0.009353684,-0.03365142,-0.14727585,0.0,-0.058550812,-0.34006605,-0.0057204627,0.0,-0.05561492,0.0,-0.24111909,0.0,-0.36572078,0.0,-0.117559664,0.0,-0.6085571,0.0,-0.54598415,0.09944393,0.14926992,-0.14158882,0.82871825,-0.2210764,-0.059781108,0.13516906,"num_services, tenure, PaymentMethod_Electronic check",0.8386932
-0.0892986,-0.282169,-0.0038983477,-1.6946121,-0.071135916,-0.095426574,-0.15920086,-0.4326934,-1.0429473,-1.5008324,0.020728659,0.059909105,-0.13415751,0.0,-0.29736176,-0.3770075,-0.0007095528,0.0,0.21543965,0.0,0.45682648,0.0,0.2627836,0.0,0.19796911,0.0,-0.6683998,0.0,0.3055906,-0.09166568,-1.6955615,-0.23837993,-1.1348021,0.2938833,-0.00621367,-0.11754649,"Contract_Two year, tenure, charge_per_service",0.00024118219
-0.11675775,-0.08986423,-0.21590593,-1.7659944,-0.01903224,0.08213841,-0.44214654,-0.6643701,-1.2987078,-1.374757,0.012789493,-0.04195281,0.0072156405,0.0,0.18055001,-0.35640228,-0.0006027703,0.0,0.3863131,0.0,0.289379,0.0,0.41043714,0.0,0.3881452,0.0,0.3580433,0.0,0.50176865,-0.08834724,-1.4679242,0.78002715,-1.0944444,-0.15192477,0.0025280481,-0.11757097,"tenure, Contract_Two year, charge_per_service",0.0026881823
0.019765848,0.2017068,0.03050923,-0.2709517,-0.040365364,-0.39996505,-0.13370462,-0.21628296,0.40235707,0.45796758,0.009178984,-0.3022865,-0.0038056448,0.0,0.24669379,0.36604568,-0.001399539,0.0,-0.11383173,0.0,0.38084325,0.0,-0.27475062,0.0,-0.119424775,0.0,-0.5969512,0.0,-1.0710719,-0.53924805,-0.1179986,1.0673907,-1.3324051,-0.096961126,0.002156654,-0.108925514,"PaymentMethod_Electronic check, StreamingMovies_Yes, PaymentMethod_Credit card (automatic)",0.07145572
0.013579484,0.0829443,0.091912635,-0.4904768,-0.03563788,0.098076835,0.35175592,-0.5364699,-0.50619733,0.70223886,0.0061388975,-0.084883,-0.31865492,0.0,0.31437305,0.2904258,-0.000874751,0.0,-0.10672811,0.0,-0.4724204,0.0,0.6700125,0.0,-0.15296622,0.0,0.6268422,0.0,0.7309403,0.06993555,0.12916552,-0.14437209,0.73470247,-0.1521284,-0.0086926585,-0.040702295,"PaymentMethod_Electronic check, StreamingMovies_Yes, charge_per_service",0.8644804
-0.017225273,-0.2117462,-0.27706137,-0.458535,-0.081800595,0.07686385,0.27062282,0.3017002,0.65975124,-0.6544347,0.0068698744,0.09170282,-0.017519869,0.0,0.24983726,-0.56193626,0.11658744,0.0,-0.098822646,0.0,-0.40905172,0.0,-0.22275902,0.0,-0.19433548,0.0,-0.28480366,0.0,-0.34789577,0.0032725574,-0.96303445,-0.2182494,-0.88863343,0.3621147,-0.05807105,-0.13391207,"Contract_Two year, PaymentMethod_Electronic check, num_services",0.018536009
-0.07368951,-0.16396694,-0.02153188,-2.1861937,-0.1031979,0.0052304096,0.020098807,-0.100477904,-0.46784905,-0.77609664,0.02799312,0.06893019,0.058560226,0.0,0.19073954,-0.34767318,-0.0006696105,0.0,-0.13599095,0.0,0.6133719,0.0,0.49788263,0.0,0.33306634,0.0,-0.74741495,0.0,0.74482435,0.06099985,-0.35219523,-0.07912831,-0.38244727,-0.052654997,-0.0011148071,-0.11825289,"tenure, charge_per_service, StreamingTV_Yes",0.029378487
0.00704321,-0.3632343,-0.47329625,-1.2882236,-0.043260932,0.09746494,0.06534124,-0.4575747,-0.5962145,0.37994078,0.004717724,0.053159792,0.19045998,0.0,0.38958418,0.28398114,-0.000900305,0.0,-0.21945933,0.0,-0.69880366,0.0,-0.5538142,0.0,0.4940679,0.0,0.47700462,0.0,0.72240084,-0.015977718,-1.308643,-0.26277143,0.45632085,-0.10951044,-0.012049601,-0.044494018,"Contract_Two year, tenure, StreamingMovies_Yes",0.055432204
-0.008357407,-0.19181898,-0.16136965,-0.28272063,-0.07010827,-0.25653362,0.06235679,-0.07968936,-0.934326,-1.1634785,0.004907327,0.12867396,0.030551191,0.0,-0.19506162,-0.604629,-0.000876094,0.0,0.34971362,0.0,-0.54363936,0.0,0.38777152,0.0,-0.28986064,0.0,0.2308153,0.0,0.46450177,-0.19921261,-0.3187972,0.5099315,-1.116881,-0.23693922,-0.006715632,-0.11543188,"charge_per_service, PaymentMethod_Electronic check, num_services",0.009794882
-0.013006093,0.07083428,0.043725852,1.2647827,-0.041756794,-0.02425589,-0.06792915,0.83983696,0.63199097,0.34601995,-0.02459442,-0.062827945,-0.027492164,0.0,-0.2550784,-0.4165913,-0.0016214997,0.0,-0.0701783,0.0,-0.21773167,0.0,-0.4121595,0.0,-0.013907157,0.0,-0.58143175,0.0,0.7455631,0.055055544,0.22978592,-0.17308232,-0.795742,0.41028377,-0.011550162,0.19044814,"tenure, TotalCharges, PaymentMethod_Electronic check",0.83321196
0.014152157,0.15422589,0.040584676,0.94460386,-0.0504855,0.026921434,-0.2537691,-0.01202707,0.5299959,0.27516514,-0.011364209,-0.17104086,0.09021155,0.0,-0.01097047,-0.6298601,-0.0036646537,0.0,-0.12308662,0.0,-0.4657092,0.0,-0.4563947,0.0,-0.06086652,0.0,0.3855918,0.0,-0.68187886,0.08294384,0.14000031,-0.16759042,0.8233123,-0.35374328,-0.046397574,0.105428,"tenure, PaymentMethod_Electronic check, StreamingMovies_Yes",0.5263408
-0.0256946,-0.022590734,0.08087302,0.32827082,-0.0835987,-0.013239687,-1.1425264,-0.49776912,-2.051705,-0.7437498,0.01529416,0.15737487,-0.046188973,0.0,-0.14896381,0.35044345,-0.0010275379,0.0,0.47867817,0.0,0.3913909,0.0,0.95811063,0.0,0.70418,0.0,0.6769625,0.0,0.77427226,0.06352188,0.25022352,-0.1138287,-0.50466746,-0.08852263,-0.0005618738,-0.05611611,"num_services, MonthlyCharges, DeviceProtection_Yes",0.42068008
0.014899971,0.08629929,0.029806573,0.98733044,-0.046402168,-0.08187997,0.25947452,0.07661329,1.0097023,1.2973866,-0.012973197,-0.08942318,-0.075216666,0.0,0.4887946,0.28822294,-0.0033052235,0.0,0.007315157,0.0,-0.40840882,0.0,-0.3370928,0.0,-0.21587066,0.0,-0.49477145,0.0,-0.4903812,0.10372651,0.19660507,-0.07701018,-0.42867795,-0.09652162,-0.09584336,0.28025085,"charge_per_service, num_services, tenure",0.8969534
0.0029250742,0.046654344,-0.14103076,-0.37704498,0.22337943,-0.0026953735,0.113474146,0.014852086,-0.6734434,-3.0015337,0.0051825102,0.12117529,-0.09384595,0.0,-0.396207,-0.46550095,-0.0021702168,0.0,0.5136873,0.0,0.79325545,0.0,0.4697491,0.0,0.45407638,0.0,0.5491793,0.0,-0.3331939,0.012817867,-1.7115729,-0.17890845,-1.0578698,0.61267996,-0.04724562,-0.10734126,"charge_per_service, Contract_Two year, PaymentMethod_Electronic check",0.009328181
-0.020937638,-0.11598876,0.08694727,-1.9845318,-0.052870497,0.121054545,-1.2895873,-0.38159192,-1.7474221,-0.65921926,0.012789493,-0.021096068,0.057637755,0.0,0.24970299,0.23591134,-0.00077185105,0.0,0.33015588,0.0,0.36621684,0.0,0.7189346,0.0,0.6872428,0.0,0.53759634,0.0,0.5669142,-0.15910418,-1.784865,-0.12501669,-0.6792653,-0.040791284,0.009993091,-0.0949722,"tenure, Contract_Two year, num_services",0.0055645127
-0.001535615,0.096990325,0.07172184,0.594408,-0.06799702,0.028563702,0.17856368,-0.30489433,-0.45502138,0.63540846,-0.016052388,-0.12955014,0.017670156,0.0,-0.51139456,0.27036536,-0.0020585267,0.0,-0.06809273,0.0,-0.43354997,0.0,-0.45580864,0.0,-0.15930146,0.0,0.5103696,0.0,0.5640003,0.080458455,0.13286398,-0.14599606,0.6118819,-0.18054013,-0.046997096,0.09149023,"charge_per_service, PaymentMethod_Electronic check, tenure",0.71036124
-0.012460246,0.12047955,0.09307049,0.8906963,-0.092879824,0.0117238825,-0.2818287,0.35531592,-0.6242997,-1.338668,-0.0248321,0.1463415,-0.084552616,0.0,-0.2347368,-0.35184562,-0.0016053971,0.0,-0.099701725,0.0,-0.54590255,0.0,0.46558824,0.0,0.1046453,0.0,0.2536662,0.0,-0.4853902,0.15826195,0.33731684,0.38517725,-1.0963305,-0.33910766,-0.040804446,0.08237677,"charge_per_service, PaymentMethod_Electronic check, tenure",0.09456632
-0.05917728,0.29757553,-0.32523388,-0.040697455,-0.08873622,0.21107179,0.40825772,-0.6973651,-0.7317681,-0.5925836,0.01722982,0.13268667,0.080671445,0.0,-0.13830818,-0.36093354,-0.0015156022,0.0,0.44540516,0.0,0.87525964,0.0,-0.33803388,0.0,0.18783268,0.0,-0.24920581,0.0,-0.5389568,-0.098813154,-0.3757787,1.2385453,-1.1086484,-0.07785285,0.014737536,-0.107207656,"PaymentMethod_Credit card (automatic), PaymentMethod_Electronic check, OnlineBackup_Yes",0.11605108
0.02523166,0.06953341,0.0827987,0.59213024,-0.036938474,0.041674398,-0.11204846,0.03097535,-0.646167,0.89342755,-0.027256664,-0.11941016,-0.019528829,0.0,0.39427468,0.42349613,-0.0013969608,0.0,-0.14705111,0.0,-0.519045,0.0,0.6619313,0.0,-0.14040248,0.0,0.7586216,0.0,0.8444506,0.08197223,0.17992288,-0.038161222,-0.5381248,-0.094820686,-0.037509855,0.23897398,"charge_per_service, StreamingMovies_Yes, StreamingTV_Yes",0.94441897
-0.0035659017,-0.2577664,-0.22958873,-0.22779748,-0.059092246,-0.17834498,0.14080909,-0.2568375,0.2531459,-0.058388654,0.0074684927,-0.24221213,-0.04695891,0.0,-0.19100724,-0.4264431,-0.0019305871,0.0,-0.066874646,0.0,0.52284205,0.0,-0.4426483,0.0,-0.054184213,0.0,-0.8297309,0.0,-0.4177158,0.13917212,0.18586852,-0.17231296,-0.8122155,0.43055478,0.0019157584,-0.12504366,"StreamingTV_Yes, PaymentMethod_Electronic check, OnlineBackup_Yes",0.031440612
-0.01776234,0.070028454,0.05781737,1.345024,-0.09021409,0.14489397,0.8353873,0.9473219,0.8166353,-0.98493093,-0.017756745,0.09654779,-0.054905728,0.0,-0.29778054,-0.31459805,0.107984215,0.0,-0.06211129,0.0,-0.32530057,0.0,-0.33201385,0.0,-0.109853625,0.0,-0.41878054,0.0,-0.36439407,0.23983648,0.40118906,-0.13967082,-0.87957215,0.58951926,-0.054562237,0.24143058,"tenure, charge_per_service, TotalCharges",0.8054295
-0.063761756,-0.15146878,-0.19812533,-0.35118234,-0.056918744,0.114734076,0.28600857,-0.61955404,-0.3767767,-0.27254787,0.020110952,0.14578655,-0.012933489,0.0,-0.28939486,-0.43559885,-0.0015363169,0.0,0.5316861,0.0,-0.41704974,0.0,-0.38265246,0.0,-0.08724002,0.0,-0.8656942,0.0,0.36240992,0.08314052,0.25143176,-0.18335283,-0.99484587,0.28130752,0.026608199,-0.087809265,"PaymentMethod_Electronic check, StreamingTV_Yes, TotalCharges",0.022886727
0.008358211,0.10222239,-0.012594098,-0.94663036,-0.11941857,-0.05817223,0.69903755,-0.41212264,0.7300788,-0.8779699,0.009402612,0.12619846,-0.0068777143,0.0,-0.45964673,-0.42637452,0.12745844,0.0,-0.1801101,0.0,-0.30391267,0.0,-0.23097268,0.0,-0.14193408,0.0,-0.33171076,0.0,-0.58605945,-0.19153497,-0.3695361,-0.15408252,-1.1734216,0.5854478,0.14847377,-0.13110493,"PaymentMethod_Electronic check, tenure, charge_per_service",0.010087344
-0.016286936,-0.19128624,-0.25857025,0.15393749,-0.09868183,0.029007543,1.1674304,0.32612738,0.7336544,-0.68239594,0.005020509,0.11898787,-0.0129021695,0.0,-0.43921942,-0.33167157,0.12745844,0.0,0.003914112,0.0,-0.21395239,0.0,-0.2554942,0.0,-0.18429735,0.0,-0.34745586,0.0,-0.3310334,0.20580661,0.31757942,-0.12498715,-0.92574495,0.389216,-0.059361782,-0.11555729,"MonthlyCharges, PaymentMethod_Electronic check, num_services",0.26510805
0.029024586,0.11763798,-0.03770956,-0.34559745,-0.040275294,-0.014128793,0.16861375,-0.33780754,0.7403796,0.7578592,0.0073190443,-0.0740034,-0.13813452,0.0,-0.37959698,0.4128024,-0.0020027878,0.0,-0.12153748,0.0,-0.5888831,0.0,-0.26122922,0.0,-0.105756745,0.0,-0.54017216,0.0,-0.3647731,0.20322852,0.20635815,0.7634153,-1.0332472,-0.12785067,-0.075303294,-0.07464155,"PaymentMethod_Electronic check, PaymentMethod_Credit card (automatic), charge_per_service",0.22014198
0.0029075018,-0.22703329,-0.21729878,-0.7303902,-0.10086008,-0.0477188,0.5127022,-0.30900854,0.68426305,-0.9386883,0.0059905457,0.14241746,-0.058555517,0.0,-0.4813811,-0.5254202,0.12745844,0.0,-0.1451807,0.0,-0.39584067,0.0,-0.17411679,0.0,-0.14637844,0.0,-0.29085782,0.0,-0.56320244,-0.010166168,-0.39378405,0.17345376,-1.1177047,-0.22173652,-0.076461256,-0.14891572,"PaymentMethod_Electronic check, charge_per_service, tenure",0.0034008117
-0.017044175,0.08784718,0.075995564,0.14604235,-0.024905004,0.08487541,0.15015288,-0.28344303,-0.73513025,0.97718304,0.006550411,0.14545622,0.0048987335,0.0,0.39886004,0.4132653,-0.0016575583,0.0,-0.1581142,0.0,-0.38405153,0.0,-0.4359308,0.0,0.28219527,0.0,0.76979285,0.0,1.0411925,0.04939811,0.19773771,-0.19902633,-0.88018894,0.524759,0.008311653,-0.08798983,"StreamingMovies_Yes, charge_per_service, PaymentMethod_Electronic check",0.8955011
-0.0009349501,-0.06338981,-0.19430217,1.0361482,-0.023373181,0.0837579,0.029815905,-0.0010137605,-0.80088395,0.7432554,-0.056758277,0.11138927,-0.3125878,0.0,-0.37771797,0.28525767,-0.0015858074,0.0,0.44373885,0.0,-0.31281087,0.0,0.7349861,0.0,-0.16335411,0.0,-1.1151887,0.0,0.40907192,0.09247017,0.19611427,-0.09908838,-0.6501353,0.45536542,-0.010409147,0.22290997,"StreamingTV_Yes, tenure, num_services",0.65744305
-0.025161447,-0.2793321,-0.281166,-0.6255173,-0.07876171,-0.011686193,0.662818,0.3190203,0.6483879,-1.8101411,0.005020509,0.048019893,-0.07204073,0.0,-0.3755375,-0.6020446,0.12035155,0.0,-0.08560233,0.0,-0.26028228,0.0,-0.27217436,0.0,-0.23181464,0.0,-0.2867792,0.0,-0.3859839,0.019342855,-1.3267494,0.00018617012,-0.6319692,-0.17958191,-0.067956164,-0.14812426,"charge_per_service, Contract_Two year, MonthlyCharges",0.001977216
-0.0075852624,0.1300261,-0.3454004,-0.43053275,-0.042178907,-0.055517763,0.1253688,-0.16029015,0.73577625,-1.2696679,0.006870647,0.1009414,0.014147736,0.0,-0.44885638,-0.5893253,0.12035155,0.0,-0.16530867,0.0,-0.11502,0.0,-0.19661081,0.0,-0.19869043,0.0,-0.26177156,0.0,-0.31595498,-0.0444144,-1.7507001,0.63856566,-1.076253,-0.22132169,-0.08213486,-0.1139869,"Contract_Two year, charge_per_service, PaymentMethod_Electronic check",0.0024037894
0.003871519,-0.20265298,-0.44047058,-0.029111939,-0.038573388,0.08636571,0.48190936,-0.43556207,0.104787,-0.7036516,-0.013370985,-0.11048633,0.013933177,0.0,-0.19281419,-0.46187377,-0.0043081595,0.0,-0.15005471,0.0,-0.3113082,0.0,0.32273418,0.0,-0.10198285,0.0,0.2457383,0.0,-0.56600523,0.1735907,0.17814724,0.45563245,-0.9802429,-0.15310019,-0.050273523,0.19504692,"PaymentMethod_Electronic check, charge_per_service, StreamingMovies_Yes",0.06339285
-0.0101980725,-0.20708473,-0.60753584,-0.27529988,-0.108431205,-0.14299178,-1.3696095,0.37844452,-2.0249205,-0.6713078,0.0134614725,0.031518966,0.031313438,0.0,0.29436195,0.3240957,-0.00077185105,0.0,0.2721881,0.0,0.7329149,0.0,0.72258186,0.0,0.5564884,0.0,0.570651,0.0,0.5158612,-0.04581627,-1.0572939,-0.1446361,0.34022024,-0.079797454,-0.005097628,-0.03226398,"num_services, MonthlyCharges, Contract_Two year",0.1183884
0.0153427,-0.14206974,0.16171992,-0.04371378,-0.03319833,0.084779575,-1.0019456,-0.28791994,-2.042536,0.09165061,0.006197011,0.17244957,-0.057454843,0.0,0.12623793,0.31447282,-0.00083869125,0.0,0.24033748,0.0,0.7701203,0.0,0.7163925,0.0,-0.28258646,0.0,0.57946426,0.0,0.72188705,-0.018105263,-0.19585797,0.44932398,-1.0567135,-0.06052688,-0.0038003968,-0.079511106,"num_services, PaymentMethod_Electronic check, MonthlyCharges",0.29624793
0.0012038455,0.123093314,0.036325745,-1.2009221,-0.21457876,0.07586965,0.11367414,-1.1684775,0.8737647,-0.58108807,0.006870647,0.12029787,-0.035080053,0.0,0.25199738,-0.38406324,0.060527485,0.0,-0.100166276,0.0,-0.78428537,0.0,-0.295759,0.0,-0.17405713,0.0,-0.33198598,0.0,-0.72428846,-0.33228585,-0.37970713,-0.13182077,-0.7385402,-0.076538004,-0.022208638,-0.14138559,"tenure, TotalCharges, num_services",0.0021026763
0.009730573,0.059650365,0.037398476,-0.3651224,-0.03948626,0.058296904,-0.4932332,-0.25952238,-1.1803471,-0.55185825,0.041017916,0.23227042,-0.21193533,0.0,-0.42510778,0.37944037,-0.0010275379,0.0,0.25448996,0.0,0.7128207,0.0,0.64639395,0.0,-0.15982963,0.0,-1.0502106,0.0,0.43262106,0.06441538,0.13527308,0.70500106,-0.9810238,-0.110168874,0.018395003,-0.0934039,"num_services, StreamingTV_Yes, PaymentMethod_Electronic check",0.104903705
0.03321752,0.0813613,0.19421045,0.031809594,-0.050537776,-0.18557897,-1.0002223,0.18620576,-1.8553243,-0.40954286,0.01529416,0.17456597,0.15204863,0.0,0.18035778,0.35749382,-0.00083869125,0.0,0.28912395,0.0,0.79000497,0.0,0.6523552,0.0,0.65070707,0.0,0.5502969,0.0,0.8797708,0.23481886,-0.25351173,0.5891266,-0.9992787,-0.07016471,-0.0013802202,-0.06510269,"num_services, MonthlyCharges, PaymentMethod_Electronic check",0.7581308
-0.02072925,-0.1470708,0.074973494,0.077311076,-0.13453828,0.06130002,0.5464484,0.61562145,0.7291161,-1.061339,-0.014779429,0.15671453,0.042904355,0.0,-0.38320753,-0.21178022,0.11545408,0.0,-0.049001172,0.0,-0.18015419,0.0,-0.2998331,0.0,-0.17599598,0.0,-0.27121085,0.0,-0.40156293,0.15474924,0.34491026,-0.030825792,-0.66762966,-0.14506172,-0.11025085,0.18039475,"charge_per_service, num_services, PaymentMethod_Electronic check",0.22901183
-0.03821604,-0.16463393,-0.17359549,1.2053664,-0.05908131,-0.1721018,0.5639314,0.29281703,0.80972624,-2.6634512,-0.015402111,0.08966636,-0.14090887,0.0,-0.29097554,-0.40163764,0.107984215,0.0,-0.08799213,0.0,-0.2279055,0.0,-0.3744317,0.0,-0.14489324,0.0,-0.43481097,0.0,-0.3344336,0.20041767,0.3738744,-0.104825124,-0.92735165,0.56928164,-0.058615275,0.19438934,"charge_per_service, tenure, PaymentMethod_Electronic check",0.081912905
0.025601525,0.09336338,0.02293945,-0.3713177,-0.0443928,-0.3005785,-0.1241224,-0.43284863,-0.3564543,0.42012972,0.0047183144,-0.13179313,-0.11380073,0.0,-0.61167616,0.30493328,-0.0015363169,0.0,-0.19583341,0.0,-0.38991207,0.0,-0.4718469,0.0,-0.089465834,0.0,0.9000436,0.0,0.6752968,0.054207124,0.13100372,-0.1738561,0.85927624,-0.14916575,-0.01784411,-0.043808233,"StreamingTV_Yes, PaymentMethod_Electronic check, StreamingMovies_Yes",0.36875388
-0.031957205,-0.17719881,-0.35049117,-0.5237686,-0.067603625,0.039210714,0.18739401,0.003909984,0.625672,-1.0695337,-0.017154917,0.093929194,-0.049157206,0.0,-0.5512879,-0.3064491,0.12035155,0.0,-0.040107016,0.0,-0.12646788,0.0,-0.35083348,0.0,-0.2029263,0.0,-0.27132818,0.0,-0.26843065,-0.010212125,-1.8982204,0.55817556,-1.0112854,-0.21971372,-0.07789264,0.1843679,"Contract_Two year, charge_per_service, PaymentMethod_Electronic check",0.0029652105
-0.07588528,-0.1945776,-0.3909774,-0.81126374,0.29327878,-0.06018995,-0.0894637,-0.6670303,0.09158816,-1.0002278,0.0074684927,0.08528715,-0.115150884,0.0,-0.43552747,-0.3174492,-0.0030838205,0.0,0.10198949,0.0,0.5870983,0.0,-0.5010698,0.0,-0.16038176,0.0,-0.3783987,0.0,-0.52857506,-0.03733214,-1.5857526,-0.13892142,-0.6548738,-0.02524527,-0.002970697,-0.12790897,"Contract_Two year, charge_per_service, tenure",0.00078866904
0.09845169,-0.09578083,0.064176954,-0.68506604,-0.026471114,0.018120077,0.30521163,-0.43632683,0.48701504,0.29387015,0.0068503795,0.13328928,-0.119395606,0.0,0.29040495,0.32508302,-0.0015046225,0.0,-0.14906824,0.0,-0.36269572,0.0,-0.32321516,0.0,0.2156808,0.0,-0.7650399,0.0,-0.5061323,0.2022806,0.16324191,-0.07810579,-0.56895876,-0.051675487,-0.004264185,-0.09471766,"StreamingTV_Yes, tenure, PaymentMethod_Electronic check",0.15794893
0.024023796,0.03393765,0.12070237,0.19752398,-0.045848124,-0.10757733,0.38537598,0.42069268,-0.1569408,0.70626897,-0.013129326,-0.09599829,0.10933899,0.0,0.35819456,0.35688317,-0.0016575583,0.0,-0.14517188,0.0,-0.39827687,0.0,-0.478866,0.0,-0.1710386,0.0,0.6722337,0.0,0.5170145,0.09397288,0.14005834,-0.1438328,0.62252223,-0.14733416,-0.10063954,0.09733653,"charge_per_service, StreamingTV_Yes, PaymentMethod_Electronic check",0.94484866
-0.0012038198,-0.2529611,-0.014041376,-0.3404904,-0.08138311,-0.14428386,-0.21932857,-0.16582713,-0.50565773,-0.96652037,0.011774402,0.16341345,0.14397706,0.0,0.22826385,-0.47087193,-0.000787196,0.0,-0.30155203,0.0,0.73366916,0.0,0.59573716,0.0,0.50345963,0.0,0.15750948,0.0,-0.6072133,-0.05301612,-0.92250365,0.6421716,-1.3071272,-0.17527688,0.0051694517,-0.115634724,"PaymentMethod_Electronic check, charge_per_service, Contract_Two year",0.030196667
-0.039810997,-0.16043231,0.052485555,-1.5032133,-0.15667526,-0.105922624,0.1625954,-0.37781122,0.59383017,-0.7638296,0.005020509,0.082695775,0.04187423,0.0,0.17632273,-0.5472837,0.11658744,0.0,-0.026455743,0.0,-0.6022095,0.0,-0.28891167,0.0,-0.17993677,0.0,-0.39444786,0.0,-0.3776753,-0.022095965,-1.7818203,-0.21837366,-1.1171283,0.35702294,-0.05246794,-0.13868807,"Contract_Two year, tenure, PaymentMethod_Electronic check",0.0006917587
-0.16447814,-0.038932998,0.041830476,-0.3071968,-0.035769954,0.030776093,0.11316326,0.0899135,0.7052517,0.6399662,0.0099704275,-0.07106095,0.12950261,0.0,0.34167022,0.30800197,-0.0010217831,0.0,-0.057097346,0.0,-0.33416376,0.0,-0.37172213,0.0,-0.14917305,0.0,-0.692562,0.0,0.76687014,0.06654574,0.13557237,-0.20964013,0.7715003,-0.12835905,0.04440004,-0.068003856,"PaymentMethod_Electronic check, StreamingMovies_Yes, num_services",0.8259118
0.03095007,0.09877408,0.06565423,0.008155948,-0.031461887,0.103368975,0.4670424,-0.1950834,-0.6015431,0.9399775,0.008465309,-0.27384588,0.024910076,0.0,0.20075446,0.4247872,-0.001002092,0.0,-0.11153115,0.0,0.7957543,0.0,-0.6624284,0.0,-0.086935245,0.0,0.81327474,0.0,0.81326693,0.10238567,0.1842135,-0.14082317,-0.71797997,-0.06810327,0.0141054,-0.08522301,"charge_per_service, StreamingTV_Yes, StreamingMovies_Yes",0.89197296
-0.025647737,-0.2183062,-0.14224926,-1.6758127,-0.048100147,-0.084104836,0.18047531,-0.6115258,0.5350226,-1.5686185,0.0059905457,-0.18979709,-0.030432813,0.0,-0.38096535,-0.36444825,0.12035155,0.0,-0.12296352,0.0,-0.3185977,0.0,-0.1718069,0.0,-0.23446484,0.0,-0.3360817,0.0,-0.4070661,0.012489607,-1.1454173,0.1527036,-0.9923823,-0.20899567,-0.07045123,-0.13910079,"tenure, charge_per_service, Contract_Two year",0.00020564965
0.005381909,-0.20821431,-0.39982742,0.5065915,-0.1169863,0.05111217,0.7331611,0.49553642,0.8429864,-0.9502709,0.005020509,0.09092162,0.04815188,0.0,-0.36083367,-0.34226635,0.12745844,0.0,-0.060196027,0.0,-0.29122576,0.0,-0.14251722,0.0,-0.20689754,0.0,-0.18478547,0.0,-0.56249934,-0.46479785,-0.40174013,0.007276783,-0.5154693,-0.10788389,-0.067495115,-0.16172765,"charge_per_service, num_services, MonthlyCharges",0.066554435
0.008766128,0.09898665,0.057597708,-0.0007558025,-0.06096838,0.004914899,0.2428432,0.30997813,0.87732863,0.98213005,-0.023553269,-0.008189191,0.060285866,0.0,-0.24509597,-0.24260403,-0.0047808792,0.0,-0.117506444,0.0,-0.47247514,0.0,-0.43062392,0.0,-0.1291564,0.0,-0.3936064,0.0,-0.40484828,0.11397704,0.20093125,-0.16638888,-1.0318283,0.4283151,-0.06699278,0.17659949,"PaymentMethod_Electronic check, charge_per_service, num_services",0.43891984
-0.050651945,0.109367885,0.05374476,0.98341894,-0.19059777,-0.1164173,0.009767454,0.03834402,0.98956823,-0.18034886,-0.012719367,-0.17508216,-0.022286922,0.0,-0.06521015,-0.34135017,-0.003872989,0.0,-0.15099604,0.0,-0.23230886,0.0,-0.5075026,0.0,-0.09395927,0.0,-0.38555738,0.0,-0.5826503,0.104191214,0.14018516,-0.15967664,0.8275507,-0.23444065,-0.06251562,0.13133237,"num_services, tenure, PaymentMethod_Electronic check",0.4527659
0.007650928,-0.24518482,-0.3090048,0.55195403,-0.04768072,0.18081245,0.3754602,0.6146161,-0.16777796,-1.1753612,-0.100414164,-0.20327353,-0.052245278,0.0,-0.17169322,-0.22685948,-0.003754935,0.0,-0.039879236,0.0,0.5673887,0.0,1.0931926,0.0,-0.09720958,0.0,-0.5563289,0.0,-0.33552694,0.19531997,0.28197697,-0.13462712,-0.9231935,0.48803955,0.018141104,0.17835468,"charge_per_service, DeviceProtection_Yes, PaymentMethod_Electronic check",0.43882433
-0.013392005,0.062516615,-0.39503807,0.66199505,-0.16056222,-0.062411085,0.46177113,-0.24130686,0.68943745,-1.8408655,-0.013782453,0.106076404,-0.043493036,0.0,-0.38442135,-0.38268963,0.11545408,0.0,-0.08986628,0.0,-0.36224386,0.0,-0.36787203,0.0,-0.15054385,0.0,-0.31290847,0.0,-0.5002655,0.14041889,0.2447723,-0.1465278,0.69002324,-0.26176372,-0.09454502,0.1008254,"charge_per_service, PaymentMethod_Electronic check, num_services",0.07175518
-0.06259872,-0.07526552,0.052928958,-0.31224003,-0.023256049,0.10642532,0.8937132,-0.020897092,0.8918505,0.91245186,0.0099704275,-0.093289606,0.039619084,0.0,0.41446993,0.47245958,-0.0010217831,0.0,-0.028392846,0.0,-0.20208415,0.0,-0.27118263,0.0,-0.058363225,0.0,-0.45966712,0.0,0.71353215,0.11017138,0.19687262,0.8202135,-1.0480201,-0.11222352,0.058247797,-0.09197295,"PaymentMethod_Electronic check, charge_per_service, MonthlyCharges",0.94393915
-0.016174342,0.040960703,-0.30220345,1.3025374,-0.05524332,-0.1094014,0.67691314,0.6762019,0.916869,-1.2550797,-0.016139569,0.08971141,-0.062105708,0.0,-0.29476324,-0.3416851,0.107984215,0.0,-0.08555287,0.0,-0.3249372,0.0,-0.30694216,0.0,-0.11542595,0.0,-0.41929516,0.0,-0.36092436,0.23401274,0.37744942,-0.14059326,-0.76229346,0.48470306,-0.051619828,0.24400158,"tenure, charge_per_service, num_services",0.5304966
0.001970011,0.11341719,0.0036487037,-1.0316633,-0.10376901,-0.023388209,0.698963,0.5132365,0.93202823,-0.7447884,0.006870647,0.098196484,-0.022415003,0.0,-0.4249748,-0.41870403,0.12745844,0.0,-0.16167748,0.0,-0.24980389,0.0,-0.22346142,0.0,-0.1875299,0.0,-0.3448009,0.0,-0.39885536,0.19249782,0.28576943,-0.1430763,-1.0982533,0.5410752,0.35435745,-0.15532233,"PaymentMethod_Electronic check, tenure, num_services",0.13333115
-0.000748373,0.11437593,0.049580693,-0.83624166,-0.10263211,-0.019944333,0.7814519,0.53604853,0.90493935,-1.0772465,0.0059006102,0.0985663,-0.0038249306,0.0,-0.42138913,-0.42902693,0.12745844,0.0,-0.09421455,0.0,-0.28101805,0.0,-0.21560182,0.0,-0.20099439,0.0,-0.3305386,0.0,-0.45764872,0.15520288,0.28256142,-0.18188646,-1.051315,0.533463,0.32934502,-0.15567276,"charge_per_service, PaymentMethod_Electronic check, num_services",0.12456681
-0.011908036,-0.2203222,-0.40636846,-0.95960534,-0.08655984,0.0036666142,0.19120379,-0.10288342,0.604901,-1.2199892,0.0058998372,0.13650374,-0.03898804,0.0,0.28467983,-0.6491495,0.11658744,0.0,-0.11709197,0.0,-0.32124203,0.0,-0.28839898,0.0,-0.18735914,0.0,-0.23597103,0.0,-0.32386735,-0.023126945,-1.5487101,0.7342371,-1.0545996,-0.21186282,-0.071350686,-0.11615975,"Contract_Two year, charge_per_service, PaymentMethod_Electronic check",0.0021791002
-0.076960124,0.09327665,0.07009203,-0.29851392,-0.042190127,0.071832284,0.22096573,-0.27772328,-0.33471683,0.54262733,0.0061388975,-0.14523056,0.058662716,0.0,-0.5116533,0.34636065,-0.0021557235,0.0,-0.14869148,0.0,-0.44976076,0.0,-0.3923944,0.0,-0.09932829,0.0,0.52353305,0.0,0.6611104,0.09816251,0.14455485,-0.15692116,0.7245809,-0.16716114,0.04249891,-0.042976785,"PaymentMethod_Electronic check, StreamingMovies_Yes, charge_per_service",0.6104471
0.008847088,-0.13557279,-0.32573697,-0.62062,-0.030872382,0.032303233,-0.17035624,-0.107312344,-0.86525476,-0.4702198,0.02799312,0.22964548,0.06886763,0.0,-0.5041211,0.18857408,-0.0010275379,0.0,0.38606143,0.0,0.41085178,0.0,0.3644793,0.0,-0.24899457,0.0,-1.1974775,0.0,0.21250665,-0.20618878,-0.10475613,-0.14637975,0.5200412,-0.13630843,-0.0053391247,-0.043438427,"StreamingTV_Yes, num_services, tenure",0.05322001
-0.11664526,-0.16203277,0.02193168,-1.7225964,-0.05154704,-0.044557717,-0.06474694,-0.70354956,-0.6076618,-0.5748319,0.009963166,0.26079977,0.0414129,0.0,0.17680602,0.29286984,-0.0012690211,0.0,0.28647292,0.0,0.549972,0.0,0.5135216,0.0,0.27584127,0.0,-0.9812014,0.0,-0.50698996,0.19858286,0.18295814,0.8924733,-1.0691465,-0.07279142,0.013071827,-0.09635163,"tenure, PaymentMethod_Electronic check, StreamingTV_Yes",0.044443745
-0.12545556,0.06644308,0.11129541,1.2255961,-0.04036876,0.07297972,0.5593651,0.27761397,0.70994896,1.0167817,-0.023289818,-0.09749111,-0.20387222,0.0,0.30973393,0.32700393,-0.0013092102,0.0,-0.07481855,0.0,-0.4037943,0.0,-0.29083154,0.0,-0.0463143,0.0,-0.32950228,0.0,0.60714144,0.096493855,0.1362431,-0.14888988,0.62691855,-0.1808553,-0.058209926,0.0991257,"tenure, charge_per_service, num_services",0.9853543
-0.015561773,0.13507807,0.0465615,-1.5258853,-0.16518685,-0.11704896,0.30657536,-0.90717065,0.70133585,-0.69110453,0.006870647,0.034091864,-0.05519097,0.0,0.139448,-0.51138157,0.11658744,0.0,-0.07783505,0.0,-0.6442654,0.0,-0.23306912,0.0,-0.21599346,0.0,-0.39954463,0.0,-0.42156446,-0.019832913,-1.2584157,-0.22935238,-1.1671978,0.3695351,-0.07219232,-0.12933382,"tenure, Contract_Two year, PaymentMethod_Electronic check",0.0009021118
0.04225729,0.060100842,0.040715903,0.90819436,-0.050356917,0.024102869,0.28677252,-0.62922454,0.33472484,0.96458274,-0.041324064,-0.071405075,0.006274806,0.0,-0.39879957,0.24393333,-0.0038372967,0.0,-0.07376671,0.0,-0.6171083,0.0,0.98157156,0.0,-0.18801695,0.0,-0.69058365,0.0,-0.5175539,0.13836952,0.2085144,0.42523938,-0.85232985,-0.13749032,-0.0083393175,0.21363494,"DeviceProtection_Yes, charge_per_service, tenure",0.643371
-0.01656618,-0.026720988,-0.23946007,0.07778844,-0.021229664,-0.1250791,0.38767356,-0.050781447,0.23119874,0.59262204,0.004767221,0.17868584,0.06568613,0.0,-0.22461794,0.3474898,-0.0047808792,0.0,0.720223,0.0,-0.49227235,0.0,-0.2840081,0.0,-0.10872072,0.0,-0.6401847,0.0,-0.6363592,0.18473236,0.21495369,-0.108936764,-0.68787855,-0.040860843,0.01966883,-0.099771075,"OnlineSecurity_Yes, PaymentMethod_Electronic check, StreamingTV_Yes",0.31183258
-0.0076607806,-0.2193556,-0.42228222,0.037129253,-0.08913783,-0.07313415,0.2878852,-0.035628323,0.88250613,-1.1042839,0.0059905457,0.13704443,0.0028203775,0.0,0.28319484,-0.6451032,0.11658744,0.0,-0.18153861,0.0,-0.3736128,0.0,-0.20128627,0.0,-0.18210442,0.0,-0.24967994,0.0,-0.35802415,-0.029405737,-0.9597824,0.6907265,-1.0690858,-0.21900658,0.11953903,-0.1621038,"charge_per_service, PaymentMethod_Electronic check, Contract_Two year",0.0175048
0.013765844,0.17667691,0.035538085,-0.18378961,-0.12388629,-0.03779994,-0.09615058,-0.7886308,-0.95492554,-1.0303292,0.01529416,0.15329894,0.25843903,0.0,-0.32162705,-0.54347163,-0.0013311765,0.0,-0.11287719,0.0,0.73735213,0.0,-0.46959606,0.0,0.13936515,0.0,0.20686704,0.0,0.80253714,0.24171874,-0.27582097,-0.11069009,-0.5356656,-0.08435401,-0.001293881,-0.120276675,"charge_per_service, num_services, StreamingMovies_Yes",0.046508804
0.0075600063,-0.30074617,0.10447107,1.2866201,0.36895603,-0.050413672,0.17358269,0.7870708,1.6066926,0.081278175,-0.018300598,-0.03773294,-0.019397445,0.0,-0.11720528,-0.3418339,-0.003468973,0.0,-0.07656737,0.0,-0.11076369,0.0,-0.3864904,0.0,-0.048786666,0.0,-0.40135688,0.0,1.1722236,0.07184206,0.15827082,-0.14811818,0.7513877,-0.16110861,-0.042674,0.13186578,"num_services, tenure, StreamingMovies_Yes",0.98820287
-0.0052736513,0.11352521,0.014091739,0.71679723,-0.039293226,0.091076605,0.2422154,0.09408141,0.41014615,0.5651797,-0.036445778,-0.057662286,-0.1988631,0.0,-0.35120618,0.20533076,-0.0038372967,0.0,-0.06819695,0.0,-0.3692102,0.0,0.8997932,0.0,-0.18817925,0.0,-0.74901,0.0,-0.63820225,0.09772118,0.14282745,-0.11982945,0.529039,-0.18566531,-0.0056088665,0.109190084,"DeviceProtection_Yes, StreamingTV_Yes, tenure",0.769538
-0.03466209,0.054565493,0.06434156,0.670811,-0.030792836,0.12016076,-1.2891198,0.42639875,-1.4161435,0.17823316,-0.09662612,-0.18201311,-0.10989628,0.0,0.23304191,0.21337152,-0.0013676281,0.0,-0.058742132,0.0,0.16596122,0.0,1.6391143,0.0,-0.21796496,0.0,0.47668564,0.0,0.4715678,0.11958121,0.16979839,-0.036774285,-0.5078243,-0.10718575,-0.03271825,0.15102765,"DeviceProtection_Yes, num_services, MonthlyCharges",0.7357512
-0.11634473,-0.21946546,-0.3072418,-1.5059737,-0.06173569,-0.06463493,0.0062659285,-0.26349172,-0.3211295,-0.23581427,0.0074684927,-0.057923537,-0.10185985,0.0,0.088758685,-0.38603726,-0.00087959017,0.0,0.35627162,0.0,0.24217486,0.0,-0.39845845,0.0,0.53111804,0.0,-0.5862982,0.0,-0.3427707,-0.003944044,-0.6482008,1.0033778,-1.125299,-0.07988856,0.019000761,-0.08918106,"tenure, PaymentMethod_Electronic check, PaymentMethod_Credit card (automatic)",0.009276388
0.019546855,0.117061466,0.10607705,-0.21960233,0.3309223,0.0077713937,0.4298051,0.37820262,0.97507656,0.6113685,0.00690753,-0.06281214,-0.2649246,0.0,-0.311913,-0.1999575,-0.012569474,0.0,-0.060929608,0.0,-0.4753355,0.0,-0.3159469,0.0,-0.22112453,0.0,-0.3795969,0.0,-0.5173799,0.0728426,0.14076288,-0.16145487,0.90701735,-0.13701421,-0.015114227,-0.15981498,"num_services, PaymentMethod_Electronic check, charge_per_service",0.6408475
0.020248212,-0.46852326,-0.30493286,-0.43058532,-0.041078314,0.08731855,-0.44510505,-0.17967115,-0.83962065,0.32402173,0.012446381,0.35291207,-0.0012783115,0.0,-0.42509905,0.23041685,-0.0019305871,0.0,-0.20069464,0.0,0.41796938,0.0,-0.76561624,0.0,0.14808302,0.0,0.6186616,0.0,-0.86060613,-0.0009375408,-0.028268382,-0.19657916,0.8451756,-0.17452529,0.038934022,-0.05954337,"StreamingMovies_Yes, PaymentMethod_Electronic check, num_services",0.08808587
-0.07538212,0.080473565,0.025104916,-0.3184017,-0.033329934,0.090677336,0.41943365,0.012141517,-0.07249124,0.7066674,0.006550411,-0.102834225,0.08004393,0.0,0.32248583,0.43676135,-0.0010381518,0.0,-0.14572237,0.0,-0.5328591,0.0,-0.3791672,0.0,-0.08947181,0.0,0.65138775,0.0,0.6615347,0.1347199,0.15761507,-0.0691182,-0.72539085,-0.089282356,-0.0066115293,-0.08310493,"PaymentMethod_Electronic check, charge_per_service, StreamingMovies_Yes",0.7412672
0.02030799,-0.12084815,0.035789292,1.4045378,-0.029067969,-0.15144013,0.15361875,0.57178247,0.53824747,0.6430034,-0.012577599,-0.059988614,0.006558711,0.0,-0.17945749,0.3629304,-0.00367841,0.0,-0.1115935,0.0,-0.36267272,0.0,0.8121395,0.0,-0.06102844,0.0,-0.6556233,0.0,-0.5231886,0.18136533,0.21600349,0.29020014,-0.74957913,-0.20195459,-0.0047912584,0.22847512,"tenure, DeviceProtection_Yes, PaymentMethod_Electronic check",0.9027925
-0.124394424,-0.13345747,-0.3059022,-0.2572834,-0.019771973,0.03305807,-0.8442151,-0.2454339,-1.2500222,0.23511717,0.006197011,0.19615903,-0.17683798,0.0,0.15391871,0.32417542,-0.001002092,0.0,0.19199993,0.0,0.5252199,0.0,-0.7828659,0.0,-0.1931309,0.0,0.4688856,0.0,0.47504497,0.12419687,0.15931018,0.69849837,-0.83656865,-0.10362144,-0.004174443,-0.07167573,"num_services, MonthlyCharges, PaymentMethod_Electronic check",0.1458655
-0.011445715,-0.15882148,-0.17382923,-0.84978217,-0.05981061,-0.023675047,0.54793954,-0.12661225,0.6115853,-1.0536642,0.005020509,0.08057076,-0.03701612,0.0,-0.4644326,-0.577284,0.12035155,0.0,-0.12304404,0.0,-0.17615838,0.0,-0.24715705,0.0,-0.1992584,0.0,-0.32871923,0.0,-0.3017101,0.013614801,-1.9741117,-0.12232063,-0.9080489,0.38877594,-0.014245898,-0.12231175,"Contract_Two year, charge_per_service, PaymentMethod_Electronic check",0.0018431637
-0.14901716,0.06673333,0.016781796,-1.0062323,-0.03824254,0.041699834,-0.10904319,-1.4166462,-0.63331884,0.37826863,0.041017916,-0.31191534,-0.05173345,0.0,0.23331177,0.21499582,-0.00083869125,0.0,-0.14897256,0.0,0.4524466,0.0,0.43354428,0.0,-0.21747923,0.0,-1.2402961,0.0,0.45091325,-0.0008928329,0.102276035,-0.18457356,0.6194521,-0.12468418,-0.011893351,-0.04018745,"TotalCharges, StreamingTV_Yes, tenure",0.06639997
0.032566745,0.07049619,0.050085448,0.28402236,-0.037549593,0.034016848,0.19239737,-0.023923142,0.23281248,0.97128063,-0.016734418,-0.13444331,-0.0040142364,0.0,-0.3125087,0.36775875,-0.0038033887,0.0,-0.0186352,0.0,-0.47244045,0.0,-0.23999493,0.0,-0.13422771,0.0,0.8112633,0.0,-0.50220394,0.15295058,0.21369709,0.4783204,-0.9549652,-0.1321135,-0.046800278,0.17719363,"charge_per_service, PaymentMethod_Electronic check, StreamingTV_Yes",0.7360769
-0.054302726,-0.11377768,-0.48900163,-2.0587828,-0.049379837,0.07467975,-1.407002,-0.29997802,-1.7401533,-0.691645,0.012789493,-0.03790318,-0.0535846,0.0,0.15159139,0.22309239,-0.00077185105,0.0,0.33546206,0.0,0.30484697,0.0,0.6876562,0.0,0.650452,0.0,0.47823477,0.0,0.5410199,-0.08535994,-1.7256626,-0.09224887,-0.57823324,-0.037646294,0.009013789,-0.07035846,"tenure, num_services, Contract_Two year",0.0021810087
0.01699919,0.15174514,0.09560995,-0.024266956,0.3015543,-0.117246516,0.33917168,0.114581145,0.8772755,0.29721257,0.004375566,-0.06957943,-0.10058037,0.0,-0.28083664,-0.3125245,-0.012569474,0.0,-0.1551838,0.0,-0.25259975,0.0,-0.25628155,0.0,-0.14180996,0.0,-0.50234205,0.0,-0.56095237,0.111748986,0.18046094,0.622643,-1.1521878,-0.15014043,-0.10308855,-0.115154974,"PaymentMethod_Electronic check, num_services, PaymentMethod_Credit card (automatic)",0.23097861
-0.0074146087,-0.15463112,-0.0051268316,-1.0732936,-0.07805428,-0.03269539,0.55774057,-0.15343215,0.7303108,-1.2638912,0.0059905457,0.088262506,0.016068945,0.0,-0.46873665,-0.49781373,0.12035155,0.0,-0.18629791,0.0,-0.20775016,0.0,-0.18512341,0.0,-0.18867333,0.0,-0.3533801,0.0,-0.27908012,-0.03475042,-1.9144459,-0.11888093,-1.0694741,0.3885221,-0.031780094,-0.12296688,"Contract_Two year, charge_per_service, tenure",0.0014579396
0.04888,0.08705528,0.084309444,-0.20596135,-0.03758441,0.07466012,0.5038611,-0.9192678,-0.60585004,0.84646076,0.006812457,-0.25469577,-0.20842053,0.0,0.27230465,0.33240044,-0.001002092,0.0,-0.017053984,0.0,0.65014637,0.0,-0.7389909,0.0,-0.0933014,0.0,0.7064596,0.0,0.775879,0.08695805,0.11881416,-0.19431546,0.7352766,-0.14684711,0.029842895,-0.041863836,"TotalCharges, charge_per_service, StreamingMovies_Yes",0.8683148
0.042602792,-0.29245058,0.058090586,0.0029850192,-0.059136055,-0.018886419,0.16080154,-0.25739008,0.8711436,0.7974936,-0.01659362,-0.08394389,0.14696488,0.0,-0.4277872,0.3190023,-0.004681011,0.0,-0.104214676,0.0,-0.6712365,0.0,-0.24778679,0.0,-0.17510802,0.0,-0.6241966,0.0,-0.48212335,0.07284017,0.14882776,-0.14339347,0.7554197,-0.14953063,-0.18614805,0.12679708,"num_services, charge_per_service, PaymentMethod_Electronic check",0.38925034
0.05845157,0.07684972,0.08136682,-0.45562157,-0.0319468,-0.28235167,-0.16112791,0.36671695,-0.07483262,1.2822592,0.0035540366,-0.037724793,-0.21395099,0.0,0.2980905,0.42661592,-0.0010381518,0.0,-0.1359903,0.0,-0.60732436,0.0,-0.2626109,0.0,-0.12941436,0.0,0.8673097,0.0,0.646488,0.13217478,0.18834518,-0.06649668,-0.7434589,-0.054803986,0.03811819,-0.084075466,"charge_per_service, StreamingTV_Yes, PaymentMethod_Electronic check",0.75301254
-0.08460603,-0.26549917,-0.32590505,-1.5953535,0.26799414,0.19698586,0.23834717,-0.1291947,0.015199214,-2.2644424,0.014732954,-0.14529343,-0.039676253,0.0,-0.41503426,-0.28450578,-0.0016044981,0.0,0.69384205,0.0,0.25415584,0.0,0.47176373,0.0,0.40808263,0.0,-0.60896045,0.0,-0.3729249,-0.06085694,-0.93026274,0.7565574,-1.0991515,-0.064730085,0.013157673,-0.11114954,"charge_per_service, tenure, PaymentMethod_Electronic check",0.004163778
0.20840356,0.07418592,0.054442942,1.3084922,0.22890414,-0.07058628,0.06718995,0.4848606,1.088934,0.37271374,-0.009353684,-0.07021284,-0.028172703,0.0,-0.15199706,-0.32383814,-0.0057204627,0.0,-0.05895084,0.0,-0.24421728,0.0,-0.30794975,0.0,-0.09245854,0.0,-0.45113647,0.0,-0.5211603,0.18560576,0.21820332,-0.14466794,-0.88082784,0.44009843,-0.045584537,0.21247017,"tenure, num_services, PaymentMethod_Electronic check",0.82183695
0.008765629,0.012408711,0.013001941,1.0321262,-0.04984975,0.07834888,-0.18498784,0.82516724,-0.9702442,0.39376575,-0.07753899,0.12283314,-0.27776495,0.0,-0.527736,0.22642945,-0.0015858074,0.0,-0.23110032,0.0,-0.42806482,0.0,1.0373615,0.0,0.3038562,0.0,-1.1675528,0.0,0.4367166,0.030145083,0.13231209,-0.12230469,0.6270437,-0.16462378,-0.043648988,0.100632556,"StreamingTV_Yes, DeviceProtection_Yes, tenure",0.7549306
0.023036692,0.09208905,0.020037938,0.89852905,-0.049740393,0.0088870805,0.14328021,0.17365614,0.84233004,1.0945514,-0.011716567,-0.09025366,-0.055476606,0.0,-0.33587322,0.25048834,-0.0038033887,0.0,-0.032976247,0.0,-0.42739263,0.0,-0.35100913,0.0,-0.19015038,0.0,-0.504008,0.0,-0.5284627,0.16074091,0.19664945,-0.07822213,-0.48650333,-0.09623313,-0.07167877,0.28025085,"charge_per_service, tenure, num_services",0.7031201
-0.093878075,-0.22537282,0.01943967,-0.06555737,-0.033992276,0.16472767,0.20600055,0.087058075,0.35471737,0.95464265,0.009176792,-0.26591256,0.024989717,0.0,-0.20496334,0.3715019,-0.0041142073,0.0,-0.13081133,0.0,0.8912428,0.0,-0.32840896,0.0,-0.026818933,0.0,-0.66395277,0.0,-0.6738473,0.17721735,0.21643642,0.6206312,-1.0974878,-0.12318163,0.026405703,-0.07080406,"PaymentMethod_Electronic check, charge_per_service, OnlineBackup_Yes",0.52653956
-0.011362926,0.13501242,0.10342089,0.1010021,-0.03612678,-0.18421489,-0.51448643,0.30734804,-1.6334553,-0.6553725,0.01529416,0.093629755,0.16625343,0.0,0.2612146,0.24836612,-0.00077185105,0.0,0.26093134,0.0,0.64012426,0.0,0.5307961,0.0,0.5664789,0.0,0.4979308,0.0,0.5052855,-0.024595797,-0.9328377,0.5559169,-0.86117905,-0.07021526,-0.0017409172,-0.064669184,"num_services, Contract_Two year, PaymentMethod_Electronic check",0.4972875
0.050677665,0.1095723,-0.070529714,-0.3006621,-0.061101187,0.0014519304,0.45507938,-0.57253236,0.85899156,0.74140996,0.0073190443,-0.082333826,-0.118476264,0.0,-0.29150423,0.30508283,-0.0020027878,0.0,-0.08021273,0.0,-0.60178465,0.0,-0.28197408,0.0,-0.14103124,0.0,-0.5945153,0.0,-0.729104,-0.756484,-0.14574188,-0.14240535,-0.93969434,-0.07037563,-0.06513363,-0.112453125,"PaymentMethod_Electronic check, num_services, Contract_One year",0.0255984
-0.024652975,-0.11368348,0.1204473,-1.9414953,-0.039072316,0.081593424,-1.3377094,-0.32828674,-1.7146056,-0.58151,0.012789493,0.0072785304,-0.018294876,0.0,0.16502318,0.15851042,-0.00077185105,0.0,0.34139204,0.0,0.3197449,0.0,0.670353,0.0,0.6839179,0.0,0.49831727,0.0,0.52038616,-0.15741126,-1.825544,0.56067044,-1.0753675,-0.061106514,0.007888123,-0.093097985,"tenure, Contract_Two year, num_services",0.0056348825
-0.025205383,-0.15264395,-0.29274043,0.40591943,-0.031069148,0.0016734547,0.07957722,0.1818766,0.08859625,0.49316815,-0.01852741,0.14687233,-0.15345234,0.0,-0.20229056,-0.29548115,-0.004310016,0.0,0.37861618,0.0,-0.3465049,0.0,-0.49706385,0.0,-0.18325204,0.0,-0.5685596,0.0,-0.2987239,0.08444075,0.19693178,-0.24543092,-0.89140356,0.2168178,-0.008589627,0.22440009,"PaymentMethod_Electronic check, StreamingTV_Yes, DeviceProtection_Yes",0.15120439
-0.08170099,-0.13651688,0.0408726,-0.3901785,-0.026230317,0.10398658,0.033359267,-0.100162655,-0.63549113,0.76135564,0.004717724,-0.11532495,0.061004367,0.0,0.35969007,0.3777384,-0.000874751,0.0,-0.1462548,0.0,-0.5038254,0.0,0.58763385,0.0,-0.12757896,0.0,0.6252633,0.0,0.90371555,0.12555863,0.16509488,0.502804,-0.97646964,-0.11495728,-0.012619308,-0.07825688,"PaymentMethod_Electronic check, StreamingMovies_Yes, charge_per_service",0.7680843
0.024717417,0.116462685,0.019672127,1.353543,-0.050760593,-0.040771123,0.34635255,1.0303005,0.94056123,1.4556669,-0.010491843,-0.06604502,-0.14018844,0.0,-0.068543576,0.43172467,-0.0033663616,0.0,-0.04717358,0.0,-0.43789774,0.0,-0.2971727,0.0,-0.08457518,0.0,-0.371356,0.0,-0.4256916,0.104978815,0.15239269,-0.12448099,0.7178722,-0.21152507,-0.080021285,0.13374376,"charge_per_service, tenure, TotalCharges",0.9873717
0.01102593,0.07825764,0.040624674,0.016710106,-0.029320614,0.09030233,0.3104009,-0.3316372,0.2543958,0.3367218,0.022370258,0.17058061,0.11857561,0.0,0.12555407,-0.49723312,-0.004282714,0.0,0.6080603,0.0,-0.5414993,0.0,-0.2485362,0.0,-0.13360606,0.0,-0.56787354,0.0,-0.607659,0.062066488,0.19018282,-0.16189209,-0.9008185,-0.06394001,0.03491901,-0.11886059,"PaymentMethod_Electronic check, OnlineSecurity_Yes, StreamingMovies_Yes",0.14864902
-0.008589268,-0.250365,-0.5057209,-0.59075326,-0.092182316,-0.15108539,0.54242843,0.37979093,0.923913,-0.5916906,0.0059905457,0.11859307,0.01114133,0.0,0.35888168,-0.58961344,0.11658744,0.0,-0.1269547,0.0,-0.40520513,0.0,-0.17964739,0.0,-0.2076243,0.0,-0.11879544,0.0,-0.45339957,-0.011866834,-0.82319254,0.7006154,-1.0650374,-0.21179576,0.18638918,-0.15335366,"PaymentMethod_Electronic check, num_services, Contract_Two year",0.03911429
-0.038240407,-0.18074737,0.041853715,-0.41273108,-0.039380573,0.09102282,-0.48238248,-0.13607971,-0.7484863,0.57403874,0.02799312,-0.3127159,-0.1455603,0.0,0.1999376,0.2713424,-0.00083869125,0.0,-0.18299459,0.0,0.64675057,0.0,0.7238899,0.0,-0.08553301,0.0,-1.1342467,0.0,0.5599838,0.11377619,0.10836504,-0.14765479,0.6927032,-0.13350926,0.033364676,-0.0398563,"StreamingTV_Yes, num_services, DeviceProtection_Yes",0.46387234
-0.021865077,-0.1923777,-0.22073363,-0.61089605,-0.06352709,-0.08017618,0.6601289,0.5137857,0.83644885,-1.0708061,0.0059905457,0.07792157,0.018181352,0.0,-0.45838392,-0.5623275,0.12035155,0.0,-0.13627146,0.0,-0.2527435,0.0,-0.15283671,0.0,-0.20080642,0.0,-0.37199068,0.0,-0.35674015,0.012393165,-1.5448942,-0.118995026,-0.9172015,0.444696,0.4049407,-0.15977632,"Contract_Two year, charge_per_service, PaymentMethod_Electronic check",0.012040823
0.031582445,0.036151957,0.0959851,-0.28727996,-0.04935546,-0.003295722,0.08218239,-0.28629103,0.3799723,0.6620722,0.022995224,-0.07711388,0.10349268,0.0,-0.5370317,0.32206133,-0.0021188702,0.0,-0.046784434,0.0,-0.63515353,0.0,-0.3545686,0.0,-0.10760002,0.0,-0.73793066,0.0,0.5595055,0.042093184,0.14390548,-0.16596983,0.75769395,-0.18697904,0.043036427,-0.1361599,"PaymentMethod_Electronic check, StreamingTV_Yes, charge_per_service",0.41587538
0.011552081,0.106483504,0.11593242,0.64312893,-0.20032248,-0.07271628,-0.13001025,-0.016164206,-0.83833706,-1.3531972,-0.020318355,0.16616918,-0.16270855,0.0,-0.41503635,-0.4645752,-0.0020585267,0.0,-0.18134078,0.0,-0.5431164,0.0,-0.3381652,0.0,0.21176718,0.0,0.56933314,0.0,0.4561656,0.030151192,0.21465333,-0.21688212,0.62161225,-0.22527224,-0.043193597,0.091771945,"charge_per_service, num_services, tenure",0.119884856
-0.0048844675,-0.17467186,-0.51203215,-0.61870956,-0.25207484,-0.021671621,0.2753566,1.0539451,0.6932999,-1.0656321,0.0058998372,0.22357665,-0.19841917,0.0,0.22388662,-0.5671621,0.11894358,0.0,-0.11542837,0.0,-0.28263235,0.0,-0.3422304,0.0,-0.19409357,0.0,-0.49466953,0.0,-0.35076737,0.08251284,0.070475675,-0.27090472,0.626684,-0.16934335,-0.027857088,-0.08286534,"charge_per_service, TotalCharges, num_services",0.084687546
-0.05670545,0.118669204,0.014744607,-1.125555,-0.028794406,0.02587032,-0.54661846,-1.2519561,-0.84354067,-0.1423752,0.022987962,0.13244803,0.07864637,0.0,0.1266288,0.26783553,-0.0014324219,0.0,0.25143772,0.0,0.60519356,0.0,-0.5501272,0.0,0.25906807,0.0,-0.7908617,0.0,-0.7700055,0.15593396,0.10267894,-0.19898957,-0.67523754,-0.035433985,0.014327819,-0.098791316,"TotalCharges, tenure, num_services",0.007042109
-0.016173271,-0.2126087,-0.24471167,-1.4338303,-0.057020143,-0.022824803,0.60125506,-0.9202445,0.443696,-0.03660721,0.009963166,-0.15095957,-0.0653916,0.0,0.08959108,-0.30627918,-0.0014324219,0.0,-0.06221468,0.0,0.6077517,0.0,-0.37198994,0.0,-0.0789178,0.0,-0.73092115,0.0,-0.92638534,-0.39678308,-0.16540831,-0.14527816,-0.75285697,-0.051781062,-0.0006455538,-0.14102058,"tenure, StreamingMovies_Yes, TotalCharges",0.003876816
-0.028332522,0.044667434,0.043983232,-0.09835197,-0.023885693,0.11035989,-0.2228301,-0.6540424,-0.17498866,0.18344803,0.032274168,-0.11146997,-0.24232249,0.0,0.44869223,0.4128311,-0.0014941575,0.0,-0.1349783,0.0,-0.60884446,0.0,0.7468341,0.0,-0.11550115,0.0,-1.0298682,0.0,0.88489157,0.11639582,0.2054372,0.49377593,-0.9283692,-0.09354437,0.052229486,-0.09682106,"StreamingTV_Yes, PaymentMethod_Electronic check, StreamingMovies_Yes",0.31031415
-0.079573326,-0.04953818,-0.12969525,-0.48168233,-0.07584067,-0.066210374,-0.19514254,-0.66531825,-1.1733289,-1.4495877,0.005579306,0.061652847,0.008488431,0.0,0.28988162,-0.4551631,-0.00062040717,0.0,0.37817746,0.0,-0.3207284,0.0,0.5199964,0.0,0.2815187,0.0,0.0839741,0.0,0.45002946,-0.093863934,-1.4722735,-0.12943536,-0.70143145,-0.07848386,0.011620229,-0.11256906,"Contract_Two year, charge_per_service, num_services",0.0035107858
-0.102692686,-0.28944662,-0.20346761,1.4431808,-0.043068904,0.014348928,0.45494843,1.1535424,0.8065084,1.3102366,-0.010491196,-0.09570712,-0.08708112,0.0,-0.10190434,0.3902178,-0.0033663616,0.0,-0.058365416,0.0,-0.4853807,0.0,-0.3280509,0.0,-0.083184,0.0,-0.27788737,0.0,-0.38936457,0.117175415,0.15228358,-0.12880746,0.5287037,-0.191097,-0.087427355,0.13349742,"tenure, charge_per_service, TotalCharges",0.9715025
0.07511861,0.10589745,0.04738192,0.34815377,-0.049617287,-0.13393158,0.5592349,0.06375433,0.12793298,1.6938174,-0.013811357,-0.08092496,0.06994669,0.0,-0.38447952,0.25380123,-0.0038033887,0.0,-0.060586557,0.0,-0.2539045,0.0,-0.37196258,0.0,-0.1328885,0.0,0.6771197,0.0,-0.55113244,0.056961615,0.1500543,-0.14820462,0.79707474,-0.16094875,-0.028059367,0.09745581,"charge_per_service, PaymentMethod_Electronic check, StreamingTV_Yes",0.93938166
-0.01103917,0.08454338,0.020743331,0.76565355,-0.1969243,0.088007145,0.013951035,-0.18608706,-0.29502425,-1.0305202,-0.022468165,0.10092811,0.031843055,0.0,-0.04954201,-0.23586774,-0.003872989,0.0,0.32012293,0.0,-0.50488937,0.0,-0.3327837,0.0,0.08262801,0.0,-0.51433015,0.0,-0.34847614,0.09276955,0.2003776,-0.265936,0.74634075,-0.17106715,-0.010173531,0.08661819,"charge_per_service, tenure, PaymentMethod_Electronic check",0.1746099
0.024532465,0.14230698,0.08088834,-0.08034752,-0.04302603,0.03470275,-0.26354623,0.10199048,-0.0352272,0.45715716,-0.027256664,-0.2693943,-0.04588661,0.0,0.36687773,-0.55428326,-0.0016575583,0.0,-0.13252556,0.0,-0.30483866,0.0,-0.4666608,0.0,-0.09769246,0.0,0.5545616,0.0,0.7194753,0.022456704,0.19090477,0.56128865,-1.0010481,-0.17300588,-0.048936374,0.15250157,"PaymentMethod_Electronic check, StreamingMovies_Yes, PaymentMethod_Credit card (automatic)",0.463934
0.015257085,0.038411874,0.028481245,0.17941295,-0.01614775,0.06921788,-0.19701128,-0.5224552,-0.60141563,0.58626395,0.005426865,0.19647418,0.006598428,0.0,-0.40998113,0.28234312,-0.0015629514,0.0,0.5982946,0.0,-0.5115405,0.0,0.6744378,0.0,-0.12032202,0.0,0.7489592,0.0,-0.8502365,0.22093707,0.20065974,-0.11086233,-0.75053734,-0.087867476,0.020987242,-0.123027384,"StreamingMovies_Yes, PaymentMethod_Electronic check, StreamingTV_Yes",0.391829
-0.0017505268,-0.16291372,0.050948218,-1.5622385,-0.026707722,0.06677495,0.46529126,-0.6041824,0.0035932595,0.5746658,0.0087459255,-0.1225743,-0.051540364,0.0,0.24810058,0.32436952,-0.0012690211,0.0,-0.116316244,0.0,0.7693077,0.0,0.64810455,0.0,-0.15644516,0.0,-0.7187546,0.0,-0.7274312,0.21482843,0.1715263,-0.07603225,-0.6019657,-0.057221875,0.061633795,-0.11877199,"tenure, OnlineBackup_Yes, StreamingMovies_Yes",0.18137613
-0.09219789,-0.17781015,0.023776714,-0.6792199,-0.03781473,0.101209655,-0.2860552,-0.36673778,-0.6324435,0.14073813,0.020728659,-0.32015476,0.059561945,0.0,0.33816794,0.30912122,-0.00083869125,0.0,-0.12556098,0.0,0.36433595,0.0,0.6735929,0.0,-0.12875667,0.0,-1.1156157,0.0,0.37013894,0.103221536,0.11416864,-0.20041828,0.56556994,-0.16035664,0.032532528,-0.040240847,"StreamingTV_Yes, tenure, DeviceProtection_Yes",0.23936138
0.016857803,0.08296137,-0.179034,1.5881042,-0.0388244,-0.08406479,0.38857743,0.31132475,0.92445725,0.5696207,-0.01061697,-0.03186691,0.0065277806,0.0,-0.11666838,-0.3027309,-0.003872989,0.0,-0.09393383,0.0,-0.25716123,0.0,-0.38144,0.0,-0.077251844,0.0,-0.39706,0.0,-0.5136088,0.17983347,0.22735897,-0.1642671,-0.7316696,0.38449442,-0.04954565,0.21922167,"tenure, num_services, PaymentMethod_Electronic check",0.8110575
-0.0044718166,0.077289626,0.06782062,-0.009801215,-0.13268726,-0.021328378,0.80447644,0.5963934,0.82596713,-1.3107468,-0.016183607,0.14583443,0.052175,0.0,-0.37577024,-0.2191848,0.11545408,0.0,-0.041058198,0.0,-0.24476528,0.0,-0.3131952,0.0,-0.19484466,0.0,-0.36007148,0.0,-0.4029307,0.18393251,0.34145904,-0.16554826,-1.1295458,0.49819764,-0.047362544,0.14131309,"charge_per_service, PaymentMethod_Electronic check, num_services",0.24085262
-0.0081194425,0.101354696,0.07472822,0.20696318,0.31047106,-0.08614572,0.16955058,-0.11690589,0.96549374,0.29281178,-0.011716567,-0.0374912,-0.11617199,0.0,-0.3546076,-0.19957359,-0.012098611,0.0,-0.06655636,0.0,-0.24352539,0.0,-0.40435416,0.0,-0.20417504,0.0,-0.5532973,0.0,-0.5185174,0.13487276,0.1773604,-0.065190285,-0.7491814,-0.15964767,-0.065858774,0.1834301,"num_services, PaymentMethod_Electronic check, StreamingTV_Yes",0.2034412
-0.053804874,-0.100282006,-0.13128097,-1.6602042,-0.05220489,-0.08179157,-0.113648176,-1.00131,-1.4119197,-1.4842016,0.0134614725,-0.09071033,0.048351582,0.0,0.16922426,-0.41893053,-0.0006027703,0.0,0.057272602,0.0,0.40170702,0.0,0.18100716,0.0,0.22257632,0.0,0.32854873,0.0,0.5817386,-0.06676763,-1.2358422,-0.22489344,-0.8950786,0.062480923,-0.023319978,-0.12003706,"tenure, charge_per_service, num_services",0.00081680657
0.05009305,-0.19376872,-0.018512502,-2.156412,-0.031980522,0.014207192,-0.4382273,-0.94562477,-0.9574692,-0.16130765,0.004609269,0.064322844,-0.114267044,0.0,-0.60245144,0.3149848,-0.0009146932,0.0,0.41698042,0.0,-0.4643763,0.0,0.72384256,0.0,-0.2871972,0.0,0.6379583,0.0,0.5787489,-0.07227772,-1.4297006,-0.1487713,-0.66539145,-0.057199657,-0.0032571345,-0.11081706,"tenure, Contract_Two year, num_services",0.0023219923
-0.00064865535,-0.114442565,0.06795679,-0.3000322,-0.16306992,-0.3165782,0.32196423,-0.4772622,-0.17882097,-0.66945136,0.005880751,0.11816002,0.037584763,0.0,-0.4058532,-0.44794223,-0.0043081595,0.0,-0.25905496,0.0,-0.55508065,0.0,0.2834495,0.0,0.51402307,0.0,-0.7532256,0.0,-0.40806445,0.096192256,0.1808064,-0.25612503,0.70064527,-0.17586558,-0.07923156,-0.049187135,"StreamingTV_Yes, PaymentMethod_Electronic check, charge_per_service",0.03569459
-0.018858267,0.1483336,0.06108236,-1.1658903,-0.0815263,-0.04881563,0.6227938,0.30028313,0.7284345,-1.6138794,0.006870647,0.08085949,-0.052137956,0.0,-0.43790868,-0.4374048,0.12035155,0.0,-0.14729324,0.0,-0.3274036,0.0,-0.21174882,0.0,-0.19417699,0.0,-0.37748656,0.0,-0.39376625,-0.016863083,-1.7537377,-0.15204139,-1.0550468,0.4177393,-0.057025168,-0.14612858,"Contract_Two year, charge_per_service, tenure",0.002002771
-0.02359211,-0.1551122,0.05759235,-1.0571237,-0.17586216,-0.05188009,-0.16109946,-0.9610563,0.5799002,-0.69397545,0.0059905457,-0.07670675,-0.038045302,0.0,0.22749485,-0.47686893,0.058171347,0.0,-0.103431374,0.0,-0.5729012,0.0,-0.2283225,0.0,-0.21581346,0.0,-0.32452485,0.0,-0.49002096,0.009207153,-1.2112023,-0.083906405,-0.65954155,-0.023924483,-0.0438091,-0.13691288,"Contract_Two year, tenure, TotalCharges",0.0008787736
-0.03790205,-0.20530345,-0.52856266,-0.80091304,-0.024636388,0.060789756,-1.1470169,-0.50750846,-0.72132015,0.26130676,0.012446381,0.1818851,-0.015844697,0.0,0.18317083,0.25488195,-0.0014324219,0.0,-0.13213179,0.0,0.4402404,0.0,-0.6167562,0.0,0.12622121,0.0,0.55514526,0.0,-1.5835215,0.16484144,0.14530447,0.50215083,-0.94499,-0.10269886,-0.010475064,-0.11131142,"StreamingMovies_Yes, MonthlyCharges, PaymentMethod_Electronic check",0.009826784
0.0073927166,0.05563668,0.06796546,-0.18439893,-0.029112363,-0.13397071,-0.32591796,-0.7352022,-0.42801958,0.44033223,0.003291709,0.24866843,-0.02952968,0.0,-0.44514993,0.24975042,-0.0047808792,0.0,0.39394757,0.0,-0.34656882,0.0,-0.28271204,0.0,-0.21458548,0.0,0.80883664,0.0,-0.68314785,0.114158124,0.15969329,-0.17429295,0.7858444,-0.12600961,0.018501587,-0.04551657,"StreamingTV_Yes, PaymentMethod_Electronic check, TotalCharges",0.30075118
0.08570171,-0.06945196,0.01890367,-0.9526877,-0.051209185,0.05885435,-0.032209042,0.0024088705,-0.26621377,-0.26002637,0.005579306,0.39944717,-0.042820875,0.0,0.32233223,-0.3692308,-0.0008079108,0.0,-0.11932938,0.0,-0.23227267,0.0,0.339443,0.0,-0.093130864,0.0,0.31939602,0.0,0.6366066,-0.018177046,-0.48391855,0.6389488,-1.2081507,-0.116712265,-0.013413327,-0.11113248,"PaymentMethod_Electronic check, tenure, PaymentMethod_Credit card (automatic)",0.16491538
-0.17656076,-0.05047401,0.05085395,-0.0062710894,-0.029430155,-0.06874497,0.17262933,0.16267192,0.6768247,0.7383281,-0.047793444,-0.090174615,-0.12811027,0.0,0.52269644,0.38236758,-0.001620705,0.0,0.0020306383,0.0,-0.5355092,0.0,-0.23881297,0.0,-0.12948462,0.0,-0.7007593,0.0,0.73716444,0.019010894,0.20992719,0.49429694,-0.8453404,-0.12435454,-0.054396003,0.18239293,"PaymentMethod_Electronic check, charge_per_service, StreamingMovies_Yes",0.752973
0.043829117,0.105951294,0.053953726,-0.28007364,-0.058674317,-0.0013673079,0.2128118,0.24212065,1.0050915,0.9994062,0.0073190443,-0.077370726,0.14983308,0.0,-0.4003851,0.31397498,-0.004681011,0.0,-0.104638964,0.0,-0.6502514,0.0,-0.32953703,0.0,-0.17904982,0.0,-0.47383165,0.0,-0.46531257,0.077077076,0.14650124,-0.15061817,0.9104992,-0.14906162,0.1809054,-0.14596254,"num_services, charge_per_service, PaymentMethod_Electronic check",0.7250463
0.004736422,-0.20144133,0.13631637,-0.84476256,-0.3226035,-0.14061229,-0.05502483,-0.089700826,0.93512994,-0.9680099,0.005020509,0.14221817,-0.105851315,0.0,0.2413203,-0.48955444,0.11894358,0.0,-0.13453251,0.0,-0.41467437,0.0,-0.17491454,0.0,-0.20599507,0.0,-0.49133748,0.0,-0.4844555,0.06467955,0.18112239,-0.24700174,0.6973545,-0.16768393,0.33014995,-0.0929913,"charge_per_service, num_services, tenure",0.058250748
-0.01566674,0.03451332,0.032062232,0.7828315,-0.08613474,-0.06141881,0.36847627,0.3900754,0.90530145,-2.2108183,-0.016139569,0.13117942,0.01934284,0.0,-0.28066453,-0.39356586,0.107984215,0.0,-0.114308596,0.0,-0.35212427,0.0,-0.30606738,0.0,-0.12666568,0.0,-0.35016698,0.0,-0.35444844,0.19576944,0.3299115,0.09103113,-1.2780713,-0.7156462,-0.10993744,0.1436781,"charge_per_service, PaymentMethod_Electronic check, num_services",0.037380237
0.011293988,0.09330928,0.024435634,-0.19896321,-0.08892505,-0.016930467,0.68398106,-0.39252532,0.9569904,-1.8508137,0.006870647,0.14938708,-0.019855706,0.0,-0.5147409,-0.43060052,0.12745844,0.0,-0.16942576,0.0,-0.3172093,0.0,-0.2037767,0.0,-0.19149207,0.0,-0.24640238,0.0,-0.6171849,-0.13578308,-0.31002888,0.47067615,-1.2737987,-0.2366251,-0.088842675,-0.11851182,"charge_per_service, PaymentMethod_Electronic check, num_services",0.0073413807
-0.103946485,-0.3211223,0.09816976,1.1667956,-0.04776147,0.048263278,0.23043019,0.9233035,-0.44414303,0.7658684,-0.011245812,-0.16935335,0.036088407,0.0,0.3254612,0.3349816,-0.0014131645,0.0,-0.12205478,0.0,-0.44599277,0.0,-0.45204696,0.0,-0.0073201037,0.0,0.4369298,0.0,0.44586948,0.10113161,0.14208347,-0.13107398,0.71318924,-0.17266215,-0.04563987,0.08848676,"tenure, TotalCharges, charge_per_service",0.9668323
-0.061521415,0.20625061,0.093945295,-0.40569532,-0.079113714,0.013038741,0.33107945,0.12701568,-0.16720752,-0.42895535,0.030252423,0.30535236,-0.06795716,0.0,0.19678967,-0.29031995,-0.003616042,0.0,0.34677497,0.0,0.47487366,0.0,-0.4355441,0.0,-0.15447083,0.0,-0.49386042,0.0,-0.4161265,0.093524344,0.23377852,0.9471568,-1.1656195,-0.12686804,0.017404385,-0.07703229,"PaymentMethod_Electronic check, PaymentMethod_Credit card (automatic), StreamingTV_Yes",0.27577868
-0.015562429,0.034912433,0.03261992,0.5823651,-0.027165303,0.023092246,-0.01286654,0.107634805,0.15378566,0.5475359,-0.037702408,0.13504523,-0.044780172,0.0,0.3907996,0.3073652,-0.0033052235,0.0,0.18944056,0.0,-0.31669915,0.0,-0.4079756,0.0,-0.192441,0.0,-0.80811024,0.0,-0.72646475,0.082913056,0.20392896,-0.18401156,-0.9034256,0.1857463,-0.020480022,0.13846418,"PaymentMethod_Electronic check, StreamingTV_Yes, StreamingMovies_Yes",0.35567912
-0.014393125,0.06264939,0.07941674,1.1483976,-0.09034994,0.053640682,0.6065768,0.94391227,0.9563682,-0.9690844,-0.016139569,0.097089045,-0.061132908,0.0,-0.2980923,-0.31653413,0.107984215,0.0,-0.07505896,0.0,-0.30081192,0.0,-0.29738858,0.0,-0.105005294,0.0,-0.42533395,0.0,-0.37091115,0.24415566,0.39345762,-0.11215676,-0.94544524,0.6759609,-0.057723448,0.24222346,"tenure, charge_per_service, num_services",0.75904375
-0.013684713,-0.13804775,0.04804794,-1.6372992,-0.17142196,-0.07498321,0.026197067,-0.7224244,0.63070935,-0.5342773,0.005020509,-0.20862535,0.073143765,0.0,0.19028603,-0.43954414,0.058171347,0.0,-0.052182432,0.0,-0.49113065,0.0,-0.20940799,0.0,-0.24045168,0.0,-0.41563618,0.0,-0.5247785,0.014454687,-0.7543018,-0.08063083,-0.64082074,-0.024072235,-0.022941574,-0.14111505,"tenure, Contract_Two year, TotalCharges",0.0015003241
-0.03060621,0.13861136,0.017487265,-0.1886858,-0.12573051,-0.13181576,-0.16870427,-0.04819478,-0.48937976,-1.1261287,-0.043288305,0.09811493,0.045839522,0.0,0.20444664,-0.367409,-0.0015520686,0.0,0.31347218,0.0,-0.49182805,0.0,0.2938096,0.0,0.20594648,0.0,-0.5966711,0.0,-0.42823982,0.11614179,0.30628344,-0.20202708,-1.0228983,0.6188669,-0.0016632142,0.18640901,"charge_per_service, PaymentMethod_Electronic check, PaymentMethod_Mailed check",0.050776035
-0.046172414,-0.08397327,0.04157473,-0.00841957,0.20286107,0.057167545,-0.10115923,-0.7253198,0.0005879104,-1.8024461,0.0068507884,0.07108185,-0.05231109,0.0,-0.5720994,-0.40802175,-0.0016430675,0.0,0.6001241,0.0,-0.508602,0.0,0.5180367,0.0,0.4051377,0.0,-0.36096457,0.0,-0.32231027,0.029544063,-1.2864087,0.47801885,-1.1891764,-0.15383188,0.08167329,-0.10801111,"charge_per_service, Contract_Two year, PaymentMethod_Electronic check",0.00523553
-0.20289452,-0.29610842,0.070248075,-0.11027242,-0.03896202,0.063434884,0.066657744,-0.71210206,-0.7143683,0.6109416,0.0066326214,-0.14138281,0.12103298,0.0,0.28545967,0.2665446,-0.001002092,0.0,-0.028014574,0.0,0.9328423,0.0,-0.5978659,0.0,-0.036294237,0.0,0.6641904,0.0,0.71654373,0.07039702,0.11518077,-0.236257,0.6787243,-0.13062815,-0.014563606,-0.03964714,"OnlineBackup_Yes, StreamingMovies_Yes, num_services",0.7957013
-0.06793707,-0.18729687,-0.17637427,-0.12319319,-0.0031568892,-0.048649147,0.0017255228,0.069814116,-1.3527821,-0.6987985,0.012789493,0.059552353,0.105227605,0.0,-0.4112505,-0.47923335,-0.0007095528,0.0,0.40969,0.0,0.5184175,0.0,0.48100725,0.0,-0.28792483,0.0,0.33837333,0.0,0.42642,-0.09546342,-1.7523133,0.74464065,-1.0003697,-0.121310435,0.0005844919,-0.118471906,"Contract_Two year, num_services, PaymentMethod_Electronic check",0.022624882
-0.05003456,-0.11188586,0.019646417,-0.036767323,-0.026943615,0.104649134,-0.5535673,-0.23486404,-0.82703364,0.19817992,0.019140914,0.14693445,0.11697771,0.0,0.364143,0.36913455,-0.000874751,0.0,-0.17928363,0.0,-0.48327914,0.0,0.55830777,0.0,0.0004891856,0.0,-0.8492059,0.0,0.46417198,0.09507357,0.18104365,0.612914,-1.0646331,-0.11147467,0.023624452,-0.09271091,"PaymentMethod_Electronic check, StreamingTV_Yes, num_services",0.2047357
0.0074582407,-0.19515546,-0.20190698,0.5907767,-0.038243335,0.017521208,0.13572267,0.024444345,0.7691987,1.0396068,-0.011569019,-0.08110326,-0.032191057,0.0,-0.42001113,0.27459207,-0.0038033887,0.0,-0.009752454,0.0,-0.39390048,0.0,-0.37437683,0.0,-0.17764686,0.0,-0.34142852,0.0,-0.42275253,0.13019842,0.19450322,0.3937891,-0.7576007,-0.13946213,-0.097793385,0.1465698,"charge_per_service, num_services, PaymentMethod_Electronic check",0.5042141
0.07310023,0.003440414,0.04266179,-1.8766891,-0.15998049,0.11518834,-0.17989244,-0.9218318,0.43680507,-0.57716876,0.009402612,-0.15775155,-0.085051775,0.0,0.14414804,-0.40156415,0.058171347,0.0,-0.072654694,0.0,-0.5120571,0.0,-0.16519387,0.0,-0.22659925,0.0,-0.4063848,0.0,-0.5387876,0.012154021,-0.61039513,-0.2138493,-1.0742195,0.41421577,-0.07808203,-0.132955,"tenure, PaymentMethod_Electronic check, TotalCharges",0.00083216623
0.0020241295,0.09317275,0.04517627,0.05937546,-0.057891574,-0.05933595,0.19049048,0.14789155,0.85158587,0.89539766,-0.01589193,-0.011146165,-0.11208212,0.0,-0.26851085,-0.2531651,-0.0047808792,0.0,-0.08628681,0.0,-0.22778009,0.0,-0.44465008,0.0,-0.14488673,0.0,-0.42146456,0.0,-0.41014183,0.1131967,0.20402092,-0.17171943,-0.9972139,0.46840653,-0.06382818,0.17795844,"PaymentMethod_Electronic check, charge_per_service, num_services",0.3749812
-0.2317009,0.12082948,0.07120638,-0.6593267,-0.0305251,0.06308759,-0.23972735,-0.06555731,-0.5947939,0.6656026,0.0061388975,-0.1059802,-0.21079598,0.0,0.2936574,0.3147359,-0.000874751,0.0,-0.17792554,0.0,-0.53369457,0.0,0.38860604,0.0,-0.17876136,0.0,0.46795955,0.0,1.0738578,-0.54170585,-0.1267546,-0.11099081,-0.7096956,-0.09421383,-0.002649526,-0.09204802,"StreamingMovies_Yes, PaymentMethod_Electronic check, charge_per_service",0.22255006
0.0059966245,-0.19863956,-0.21333046,-1.0023487,0.26331377,-0.027803613,0.18701044,-0.60525686,-0.5226161,-1.7716306,0.006197011,0.15504025,-0.29558575,0.0,-0.2710708,-0.47834337,-0.002490249,0.0,-0.15380195,0.0,0.4717563,0.0,0.5589224,0.0,0.41250885,0.0,0.35001266,0.0,0.7148055,-0.018900909,-0.2917143,-0.11270294,-0.56496966,-0.13391627,-0.032056037,-0.11412034,"charge_per_service, tenure, StreamingMovies_Yes",0.024255425
-0.019662203,-0.20016447,-0.116963305,0.11664865,-0.02418426,0.033016413,-0.19856709,-0.8631537,-0.49741954,0.0830213,0.018837856,0.15219504,0.07457984,0.0,0.42507395,0.29946765,-0.0010381518,0.0,-0.15668446,0.0,-0.44254658,0.0,-0.6072641,0.0,0.188206,0.0,-0.8749778,0.0,0.7324858,-0.71181804,-0.12246318,-0.09977855,-0.7169428,-0.067974605,0.023156518,-0.10417747,"StreamingTV_Yes, TotalCharges, StreamingMovies_Yes",0.02441314
0.025112018,0.12028537,0.03068354,0.56794184,-0.05718906,-0.030993244,0.2136957,0.14696823,0.93478054,0.94542,-0.01575625,-0.084640495,-0.1963134,0.0,-0.35813195,0.20802166,-0.0038033887,0.0,-0.053659923,0.0,-0.63533,0.0,-0.30665666,0.0,-0.20627443,0.0,-0.49402103,0.0,-0.54776627,0.11008258,0.1389944,-0.16388866,0.57014704,-0.17587785,-0.12627149,0.13210192,"charge_per_service, num_services, OnlineBackup_Yes",0.6634783
-0.0043365,0.008196188,0.01584987,0.6948302,-0.041837893,0.035453703,0.11730444,0.61138237,-0.3092748,0.6238257,-0.04062114,0.14257872,-0.0052645635,0.0,0.45514545,0.2594221,-0.0036484501,0.0,-0.10038263,0.0,-0.48435405,0.0,0.9986182,0.0,0.7145762,0.0,-0.738925,0.0,-0.5785075,0.091592126,0.13906124,-0.099613495,0.6523482,-0.15521319,0.0067045484,0.10982086,"DeviceProtection_Yes, StreamingTV_Yes, TechSupport_Yes",0.95713556
0.0036604668,-0.28761768,-0.25365308,-0.5635241,-0.12159589,0.010559067,0.020479009,0.39413288,0.97972655,-0.6593482,0.005020509,0.12375644,-0.0060388455,0.0,0.20996192,-0.46502078,0.11894358,0.0,-0.046170454,0.0,-0.47970316,0.0,-0.29825082,0.0,-0.17222509,0.0,-0.34791708,0.0,-0.5539362,-0.16956171,-0.3838127,-0.20962335,-0.9367133,0.46198985,-0.03286832,-0.14753133,"num_services, PaymentMethod_Electronic check, charge_per_service",0.021547591
0.013729917,0.15496016,0.061026014,0.5203635,-0.03939025,-0.15360615,0.33622098,0.30791438,0.34352657,0.040566932,-0.026640663,-0.34200191,-0.073500335,0.0,-0.17425805,-0.19056556,-0.0042276545,0.0,-0.096115805,0.0,0.36221305,0.0,-0.54826397,0.0,-0.12752941,0.0,-0.47904938,0.0,-0.5932494,0.12325911,0.20479007,0.8045615,-0.93175817,-0.17424205,-0.036025174,0.145113,"PaymentMethod_Electronic check, PaymentMethod_Credit card (automatic), StreamingMovies_Yes",0.35870132
0.08677592,-0.28382456,0.08285982,1.01385,-0.033940576,0.023837887,0.45203218,0.60714537,0.24357232,1.0826604,-0.011034524,-0.18707114,0.03879194,0.0,0.37727052,0.29604027,-0.0033052235,0.0,0.039229453,0.0,-0.3372289,0.0,-0.25844458,0.0,-0.14720707,0.0,0.7549718,0.0,-0.5892607,0.16304938,0.21686983,-0.16739365,-0.6477443,0.47591966,-0.03734155,0.25213802,"charge_per_service, tenure, StreamingTV_Yes",0.9705277
0.004393924,-0.43059626,-0.49493137,-0.374459,0.28883964,-0.10711572,0.33908406,-0.02147925,0.836095,-0.31743863,0.013872712,-0.39283925,0.051282372,0.0,-0.23877455,-0.41019756,-0.011902803,0.0,-0.11919043,0.0,0.68565935,0.0,-0.42584673,0.0,-0.08435981,0.0,-0.31124973,0.0,-0.43088663,0.11483083,0.1684043,0.5262782,-0.83769816,-0.16465792,-0.004647176,-0.09035368,"PaymentMethod_Electronic check, num_services, OnlineBackup_Yes",0.0954607
-0.0045884307,0.114853844,0.068867475,0.49170762,-0.072353974,-0.070622124,0.23109461,-0.038037073,1.1212697,0.25828725,-0.019513587,-0.010673717,0.012468968,0.0,-0.31643072,-0.19095013,-0.004310016,0.0,-0.07876466,0.0,-0.2349785,0.0,-0.47596216,0.0,-0.14466132,0.0,-0.35005313,0.0,-0.38298163,0.13244621,0.19798918,-0.1637404,-1.0220215,0.46760228,-0.03778927,0.17389673,"num_services, PaymentMethod_Electronic check, tenure",0.41174024
-0.012178624,-0.32295758,-0.5984951,-0.85056746,-0.024777604,-0.10308765,-0.059192784,-0.3032319,-1.2542231,-0.73873174,0.012789493,0.12571731,0.2209764,0.0,-0.27717724,-0.45090276,-0.0008584571,0.0,-0.2711466,0.0,0.8620462,0.0,0.426392,0.0,0.127263,0.0,0.24219553,0.0,0.41774657,0.2192658,-0.2666808,0.7409181,-0.9753912,-0.20568219,0.007612834,-0.118241906,"num_services, PaymentMethod_Electronic check, OnlineBackup_Yes",0.03108574
-0.014502636,0.08666311,0.058804825,1.2896901,-0.09056284,-0.13141553,0.82204,0.6846436,1.003254,-0.8349495,-0.016139569,0.097234175,-0.054838546,0.0,-0.3002204,-0.31653413,0.107984215,0.0,-0.07059184,0.0,-0.2838407,0.0,-0.29618657,0.0,-0.11644895,0.0,-0.42533395,0.0,-0.37096128,0.23683777,0.3964626,-0.13958918,-0.87886626,0.5651371,-0.05007415,0.2438054,"tenure, num_services, PaymentMethod_Electronic check",0.76721907
-0.04562549,-0.23202886,-0.16315477,-0.34019813,-0.07363983,0.021784939,-0.10065468,-0.4628104,-0.6146421,-0.98938906,0.020110952,0.097644575,0.029712904,0.0,-0.30460593,-0.46269733,-0.000876094,0.0,0.37961358,0.0,-0.5484963,0.0,0.50240934,0.0,-0.087276764,0.0,-0.58426654,0.0,0.47591165,-0.21186945,-0.33876368,0.54377544,-1.0792104,-0.21276964,0.02609494,-0.11619672,"PaymentMethod_Electronic check, charge_per_service, num_services",0.0075326865
0.023033097,0.048344046,0.04322258,0.2628311,-0.059262365,0.059963524,0.5067726,0.9323972,0.19509572,-0.16024798,0.02140022,0.1585496,-0.47286618,0.0,-0.21335067,-0.2440109,-0.0047808792,0.0,0.7888797,0.0,-0.32580256,0.0,-0.3112182,0.0,-0.1638761,0.0,-0.7341955,0.0,-0.38481644,0.0681882,0.16618855,-0.2571502,1.0517417,-0.10893994,0.029879872,-0.08107618,"PaymentMethod_Electronic check, TotalCharges, OnlineSecurity_Yes",0.69552267
0.025361761,-0.19882818,0.03606195,-0.23096403,-0.027255576,0.02931688,-0.22653633,-0.21230507,-1.2322538,0.09442472,0.0134614725,0.15374556,-0.023167726,0.0,-0.49443322,0.2210122,-0.0015002573,0.0,0.17511085,0.0,0.7564638,0.0,-0.70927364,0.0,-0.3290449,0.0,0.50236493,0.0,0.5946018,-0.34338057,-0.08650013,0.7508271,-1.0035719,-0.071176685,-0.0052230787,-0.09442602,"num_services, PaymentMethod_Electronic check, OnlineBackup_Yes",0.12499954
-0.0051362063,-0.2506378,0.12136775,0.7153933,0.4752199,-0.022634918,-0.35573152,-0.28616652,0.92387456,-0.6688956,-0.018932527,0.13769364,0.15188983,0.0,-0.34428754,-0.18498643,-0.012098611,0.0,-0.27013198,0.0,-0.50282705,0.0,-0.39807376,0.0,-0.1541835,0.0,-0.38971314,0.0,-0.49923813,0.005982567,0.2409062,-0.2233892,0.7383669,-0.19972329,-0.07976157,0.12898067,"num_services, PaymentMethod_Electronic check, tenure",0.22518516
0.0026731533,0.08340293,0.05551419,0.34564924,-0.13401845,0.09177581,0.34303048,0.17842895,-0.40135247,-0.5051137,-0.069001876,0.14370108,-0.10261282,0.0,-0.36131674,-0.30376485,-0.0020585267,0.0,0.478408,0.0,-0.22245064,0.0,-0.4946522,0.0,-0.22520913,0.0,-0.89853185,0.0,0.48504484,-0.12386541,-0.123314045,-0.23607793,0.91871524,-0.11047194,-0.017634049,0.13714401,"PaymentMethod_Electronic check, StreamingTV_Yes, charge_per_service",0.25411466
0.07361805,0.13550241,0.05759883,0.55694246,-0.049617287,-0.21042733,0.23368417,0.43031916,0.5082217,1.1712657,-0.011035467,-0.1448751,0.07842051,0.0,-0.3651198,0.24684794,-0.0038033887,0.0,-0.092447184,0.0,-0.10092599,0.0,-0.30839384,0.0,-0.109500684,0.0,1.050829,0.0,-0.67899877,0.08776921,0.15261528,-0.15702325,0.69807404,-0.15896425,-0.027968561,0.11144281,"charge_per_service, StreamingTV_Yes, PaymentMethod_Electronic check",0.9595045
-0.012596136,0.06532938,0.083423406,0.6958918,-0.12368101,-0.06442241,0.5750633,-0.37346712,0.94627976,-1.5512323,-0.016139569,0.11458879,-0.041451965,0.0,-0.40382376,-0.31653413,0.11545408,0.0,-0.0783445,0.0,-0.41655064,0.0,-0.3358916,0.0,-0.13897486,0.0,-0.41797924,0.0,-0.42884,0.19507195,0.35604933,-0.14229618,-1.0703738,0.5189199,-0.050083704,0.13778149,"charge_per_service, PaymentMethod_Electronic check, num_services",0.100864395
-0.0015261876,-0.19866942,-0.3529656,-1.0933433,-0.10293403,-0.10969652,0.6460852,0.34394276,0.8243569,-1.274076,0.0068698744,0.0783771,-0.038050327,0.0,-0.4577227,-0.46422675,0.12745844,0.0,-0.093459934,0.0,-0.38049638,0.0,-0.2255289,0.0,-0.18511821,0.0,-0.1808949,0.0,-0.59339225,-0.3600185,-0.3909032,-0.16309315,-0.99692607,0.48247856,-0.03881762,-0.16454808,"charge_per_service, tenure, PaymentMethod_Electronic check",0.0046525965
0.24798945,-0.19617058,0.07141099,-0.3010323,-0.0643914,0.0008735711,0.31880066,0.021935236,-0.56064314,-0.80891734,0.009963166,0.29422605,0.01917016,0.0,0.1454563,-0.5159082,-0.0012690211,0.0,0.3973909,0.0,0.5769197,0.0,0.44189084,0.0,-0.09445905,0.0,-0.67879254,0.0,-0.46796972,0.25502148,0.23607115,1.0161045,-1.156949,-0.11167506,0.0017640936,-0.10445351,"PaymentMethod_Electronic check, PaymentMethod_Credit card (automatic), charge_per_service",0.26571554
-0.029009616,0.1194825,-0.002809165,-0.0639475,-0.10716544,-0.10649383,-0.3592244,-0.63852763,-1.6185328,-1.3162472,0.02799531,0.12318169,-0.11151794,0.0,0.18185543,-0.37736723,-0.0006696105,0.0,0.617531,0.0,0.6707296,0.0,0.40744197,0.0,0.18268548,0.0,-0.73921216,0.0,0.5498448,0.013329013,0.32298043,-0.13530587,-0.5448556,-0.17308281,-0.060003188,-0.10802545,"num_services, charge_per_service, StreamingTV_Yes",0.036132272
-0.06980419,0.07376758,-0.58699536,-0.2848431,-0.05574895,-0.03537716,-0.62289727,-0.13094912,-0.9864468,-0.4024816,0.008029698,0.16435564,-0.06439955,0.0,-0.14082652,0.29007554,-0.0015002573,0.0,0.39509523,0.0,0.44357175,0.0,-0.4127607,0.0,0.44458845,0.0,0.53919536,0.0,0.9144559,0.06472617,-0.3408907,-0.14912519,-0.4233177,-0.094820224,0.01451099,-0.04769809,"num_services, StreamingMovies_Yes, MonthlyCharges",0.18133382
0.0531784,-0.09398918,-0.015528991,-0.07510247,-0.044360742,0.07900748,-0.50477046,0.5814798,-0.75423205,0.42598507,0.02799312,0.31072563,-0.24010837,0.0,-0.26599145,0.33622506,-0.0020340453,0.0,-0.1870548,0.0,0.40816543,0.0,-0.5615078,0.0,0.12781501,0.0,-1.1766051,0.0,0.5699682,0.12650898,0.20752515,-0.10542192,-0.513566,-0.07298089,0.011759898,-0.095016345,"StreamingTV_Yes, num_services, TotalCharges",0.18988448
0.06734645,-0.07348019,0.051762663,-2.0244145,-0.02563027,-0.016793754,0.0872138,-0.51007366,-1.0890119,-0.06375772,0.005525032,-0.20885877,-0.21013333,0.0,0.1717129,0.20417558,-0.00083869125,0.0,-0.18912092,0.0,0.65231466,0.0,0.3757486,0.0,-0.2701818,0.0,0.33247972,0.0,0.52667236,-0.69558144,-0.18338023,0.75266916,-1.1470411,-0.098659135,0.006312532,-0.12170011,"tenure, PaymentMethod_Electronic check, num_services",0.024043575
0.014653321,0.13879755,0.039637636,-0.40269893,-0.069984235,0.00508871,0.28861687,-0.5009358,0.6662489,0.490447,0.00854103,-0.030780032,-0.018850684,0.0,-0.25295433,-0.45301104,-0.0020356707,0.0,-0.16893141,0.0,-0.6324809,0.0,-0.33768502,0.0,-0.10785318,0.0,-0.39159188,0.0,-0.42995948,0.17548984,0.16756956,0.49073422,-1.1964064,-0.13377304,-0.048402652,-0.116155036,"PaymentMethod_Electronic check, num_services, OnlineBackup_Yes",0.05638629
-0.02266486,-0.13155232,-0.024476629,-1.0911676,-0.061993767,-0.08399895,0.0053026592,-0.69746584,0.45808285,-1.4978023,0.0059905457,-0.049585003,-0.022923842,0.0,-0.45061266,-0.43751583,0.12035155,0.0,-0.11048506,0.0,-0.41739666,0.0,-0.21531542,0.0,-0.26000968,0.0,-0.2166362,0.0,-0.41735518,-0.022758,-1.4992843,0.3473215,-1.1850725,-0.19070418,-0.06314126,-0.13555373,"Contract_Two year, charge_per_service, PaymentMethod_Electronic check",0.00022998908
-0.06071836,0.096458495,0.015188203,-0.37126726,-0.043618992,0.013217089,0.1474684,-0.40487927,0.74467885,0.29389817,0.00690753,-0.076542854,-0.16956845,0.0,0.32328278,0.25491744,-0.0015046225,0.0,-0.052856017,0.0,-0.48808652,0.0,-0.26522392,0.0,-0.18524005,0.0,-0.61142117,0.0,-0.44722158,0.0919702,0.13767496,-0.200791,0.7970953,-0.146417,0.000581496,-0.06342784,"PaymentMethod_Electronic check, num_services, StreamingTV_Yes",0.33754075
-0.019508388,0.08195131,0.04428652,0.28766406,-0.028103387,0.070988595,-0.22068948,-0.1870883,-0.86779106,0.6292491,0.006550411,0.14459628,0.014020702,0.0,0.13402775,0.37533703,-0.0010381518,0.0,0.4788604,0.0,-0.50750136,0.0,-0.56984943,0.0,-0.15559396,0.0,0.87241966,0.0,0.631392,0.14940064,0.19288608,-0.11300152,-0.75992656,-0.0747109,0.017294401,-0.08507417,"StreamingTV_Yes, num_services, PaymentMethod_Electronic check",0.63000107
-0.0070427493,-0.15459263,-0.31865788,-0.5379442,-0.024789426,0.07191097,-1.1895723,-0.72981256,-0.6234442,0.4339702,0.00518192,-0.2874217,0.022425575,0.0,0.12649673,0.3032289,-0.0012690211,0.0,-0.109854445,0.0,0.47408542,0.0,0.8279043,0.0,-0.11658623,0.0,0.48927763,0.0,-1.3501737,0.24602666,0.16710028,-0.10970336,-0.6482131,-0.07839446,0.010251134,-0.12038629,"StreamingMovies_Yes, MonthlyCharges, DeviceProtection_Yes",0.03773054
-0.030178264,0.020836405,0.02475544,0.31243178,-0.039729506,-0.044031534,0.16745886,-0.09865967,-0.5395199,0.32070565,-0.06633471,0.14163503,0.09070643,0.0,-0.5093345,0.29340273,-0.0020585267,0.0,-0.20234162,0.0,-0.38637573,0.0,-0.49807003,0.0,0.318998,0.0,-0.9818792,0.0,0.32264966,0.13518317,0.21132652,0.46230602,-0.91202754,-0.1354932,-0.04690782,0.15686594,"StreamingTV_Yes, PaymentMethod_Electronic check, num_services",0.17909269
-0.029661411,0.13072969,0.075018704,-1.5258925,-0.069567606,-0.09012269,0.38914093,-0.8553848,-0.29387206,-0.30757356,0.02140022,0.09026077,-0.112102695,0.0,-0.21866049,-0.30044395,-0.0015629514,0.0,0.41276017,0.0,-0.4969243,0.0,0.40704393,0.0,-0.17745908,0.0,-0.5582301,0.0,-0.63937265,-0.3890773,-0.4151651,1.2717296,-1.3680747,-0.07771781,0.02933583,-0.1059173,"tenure, PaymentMethod_Electronic check, PaymentMethod_Credit card (automatic)",0.005409414
0.017201062,-0.26304236,-0.14867325,-2.602706,-0.039308295,-0.11901293,0.18198903,-0.5351959,-0.45131323,0.018177047,0.009963166,0.11092204,-0.09750141,0.0,0.15805137,0.10748506,-0.0012690211,0.0,0.4833565,0.0,0.58014035,0.0,0.6314527,0.0,0.5309339,0.0,-0.77674896,0.0,-0.85073286,-0.61988854,-0.24630842,0.5779075,-1.1475594,-0.0602869,0.013168626,-0.14189889,"tenure, PaymentMethod_Electronic check, StreamingMovies_Yes",0.009107331
-0.10174003,-0.1710878,0.11687947,-0.81130326,-0.2262964,-0.0734402,-0.106743865,-1.3225224,-0.9327294,-0.7512468,0.019140914,0.08825514,-0.32437307,0.0,0.26080543,-0.5551163,-0.0010381518,0.0,0.3147106,0.0,-0.39199528,0.0,-0.5875232,0.0,0.23268254,0.0,-0.90338093,0.0,0.58749264,-0.052875128,-0.15396291,-0.27518958,0.702009,-0.13145359,-0.0020137895,-0.064162835,"TotalCharges, num_services, StreamingTV_Yes",0.0035862818
-0.08532963,0.10209383,0.058853216,-0.5097337,-0.040369086,0.11328833,-0.33216545,-0.44097972,-0.25309893,0.78512985,0.005797648,-0.14076999,0.08392628,0.0,0.3196674,0.31704837,-0.0010381518,0.0,-0.0835299,0.0,-0.5089667,0.0,-0.54212314,0.0,-0.122578084,0.0,0.8072091,0.0,0.63026917,0.055460602,0.12223847,-0.16905443,0.82882196,-0.15858065,-0.06662851,-0.042271513,"PaymentMethod_Electronic check, StreamingTV_Yes, charge_per_service",0.6734345
-0.18859908,-0.20104434,0.06264326,-0.1361945,-0.028333616,0.05613909,0.004672867,-0.4790238,0.33057266,0.46491256,0.0072618937,0.19348182,0.076150164,0.0,0.33605966,0.28499582,-0.0015046225,0.0,0.4144759,0.0,-0.5173704,0.0,-0.31479925,0.0,-0.16419145,0.0,-0.81899714,0.0,-0.4056934,0.12354195,0.15212756,-0.1903879,0.85583514,-0.07502816,0.025421215,-0.065405056,"PaymentMethod_Electronic check, StreamingTV_Yes, OnlineBackup_Yes",0.44840723
-0.017021718,0.06781527,0.056676984,1.4278562,-0.08809122,-0.06762649,0.616508,0.64734,0.9445641,-1.0097507,-0.012165277,0.09684707,0.1841413,0.0,-0.29821578,-0.32149586,0.107984215,0.0,-0.03775768,0.0,-0.2700436,0.0,-0.28754738,0.0,-0.12693724,0.0,-0.39129746,0.0,-0.42394283,0.23768245,0.3935176,-0.1466163,-0.8509959,0.5523824,-0.045752123,0.24818243,"tenure, charge_per_service, num_services",0.7644824
-0.019975418,0.26451868,0.01844303,-0.5078725,-0.073550336,-0.036708415,-0.049246915,1.1276406,0.77128875,-2.114528,0.006870647,0.07033299,0.08853859,0.0,-0.27019686,-0.35491917,0.12035155,0.0,-0.12391107,0.0,-0.24097165,0.0,-0.23758952,0.0,-0.2520554,0.0,-0.28802934,0.0,-0.34061766,0.00041209988,-1.3484646,-0.1676168,-1.1071616,0.38516155,-0.053164788,-0.14617968,"charge_per_service, Contract_Two year, TotalCharges",0.0074798944
-0.014041778,0.08844207,0.031830214,0.17874926,-0.02827984,0.080186136,0.10852426,-0.32518247,-0.7122276,0.8461094,0.007411993,0.13968466,0.012863519,0.0,0.3426799,0.39875504,-0.0010381518,0.0,-0.19059254,0.0,-0.30369866,0.0,-0.5317216,0.0,0.28273278,0.0,0.8645359,0.0,0.9060388,0.06846191,0.1938567,-0.20148788,-0.97752684,0.45272276,0.013393396,-0.08077187,"PaymentMethod_Electronic check, StreamingMovies_Yes, StreamingTV_Yes",0.83775026
-0.08248183,-0.23067743,-0.21895954,-0.34657723,-0.059892584,-0.00045335683,0.30464932,-0.6415808,-0.46630684,-0.9760526,0.014732954,0.079259604,-0.025363918,0.0,-0.30353218,-0.3349168,-0.0010998112,0.0,0.4489928,0.0,0.37542439,0.0,-0.34264284,0.0,0.24786016,0.0,-0.4401132,0.0,-0.47369355,-0.036340035,-1.3829951,-0.23051915,-0.5770854,-0.005470522,0.013711767,-0.11802321,"Contract_Two year, charge_per_service, TotalCharges",0.0029618556
-0.082960345,0.08020523,0.047557198,-0.62700444,-0.027697783,-0.18389581,-0.36227605,-0.42633662,-0.28047624,0.74292123,0.019251563,-0.038969547,-0.12493343,0.0,0.41216972,0.32329875,-0.000874751,0.0,-0.17323452,0.0,-0.5807501,0.0,0.6704177,0.0,-0.1440222,0.0,-1.1078117,0.0,0.8807381,0.08837316,0.12696742,0.59438014,-1.0263612,-0.12473729,-0.024881095,-0.09445805,"StreamingTV_Yes, PaymentMethod_Electronic check, StreamingMovies_Yes",0.1893518
-0.049886722,-0.17327769,-0.38894075,-1.5759398,-0.0641135,-0.12804277,0.60135597,-0.8017083,-0.35779655,-0.5296346,0.005880751,0.068706796,-0.13219479,0.0,-0.23184042,-0.33159566,-0.0015629514,0.0,0.5243713,0.0,-0.4442402,0.0,0.53053945,0.0,-0.13786459,0.0,-0.60470897,0.0,-0.395281,-0.26534384,-0.45005897,1.0126626,-1.21761,-0.07772609,0.054582447,-0.09111335,"tenure, PaymentMethod_Electronic check, PaymentMethod_Credit card (automatic)",0.0034662588
0.022014046,0.11189885,0.11543547,0.07955255,0.30260897,0.00097589486,0.11957934,0.24049427,0.78002805,0.30286336,-0.021932583,-0.19890817,0.019287415,0.0,-0.19709623,-0.29040664,-0.012569474,0.0,-0.15958852,0.0,-0.30233127,0.0,-0.35492283,0.0,-0.099878065,0.0,0.39571366,0.0,-0.46434197,0.086970486,0.1753555,0.39790303,-1.1108395,-0.16274573,-0.08919104,0.17098574,"PaymentMethod_Electronic check, num_services, StreamingMovies_Yes",0.46209484
-0.045746535,-0.08662752,-0.38635463,-1.6017029,-0.043842185,0.040194433,-1.1821676,-0.42526776,-1.7607769,-0.41721544,0.005525032,-0.07939363,-0.079917885,0.0,0.21893963,0.23144606,-0.00077185105,0.0,0.32286704,0.0,0.31399962,0.0,0.6118255,0.0,0.635917,0.0,0.41880816,0.0,0.5289707,-0.04451151,-1.2952543,-0.08640933,-0.488003,-0.037845254,0.00980299,-0.07035846,"num_services, tenure, Contract_Two year",0.008140745
0.025152506,0.15130359,0.036677867,-0.5661088,-0.05789185,-0.16476287,0.22164096,-0.5520109,-0.83896315,0.4387865,0.020113144,0.09551411,0.14383975,0.0,0.27752697,0.17079175,-0.0010381518,0.0,0.6650406,0.0,-0.43663645,0.0,-0.36290416,0.0,0.5092119,0.0,-1.2176276,0.0,0.64401895,-0.13932158,-0.04519033,-0.2967182,0.6550187,-0.0918994,-0.0047203833,-0.055565413,"StreamingTV_Yes, num_services, OnlineSecurity_Yes",0.31312546
-0.0060487846,-0.15609604,-0.20357202,0.13009816,-0.012709913,-0.10447706,0.013751818,-0.6715483,0.27230853,0.39914855,0.0043557067,0.17219153,-0.032676376,0.0,0.52018636,0.29416645,-0.0015046225,0.0,0.16054714,0.0,-0.440351,0.0,-0.23773213,0.0,-0.14997071,0.0,-0.5842662,0.0,-0.76029605,-0.6171809,-0.08862556,0.6123282,-1.096872,-0.09207872,0.019756133,-0.11445358,"PaymentMethod_Electronic check, StreamingMovies_Yes, TotalCharges",0.058389906
-0.0342587,0.15379159,0.06623555,-0.3118043,-0.029074138,-0.22393088,-0.70983016,0.23353018,-0.6789447,0.5115944,0.02073085,0.23253036,-0.11658667,0.0,0.20651112,0.33595827,-0.001002092,0.0,0.22121358,0.0,0.5220751,0.0,-0.37271267,0.0,-0.26240563,0.0,-0.79866153,0.0,1.3915594,-0.46114483,-0.11748294,-0.16235052,-0.57391524,-0.054497518,0.0056962855,-0.09670193,"StreamingMovies_Yes, StreamingTV_Yes, MonthlyCharges",0.2473668
-0.02310921,0.14603148,-0.0014256678,-0.5789491,-0.0782316,-0.06290518,0.4969092,-0.53255063,0.49262062,-1.323581,0.009402612,0.0002904809,0.012663448,0.0,-0.27611363,-0.49306768,0.12035155,0.0,-0.10746285,0.0,-0.30428445,0.0,-0.26325306,0.0,-0.25789672,0.0,-0.2585548,0.0,-0.38648123,0.038144592,-1.5176222,-0.040551655,-0.7533867,-0.22349532,-0.09308018,-0.1344208,"Contract_Two year, charge_per_service, PaymentMethod_Electronic check",0.0016541114
-0.21713173,0.09787223,0.025841763,-0.16312161,-0.052786328,-0.06654966,0.1418506,0.65087116,1.0583155,0.9235375,0.00478708,-0.09127487,0.1113788,0.0,-0.40240112,0.25857,-0.004681011,0.0,-0.1007144,0.0,-0.32631636,0.0,-0.2658276,0.0,-0.18301415,0.0,-0.52846444,0.0,-0.5230638,0.098633975,0.14592679,-0.15769573,1.0588622,-0.16082415,0.1492971,-0.07792576,"PaymentMethod_Electronic check, num_services, charge_per_service",0.8014091
-0.12540291,-0.37855816,-0.30637175,-0.796166,-0.006848225,-0.08423727,0.49034816,-1.0857517,-0.28984904,-1.0249366,0.009963166,0.081300415,-0.061924465,0.0,-0.27809462,-0.31426114,-0.0010998112,0.0,0.3730486,0.0,0.3361433,0.0,-0.4266645,0.0,0.21917313,0.0,-0.3852708,0.0,-0.3028464,-0.018533142,-1.3945929,1.2574639,-1.0081347,-0.15771279,0.0074685733,-0.116933875,"Contract_Two year, PaymentMethod_Credit card (automatic), TotalCharges",0.003024115
0.029414838,0.048951726,0.07396312,0.32937568,-0.04320249,-0.059392877,-0.08528354,0.17654078,-0.57449293,0.51691794,-0.01432642,0.17006092,-0.089858636,0.0,0.28932574,0.2561197,-0.003811851,0.0,0.15399212,0.0,-0.27807042,0.0,-0.4620632,0.0,-0.2589962,0.0,0.9138056,0.0,-0.64185995,0.07801063,0.13155115,-0.14958276,0.7293709,-0.13000645,-0.019127555,0.0911858,"StreamingTV_Yes, PaymentMethod_Electronic check, StreamingMovies_Yes",0.7630879
-0.0935126,-0.16392556,-0.05558501,-0.5119481,-0.033477888,-0.18450783,-0.52241147,-0.7746176,-0.8442654,0.25990036,0.01761628,0.13330857,-0.15293711,0.0,-0.5590895,0.23821251,-0.0010635976,0.0,0.6641439,0.0,-0.5154241,0.0,0.6186169,0.0,-0.18605167,0.0,-1.2490678,0.0,0.79443514,-0.8850557,-0.13330933,-0.12899788,-0.48173773,-0.08186203,-0.03037306,-0.097653896,"StreamingTV_Yes, Contract_One year, num_services",0.006898919
0.026248462,0.11411221,0.03556304,-0.59942794,-0.0398703,-0.00046567788,-1.2169137,-0.2181624,-1.8537625,-0.14393714,0.008029698,0.24867019,-0.21543013,0.0,0.21456498,0.23209132,-0.001002092,0.0,-0.24643461,0.0,0.52971745,0.0,-1.2162395,0.0,0.42309135,0.0,0.65426433,0.0,0.5983317,-0.24959274,-0.047434017,-0.25769097,0.5778587,-0.14352007,-0.010283785,-0.042972658,"num_services, MonthlyCharges, DeviceProtection_Yes",0.05471112
-0.007513769,-0.13114385,-0.04859701,0.29692453,-0.020115703,-0.3011084,-0.2692101,-1.0737933,-0.9374782,0.0137307765,0.0039372896,0.16887239,0.06504897,0.0,-0.62318504,0.1328235,-0.0010635976,0.0,-0.33330694,0.0,-0.5763005,0.0,0.5137304,0.0,0.41315386,0.0,0.75947464,0.0,0.8487621,-0.3486855,-0.15984997,-0.040261935,-0.68350804,-0.13250454,-0.051310208,-0.10605226,"TotalCharges, num_services, StreamingMovies_Yes",0.06677259
-0.048168667,0.33775368,-0.2633743,-1.0404639,0.27268004,-0.13514544,-0.019202918,-1.0609719,-0.12498055,-1.4145225,0.0051825102,0.06880387,-0.02801119,0.0,-0.33713338,-0.47688615,-0.0030838205,0.0,-0.22969893,0.0,0.43594536,0.0,-0.44955865,0.0,0.14965838,0.0,0.4112336,0.0,-0.5774391,0.00539178,-1.1772429,-0.18897155,-0.83690506,0.5005302,-0.017948309,-0.10954115,"charge_per_service, Contract_Two year, TotalCharges",0.001724831
-0.050983965,-0.17292565,0.072838925,-1.7959939,-0.15694283,-0.10847203,0.050694335,-1.0078149,0.57764006,-0.41227993,0.0059905457,-0.13943289,-0.053963114,0.0,0.17498182,-0.44905934,0.058171347,0.0,-0.099974245,0.0,-0.4625281,0.0,-0.2050502,0.0,-0.22223395,0.0,-0.3987176,0.0,-0.50955963,0.0028732445,-0.98655903,0.6956318,-1.254417,-0.1991511,-0.0324953,-0.14026566,"tenure, PaymentMethod_Electronic check, TotalCharges",0.00072484714
0.022674691,0.09003889,0.018140148,0.889551,-0.049740393,0.008745387,0.1373979,0.13053451,0.87129295,1.1113989,-0.011716567,-0.09025366,-0.055476606,0.0,-0.3348441,0.2517165,-0.0038033887,0.0,-0.033862244,0.0,-0.42653808,0.0,-0.33826137,0.0,-0.18889502,0.0,-0.504008,0.0,-0.528192,0.16074091,0.19664945,-0.07822213,-0.48659727,-0.096015245,-0.07167877,0.28025085,"charge_per_service, tenure, num_services",0.7031201
-0.025582686,-0.31411886,-0.32040054,0.2660017,-0.055713587,-0.050560683,-0.08128025,1.0722233,0.72381246,-1.7842481,0.0059905457,0.07183309,0.06722745,0.0,-0.4052228,-0.3990618,0.12035155,0.0,-0.12974899,0.0,-0.21154283,0.0,-0.1693045,0.0,-0.22920711,0.0,-0.21257073,0.0,-0.35402077,-0.021697069,-1.3710405,0.34835017,-1.0589668,-0.20444836,-0.034402054,-0.14672819,"charge_per_service, Contract_Two year, TotalCharges",0.0072974632
0.041449007,0.11128691,0.04256519,1.1872137,-0.05320298,-0.017481865,0.027066974,0.7297949,1.0191296,1.2531993,-0.014211415,-0.06213747,0.08491732,0.0,-0.08296376,0.34658426,-0.0033663616,0.0,-0.11245903,0.0,-0.6245224,0.0,-0.3184512,0.0,-0.08735617,0.0,-0.40546057,0.0,-0.42094052,0.10716247,0.15519373,-0.11562825,0.76385814,-0.20742482,-0.10162394,0.13047408,"charge_per_service, tenure, num_services",0.9665551
0.041211434,0.18964149,0.058101512,-0.0010453314,-0.050372694,-0.0021598414,0.2951155,-0.03038757,0.8054332,0.8562139,0.00690753,-0.07024766,-0.118532054,0.0,0.30963787,-0.3680007,-0.004282714,0.0,-0.072579145,0.0,-0.40413246,0.0,-0.18019702,0.0,-0.15329865,0.0,-0.5676253,0.0,-0.7320705,0.07197168,0.19602443,-0.22210947,-1.0095663,0.33244383,0.25405133,-0.1183467,"PaymentMethod_Electronic check, charge_per_service, num_services",0.3324718
-0.09817941,-0.19821951,-0.49711922,-1.0175793,-0.060555406,0.043402,0.22604571,-1.3030549,-0.7483872,-0.77301645,0.004609269,0.10966342,-0.15858467,0.0,-0.3184533,-0.50859606,-0.0015363169,0.0,0.28113472,0.0,-0.4328463,0.0,-0.5204394,0.0,-0.07850674,0.0,0.4277017,0.0,0.72073776,-0.018591894,-0.37816194,-0.070674114,-0.49572873,-0.06860346,-0.0019812798,-0.101661205,"TotalCharges, tenure, charge_per_service",0.0023616932
-0.0040824283,-0.35839704,0.059183244,0.37654284,-0.055922467,-0.086930245,-0.04457543,0.2007985,0.8398485,0.31907883,-0.011569019,-0.0693714,-0.21783198,0.0,0.27011803,-0.34035802,-0.003811851,0.0,-0.042603146,0.0,-0.25053594,0.0,-0.3616541,0.0,-0.19424903,0.0,-0.49993053,0.0,-0.6171013,0.04485615,0.14191823,-0.15451469,0.7185113,-0.20276594,-0.08863561,0.14909431,"num_services, PaymentMethod_Electronic check, StreamingMovies_Yes",0.3790183
0.020073337,-0.21242319,-0.19174531,-0.57274085,-0.084022306,-0.37888512,0.17359346,-0.101093695,-0.63902247,-0.6103453,0.004907327,-0.17261373,-0.016691027,0.0,0.2901645,-0.6854966,-0.000874751,0.0,-0.20094387,0.0,-0.49373338,0.0,0.6054321,0.0,-0.14560974,0.0,0.28715998,0.0,0.7239318,-0.18061696,-0.37518504,-0.056485582,-0.7296511,-0.1695754,-0.04620448,-0.1521814,"PaymentMethod_Electronic check, StreamingMovies_Yes, InternetService_Fiber optic",0.015989479
0.01209047,0.13658604,0.08623868,-0.11893379,0.25961763,-0.0013577094,0.13904889,0.4036324,1.2325048,-0.08062836,-0.05684946,-0.09132371,0.04600006,0.0,-0.2770481,-0.21742178,-0.009944319,0.0,-0.091497555,0.0,-0.2994823,0.0,-0.48302895,0.0,-0.105545774,0.0,-0.50064933,0.0,0.56023514,-0.02163347,0.19725145,-0.15412077,-1.1716383,0.30620638,-0.053217605,0.16011965,"num_services, PaymentMethod_Electronic check, StreamingMovies_Yes",0.44927096
0.013101384,-0.35919473,0.10693586,-0.64918333,-0.045142993,0.06710055,-0.9039442,-0.011386873,-1.9879663,0.032781783,0.0134614725,0.15507819,0.031217454,0.0,0.37919065,0.27422523,-0.00077185105,0.0,-0.20841184,0.0,0.8056689,0.0,0.7540984,0.0,0.4551779,0.0,0.79663754,0.0,0.60271215,-0.084219545,-1.2265588,-0.13846144,0.4816361,-0.13146192,-0.0110659655,-0.03801937,"num_services, Contract_Two year, MonthlyCharges",0.30246386
-0.045032997,0.15997113,-0.011988005,-0.14747585,-0.10734842,0.058034897,-0.005965475,0.32377928,-0.6736491,-0.5890748,0.03313575,0.0907841,0.070769794,0.0,-0.26263797,-0.37331158,-0.000876094,0.0,-0.06256702,0.0,-0.7863469,0.0,0.51357245,0.0,0.3291756,0.0,-0.6861209,0.0,0.6018227,0.0024747509,-0.28647506,-0.15625267,-1.048859,0.66990316,-0.0017737979,-0.10962581,"PaymentMethod_Electronic check, OnlineBackup_Yes, StreamingTV_Yes",0.07510557
-0.01251358,0.05929323,0.027593192,0.46560818,-0.11588693,-0.062031098,0.14909059,-0.19786137,0.48245132,-1.7810299,-0.01657606,0.0992737,-0.021269748,0.0,-0.42511243,-0.21411449,0.11545408,0.0,-0.098970644,0.0,-0.39453363,0.0,-0.3186336,0.0,-0.09220805,0.0,-0.22923015,0.0,-0.42040148,0.18985872,0.34262854,0.20165594,-1.1428049,-0.29716083,-0.11840276,0.11604804,"charge_per_service, PaymentMethod_Electronic check, num_services",0.023692627
0.24253708,-0.048576932,0.039309066,-1.2689061,0.385275,0.07436419,0.061550282,-0.54434687,0.46977705,-0.63290006,0.0068507884,0.04886731,0.029677438,0.0,-0.2704137,-0.19110747,-0.009342767,0.0,0.605167,0.0,-0.4863259,0.0,-0.23650461,0.0,0.20162171,0.0,-0.5103859,0.0,-0.54675466,-0.45472586,-0.3671354,-0.14586756,-0.730651,-0.07157019,0.0042189783,-0.13982725,"tenure, PaymentMethod_Electronic check, charge_per_service",0.011041913
0.0514539,0.07265355,0.0473457,0.80956596,-0.045863338,-0.1717465,0.13056669,0.6895497,-0.51350844,0.2790794,-0.029769907,-0.30398083,0.12142523,0.0,-0.3354355,0.23828568,-0.002029194,0.0,-0.08671864,0.0,0.541822,0.0,-0.5393008,0.0,-0.1171039,0.0,0.68464744,0.0,0.54949456,0.068109594,0.14280216,-0.14100097,0.7128069,-0.12618113,-0.038596697,0.08991105,"tenure, PaymentMethod_Electronic check, TotalCharges",0.9410029
0.040118277,-0.13274592,0.0891895,-0.3626496,-0.030137293,0.01380986,-0.09493209,-0.1675475,-1.1335294,0.4150533,0.006197011,-0.14352295,-0.32878777,0.0,0.17820168,0.27823368,-0.00083869125,0.0,-0.119370185,0.0,0.7591702,0.0,1.1757376,0.0,-0.18206944,0.0,0.54601973,0.0,0.76408935,-0.4533705,-0.116822906,-0.133075,-0.53033984,-0.05560319,-0.0016904206,-0.084034115,"DeviceProtection_Yes, num_services, StreamingMovies_Yes",0.54634815
-0.026969193,-0.13378854,0.090235844,0.70567435,-0.13745932,0.019763866,0.7117749,-0.24136986,0.9375657,-1.3792638,-0.015402111,0.124049164,0.016700272,0.0,-0.39033273,-0.354423,0.11545408,0.0,-0.06808144,0.0,-0.3303412,0.0,-0.32856774,0.0,-0.13879202,0.0,-0.3320966,0.0,-0.3980364,0.19060834,0.34423667,-0.027100073,-0.6055299,-0.17089917,-0.0766108,0.18493538,"charge_per_service, num_services, MonthlyCharges",0.15149896
0.030476402,0.10595211,0.05732572,1.4987397,-0.047079343,-0.08763271,0.16968192,0.53119284,0.99998295,1.1238549,-0.011456081,-0.039498597,0.027101014,0.0,0.25709245,-0.3643754,-0.0031580264,0.0,-0.049223144,0.0,-0.28508732,0.0,-0.3472056,0.0,-0.12524341,0.0,-0.46574938,0.0,-0.6051296,0.11830308,0.22805472,-0.14367768,-0.8500556,0.49834704,-0.04698878,0.2674323,"tenure, charge_per_service, num_services",0.91932046
-0.014393125,0.06264939,0.068035215,1.2955389,-0.09034994,-0.09797099,0.48052758,0.5435444,0.95542085,-0.956064,-0.016139569,0.097089045,-0.07957993,0.0,-0.29940733,-0.31653413,0.107984215,0.0,-0.07505896,0.0,-0.30701983,0.0,-0.29738858,0.0,-0.11716227,0.0,-0.42533395,0.0,-0.37191942,0.24415566,0.39345762,-0.11296032,-0.8919315,0.65650916,-0.057723448,0.24222346,"tenure, charge_per_service, num_services",0.6482536
0.00030278988,-0.277253,-0.27082843,0.097202316,-0.06689338,0.029626807,0.32752895,0.06434048,0.19893718,0.41437957,0.016646242,-0.08103847,-0.17916377,0.0,-0.32538253,-0.46669045,-0.0021557235,0.0,-0.14419383,0.0,-0.19940037,0.0,-0.32715636,0.0,-0.12816484,0.0,-0.6600047,0.0,0.6038824,0.02309767,0.13609348,-0.21335395,0.62637705,-0.12713917,0.03970635,-0.14007139,"StreamingTV_Yes, PaymentMethod_Electronic check, StreamingMovies_Yes",0.261228
-0.027885506,-0.17763983,-0.2173025,-0.41829842,-0.083913215,0.028757889,0.9499266,-0.1810254,0.765639,-1.9114354,0.0068698744,0.11164719,-0.123156555,0.0,-0.42098212,-0.5659201,0.12745844,0.0,-0.21632661,0.0,-0.225826,0.0,-0.20198788,0.0,-0.16453741,0.0,-0.37718716,0.0,-0.34115094,0.16988002,0.2457358,-0.121433616,-0.9692734,0.5212564,-0.05431086,-0.118321575,"charge_per_service, PaymentMethod_Electronic check, MonthlyCharges",0.017993793
0.030636327,-0.22302765,0.022202339,-0.57824373,-0.031638984,0.025051517,-0.3680298,0.463388,-1.3280221,0.33165812,0.0134614725,-0.2665464,0.031774722,0.0,0.15443328,0.30472,-0.00083869125,0.0,-0.10443522,0.0,0.50003624,0.0,1.4334961,0.0,-0.1973901,0.0,0.7930271,0.0,0.83871645,-0.58703995,-0.14685178,-0.08145234,-0.63122064,-0.055761054,-0.0024796224,-0.07126765,"DeviceProtection_Yes, num_services, StreamingMovies_Yes",0.56452054
0.0075818985,0.062048066,0.012315283,1.5474961,-0.030022038,-0.19052698,0.11722043,0.7608944,0.10207688,0.37260592,-0.012073917,0.0063357474,-0.09874744,0.0,-0.16936173,0.24456044,-0.003872989,0.0,0.32399,0.0,-0.33114493,0.0,-0.36595032,0.0,-0.09546276,0.0,-0.77091724,0.0,-0.6312658,0.1900554,0.21838664,-0.18914057,-0.81554276,0.38108042,-0.0069638654,0.18435584,"tenure, PaymentMethod_Electronic check, StreamingTV_Yes",0.6923617
0.06762397,-0.19599554,0.027851311,-0.31079793,-0.04457844,0.0252451,-0.21164265,-0.45644557,-1.2234461,-0.058231834,0.0134614725,0.16518497,0.13611911,0.0,-0.56306994,0.20853941,-0.0015002573,0.0,-0.19146742,0.0,0.9555635,0.0,-0.78393203,0.0,0.23297855,0.0,0.58701205,0.0,0.67629856,-0.0611594,-0.038603146,-0.23476031,0.61707884,-0.15780354,-0.011344755,-0.05508219,"num_services, OnlineBackup_Yes, DeviceProtection_Yes",0.28992873
-0.0391894,-0.25119522,-0.19021916,-0.093924366,0.25023833,-0.059790075,0.09458203,-0.10604012,-0.443586,-3.3590925,0.02799312,0.03467139,0.005772405,0.0,-0.5223795,-0.41621032,-0.0014200725,0.0,0.2265225,0.0,0.61351204,0.0,0.50707567,0.0,0.28435895,0.0,-0.5953113,0.0,0.3283244,-0.020282943,-1.216425,0.30242765,-1.0150733,-0.19342482,0.0051778047,-0.1039768,"charge_per_service, Contract_Two year, PaymentMethod_Electronic check",0.002584303
0.038459357,0.09295936,0.039512035,0.08014192,-0.04974277,-0.017659426,0.09873454,-0.4280345,0.9062006,0.88857055,-0.020634536,-0.08233949,0.13261686,0.0,0.31934682,0.3374995,-0.004182846,0.0,-0.09214683,0.0,-0.64883906,0.0,-0.38582796,0.0,-0.21254781,0.0,-0.53307635,0.0,-0.5442622,0.05459303,0.13924773,-0.14781027,0.83016,-0.2083483,-0.2024696,0.12544222,"num_services, charge_per_service, PaymentMethod_Electronic check",0.62169206
-0.076517925,0.11617133,0.026256068,0.58616894,-0.056763344,-0.0065372507,0.016503623,0.1118968,0.8443285,0.8972866,-0.01575625,-0.12521532,-0.12775892,0.0,-0.35997194,0.20565,-0.0038033887,0.0,-0.037088282,0.0,-0.5308456,0.0,-0.33259955,0.0,-0.20139903,0.0,-0.45366734,0.0,-0.5227758,0.1125263,0.13984486,-0.17015344,0.559009,-0.17809992,-0.12627149,0.13071433,"charge_per_service, num_services, tenure",0.60164046
0.00013436328,0.064475946,0.12866394,-0.5996254,-0.079470515,-0.060163688,-0.3573831,-0.4682014,-1.3542402,-0.5754076,0.0064419564,0.092710756,-0.13777862,0.0,-0.42454314,0.28039548,-0.0010635976,0.0,0.5423602,0.0,-0.3467692,0.0,0.60705775,0.0,0.50651854,0.0,0.65770084,0.0,0.64363575,0.2761609,-0.1266366,-0.18040994,0.75473136,-0.14721578,-0.00075639377,-0.035013083,"num_services, PaymentMethod_Electronic check, StreamingTV_Yes",0.41519788
0.004790468,0.12565963,0.13147826,0.7708939,0.57022864,0.2507699,0.2966173,0.7722034,0.021842746,-1.0465503,-0.053506114,0.2999542,-0.12036411,0.0,-0.32108843,-0.25940177,-0.009330154,0.0,0.33292192,0.0,0.6788095,0.0,-0.5105571,0.0,-0.18234801,0.0,-0.5399207,0.0,0.41347098,0.1603915,0.3508585,-0.18972947,0.862562,-0.2019068,-0.015011153,0.064889014,"charge_per_service, PaymentMethod_Electronic check, TotalCharges",0.93399876
0.043769017,0.033267077,0.05925565,-0.16674212,-0.049393844,-0.016116502,0.01716448,0.058217026,0.5964823,0.89815134,-0.047793444,-0.076658405,0.011525041,0.0,-0.5137998,0.35465878,-0.0021188702,0.0,-0.04762763,0.0,-0.63241214,0.0,-0.23342294,0.0,-0.10745714,0.0,-0.92798114,0.0,0.6772467,0.04398984,0.14391646,-0.1594462,0.70253354,-0.14285262,-0.054083925,0.10349349,"StreamingTV_Yes, charge_per_service, PaymentMethod_Electronic check",0.63574374
-0.01682565,-0.13584843,-0.27057058,-1.5836301,-0.09779044,-0.15501785,-0.32573116,-0.8129751,0.57227236,-0.42573464,0.005020509,-0.23142205,0.08850057,0.0,0.17722799,-0.45484143,0.058171347,0.0,-0.054529157,0.0,-0.43192905,0.0,-0.25197875,0.0,-0.23657462,0.0,-0.4161795,0.0,-0.51930153,0.008083716,-0.6413017,-0.058889963,-0.5211711,-0.02162745,-0.02448725,-0.14045992,"tenure, TotalCharges, Contract_Two year",0.0009786399
0.09152114,-0.116049774,0.022569522,-0.82235444,-0.21700811,-0.1331897,-0.09358142,0.009136569,-1.6432095,-1.7948916,0.005525032,0.22451648,0.035608344,0.0,0.23297042,-0.37854403,-0.0006696105,0.0,-0.30612198,0.0,0.6231535,0.0,0.4646907,0.0,0.032235917,0.0,0.4511378,0.0,0.44577932,-0.0090551255,0.26351893,-0.20143472,0.7566896,-0.26953486,-0.0029079036,-0.04633859,"charge_per_service, num_services, tenure",0.08434969
-0.005302562,-0.16859826,0.068875775,0.044549506,0.35886854,-0.15613629,0.3641299,-0.047138467,0.1693449,-0.92545813,0.012789493,0.17471865,0.03367635,0.0,-0.46875048,-0.5138173,-0.0028993946,0.0,-0.08149263,0.0,0.69942856,0.0,-0.44729286,0.0,-0.11961513,0.0,0.27441207,0.0,0.62415284,-0.017871866,-1.1878088,0.54698867,-1.1338822,-0.17701428,0.0005023946,-0.10599156,"Contract_Two year, PaymentMethod_Electronic check, charge_per_service",0.10015911
-0.057551533,-0.10393576,-0.0055679027,-1.9644971,-0.09380754,-0.07892306,-0.4917193,-0.7032261,-1.424643,-1.8501425,0.0134614725,-0.076860234,0.028329365,0.0,0.18078175,-0.43078795,-0.0006027703,0.0,0.18877207,0.0,0.2960201,0.0,0.28797224,0.0,0.20014605,0.0,0.42737502,0.0,0.5594553,-0.14857258,-1.4899664,-0.1920877,-0.8057006,-0.048396938,-0.0021774992,-0.11882908,"tenure, charge_per_service, Contract_Two year",0.00036526966
0.0042171194,0.058939327,-0.011311433,0.16130877,-0.045166682,0.055948526,-0.39835966,-0.37589765,-0.8611042,0.41083577,0.032165714,0.15581281,0.11205368,0.0,-0.55111945,0.18548208,-0.0015363169,0.0,0.62371147,0.0,-0.3781951,0.0,-0.3667764,0.0,0.4115593,0.0,-1.1135049,0.0,0.63384676,0.10236975,0.1471041,-0.22324365,0.77771306,-0.096667714,0.014531303,-0.042629205,"StreamingTV_Yes, num_services, PaymentMethod_Electronic check",0.35738337
-0.04391014,0.12936267,0.11022909,0.61277795,-0.040594496,-0.33370623,0.14382568,0.20106609,-0.4526875,-0.80177855,-0.022511091,0.13739337,0.061165377,0.0,-0.19363911,-0.19690067,-0.0038372967,0.0,0.20802028,0.0,-0.63366824,0.0,0.42243764,0.0,-0.2633096,0.0,-0.54365826,0.0,-0.31344855,0.1371955,0.23312914,0.6909097,-1.0809326,-0.12622094,0.05208435,0.15869951,"PaymentMethod_Electronic check, charge_per_service, PaymentMethod_Credit card (automatic)",0.14662337
-0.050292477,0.07625999,0.12018117,-0.20163925,0.48233896,0.048908878,0.11819485,-0.2659255,0.107445545,-1.2197396,0.01529416,-0.11582458,0.09851219,0.0,-0.3558049,-0.314486,-0.009119772,0.0,-0.13882121,0.0,0.562629,0.0,-0.50472075,0.0,-0.06343795,0.0,0.5135773,0.0,0.6956864,0.06591847,0.20872702,-0.20114072,0.8218357,-0.18303046,-0.015946595,-0.047884587,"charge_per_service, PaymentMethod_Electronic check, StreamingMovies_Yes",0.5594347
0.0030111682,-0.18301018,0.0030967875,-0.06327512,-0.10313428,-0.0573589,0.5402317,-0.06647093,0.81703836,-1.0268693,0.0058998372,0.12342422,-0.019200547,0.0,-0.49598116,-0.36489144,0.12745844,0.0,-0.06683079,0.0,-0.16722977,0.0,-0.31681108,0.0,-0.18343051,0.0,-0.3277052,0.0,-0.59081846,-0.3723664,-0.32932878,-0.18603007,-1.1631626,0.47840962,-0.06996288,-0.13666509,"PaymentMethod_Electronic check, charge_per_service, num_services",0.0147625385
-0.12662916,0.07187917,0.05438634,0.86883235,-0.042750113,0.009199981,0.024563445,0.7186253,-0.20990166,0.44370493,-0.013627823,-0.12635678,-0.027387064,0.0,0.32438827,0.31119618,-0.0036484501,0.0,-0.07401331,0.0,-0.4007121,0.0,0.8875233,0.0,-0.23723817,0.0,0.49442294,0.0,-0.8306429,0.1130866,0.12932892,-0.09374639,0.53103185,-0.21166563,-0.09433472,0.10361023,"DeviceProtection_Yes, tenure, StreamingMovies_Yes",0.9298442
0.014224605,-0.23123492,0.06360443,-0.03719227,-0.023456061,0.048480812,0.04656211,-0.41218743,0.39070654,1.0785129,0.0030754777,-0.16719966,-0.14240356,0.0,0.32000992,0.33646676,-0.004182846,0.0,-0.09436377,0.0,-0.6049222,0.0,-0.2534163,0.0,-0.14281675,0.0,0.87005967,0.0,-0.5914083,0.09468168,0.1503474,-0.19648385,0.8095316,-0.13116881,0.10306468,-0.05640045,"charge_per_service, StreamingTV_Yes, PaymentMethod_Electronic check",0.7741098
0.029076155,0.1300439,0.0769194,-0.36097708,-0.03758441,0.074166134,-0.52376187,-0.36537832,-0.7622121,0.50417644,0.006812457,-0.29154462,-0.08075953,0.0,0.25218952,0.31981605,-0.001002092,0.0,-0.15498914,0.0,0.43012062,0.0,-0.81866306,0.0,-0.058476914,0.0,0.69736224,0.0,0.7436194,0.09390146,0.11853456,-0.20399633,0.753574,-0.13921556,0.034317687,-0.041863836,"DeviceProtection_Yes, num_services, PaymentMethod_Electronic check",0.6023769
0.0048087533,0.07127009,0.059249446,1.5414357,-0.031064145,0.01690495,0.18438606,0.19299805,0.039722513,0.6913269,-0.009746391,-0.11651144,-0.04256068,0.0,-0.1806761,0.4107485,-0.00367841,0.0,-0.098997116,0.0,-0.5045615,0.0,0.60881555,0.0,-0.097938225,0.0,0.48460352,0.0,-0.4350164,0.23358676,0.22068568,0.24433786,-0.69687736,-0.24580038,-0.03660771,0.21446031,"tenure, PaymentMethod_Electronic check, charge_per_service",0.93764216
-0.0071781585,0.11234483,0.027922824,-0.07089894,-0.13838568,0.07344335,0.30513537,-0.093822494,0.77535206,-1.0522405,0.0059006102,0.18440975,-0.0052261855,0.0,-0.46220356,-0.26939937,0.12745844,0.0,-0.048099592,0.0,-0.28178337,0.0,-0.25831044,0.0,-0.2080496,0.0,-0.26995206,0.0,-0.3182277,0.19113979,0.35550344,0.20127314,-1.2159506,-0.33351463,0.040713094,-0.15951495,"PaymentMethod_Electronic check, charge_per_service, num_services",0.057270836
-0.01036899,0.13921475,0.034993496,-0.008862669,-0.16518685,-0.20912442,0.036128063,-0.16876903,0.8476824,-0.8159846,0.006870647,0.090078235,-0.01900081,0.0,0.20670986,-0.46531153,0.11658744,0.0,-0.07667382,0.0,-0.5459219,0.0,-0.13970664,0.0,-0.16906814,0.0,-0.30470482,0.0,-0.40644887,-0.010767838,-1.0003657,-0.20387088,-1.0531508,0.36110085,-0.05303692,-0.12845418,"PaymentMethod_Electronic check, Contract_Two year, num_services",0.015918294
-0.16483778,-0.0059502902,0.03985623,0.047473714,-0.02844824,0.105200544,-0.017483465,-0.3190513,0.27286866,0.5710529,0.02028669,-0.06883314,0.03824064,0.0,0.28674027,0.3100443,-0.0040194453,0.0,-0.114536926,0.0,-0.50120443,0.0,0.5024756,0.0,-0.18445498,0.0,-0.701811,0.0,-0.72188455,0.110429056,0.14145732,-0.14672022,0.87078285,-0.10972967,-0.006270314,-0.053421974,"PaymentMethod_Electronic check, StreamingMovies_Yes, StreamingTV_Yes",0.539772
-0.07503041,0.092273585,0.051994726,0.19022116,-0.05124274,0.0054167057,0.108212024,-0.21207511,-0.4103138,0.40785137,-0.016052388,-0.14305547,0.040021688,0.0,-0.4351843,0.35283586,-0.0020585267,0.0,-0.11455628,0.0,-0.38283736,0.0,-0.471882,0.0,-0.10535094,0.0,0.6710178,0.0,0.62498844,0.09523267,0.12968361,-0.15968525,0.6386567,-0.24371375,-0.052935615,0.091058254,"StreamingTV_Yes, PaymentMethod_Electronic check, StreamingMovies_Yes",0.64900404
0.0088580055,0.037598472,0.08038626,0.043771323,-0.13443777,0.011424748,0.52659,0.5475507,0.6713278,-1.0740007,-0.014958884,0.1723608,-0.012968338,0.0,-0.4471093,-0.19090967,0.11545408,0.0,-0.08553726,0.0,-0.29795283,0.0,-0.2642326,0.0,-0.0880573,0.0,-0.248803,0.0,-0.41722983,0.22647585,0.3373825,-0.031702664,-0.65541375,-0.15501861,-0.110232465,0.12458687,"charge_per_service, num_services, PaymentMethod_Electronic check",0.20856047
-0.048055306,-0.24467714,0.06907778,-0.7390773,-0.03568962,-0.22852945,-0.38009655,-0.4281042,-0.7029665,0.6658581,0.0036342307,-0.10019293,-0.2987968,0.0,0.34988257,0.27530363,-0.000874751,0.0,-0.2613104,0.0,-0.58714867,0.0,0.79023856,0.0,-0.18061124,0.0,0.45363733,0.0,0.67611325,0.11340879,0.11104102,-0.15561773,0.6162217,-0.15795869,0.026285637,-0.038514864,"DeviceProtection_Yes, tenure, num_services",0.39022973
-0.01610287,-0.1850272,0.058086265,-0.82180303,-0.12343542,-0.0078678215,0.7995974,-0.21458149,0.74508506,-1.3997563,0.0059905457,0.10790593,-0.017761346,0.0,-0.43054038,-0.44058794,0.12745844,0.0,-0.16910838,0.0,-0.35969198,0.0,-0.17493454,0.0,-0.18758033,0.0,-0.3288809,0.0,-0.44820544,0.15883417,0.26507065,-0.044131752,-0.58953935,-0.07945184,-0.053973176,-0.15078855,"charge_per_service, tenure, MonthlyCharges",0.0182612
-0.0082705105,0.0679096,0.031377725,-0.41392154,-0.029082866,0.0051774806,0.33079204,-0.43863568,0.9747561,0.996535,0.0073190443,-0.08079106,0.046955112,0.0,0.2793022,0.40999666,-0.004182846,0.0,-0.028689386,0.0,-0.4956589,0.0,-0.19738683,0.0,-0.14638992,0.0,-0.5750143,0.0,-0.6694518,0.11004047,0.2031781,-0.11966522,-0.8560092,-0.05504327,0.17574152,-0.108787075,"charge_per_service, num_services, PaymentMethod_Electronic check",0.35509306
0.0013700807,-0.06573009,-0.2668789,-0.7253593,-0.05737243,-0.1379023,0.15576042,-0.13588761,0.26075548,-0.009693836,0.0074684927,-0.39739951,-0.057259664,0.0,-0.19302152,-0.6518287,-0.0041142073,0.0,-0.19314653,0.0,0.59958637,0.0,-0.40583286,0.0,-0.038559094,0.0,-0.62805545,0.0,-0.4487376,0.13106145,0.15194413,-0.20128374,-0.74623996,0.2675262,-0.00056070666,-0.12703764,"PaymentMethod_Electronic check, tenure, InternetService_Fiber optic",0.019355085
0.056417413,-0.10949859,0.015524945,-0.07852349,-0.13196005,0.048559815,0.14123578,-0.18253978,-0.8036111,-1.0263659,0.02799312,0.37167442,0.02887826,0.0,-0.22122505,-0.43845278,-0.0015599409,0.0,0.51292264,0.0,0.60906667,0.0,-0.34232536,0.0,-0.08555125,0.0,-0.78953403,0.0,0.38358876,0.11654159,0.28210434,-0.13595241,-0.5110993,-0.07280237,0.0038164533,-0.11612224,"charge_per_service, num_services, StreamingTV_Yes",0.07888272
-0.11040369,0.0015849454,0.05473029,0.13077168,-0.027245574,0.08834458,0.15320653,-0.35814485,0.1668879,0.43164542,0.019875176,0.14537713,-0.1412892,0.0,0.3065913,0.28109568,-0.004182846,0.0,0.3200792,0.0,-0.52695453,0.0,-0.2573065,0.0,-0.17507192,0.0,-0.7338795,0.0,-0.53145665,0.11885315,0.14628716,-0.19336109,0.86883074,-0.083586015,0.022370761,-0.064655885,"PaymentMethod_Electronic check, StreamingTV_Yes, StreamingMovies_Yes",0.5100403
0.046038654,0.10267062,0.017846769,-0.12317157,-0.040127184,-0.092438295,0.27111718,-0.8400607,1.2445301,1.0040073,0.00478708,-0.12035818,0.11184775,0.0,-0.59198576,0.24719018,-0.0020027878,0.0,-0.17767966,0.0,-0.6094901,0.0,-0.16520894,0.0,-0.17652214,0.0,-0.5821342,0.0,-0.3413351,0.093091525,0.14832892,-0.1583323,0.88484836,-0.14396629,0.2444805,-0.07768859,"num_services, charge_per_service, PaymentMethod_Electronic check",0.54226285
-0.11051497,-0.010048853,-0.32375547,-0.45933172,-0.031894464,-0.024754507,-0.21529584,-0.043541268,-1.0843439,0.39803413,0.006197011,-0.09591544,-0.15217195,0.0,0.1832332,0.18542585,-0.00083869125,0.0,-0.12458248,0.0,0.86797225,0.0,0.85789746,0.0,-0.17409392,0.0,0.6809619,0.0,0.47012398,-0.52159435,-0.028601121,-0.2182214,0.5750256,-0.13592434,-0.010813274,-0.044414468,"num_services, OnlineBackup_Yes, DeviceProtection_Yes",0.59998256
0.034413785,-0.12408415,-0.1937282,-0.878304,-0.03360343,-0.25143868,-0.111296654,-0.683011,-0.6323858,0.14560977,0.018233985,-0.29490024,-0.1903054,0.0,0.24855368,0.21469203,-0.00083869125,0.0,-0.2240427,0.0,0.34583357,0.0,0.31475604,0.0,-0.16647282,0.0,-1.1577314,0.0,0.4149296,-0.43201083,-0.051994465,-0.17458747,0.52142096,-0.14349023,-0.0049326406,-0.04364376,"StreamingTV_Yes, tenure, TotalCharges",0.02810811
0.023905113,-0.17727154,-0.1450637,-0.4940641,-0.021820744,0.12138876,0.258261,-0.16551377,0.1409518,0.4980427,0.0037026329,-0.06265131,-0.04810739,0.0,-0.2120823,0.45717296,-0.0015629514,0.0,-0.09409598,0.0,-0.32372558,0.0,0.56439304,0.0,-0.118282355,0.0,0.673044,0.0,-0.75714827,0.22396135,0.21298814,-0.2179962,-0.7570748,0.72770536,0.011154437,-0.1250621,"StreamingMovies_Yes, PaymentMethod_Electronic check, PaymentMethod_Mailed check",0.546446
-0.046515275,0.10765348,0.061681632,-0.17557825,-0.05500028,-0.12238881,0.35406658,0.30888152,-0.29284412,-0.40779924,0.008377616,0.10585546,0.034654222,0.0,-0.17593096,-0.38971972,-0.0015629514,0.0,0.30716595,0.0,-0.6245525,0.0,0.39664155,0.0,-0.17850845,0.0,-0.45502096,0.0,-0.34308267,0.208978,0.2129419,1.1472923,-1.2197357,-0.09377228,0.07018453,-0.102160305,"PaymentMethod_Electronic check, PaymentMethod_Credit card (automatic), OnlineBackup_Yes",0.20284204
0.01506611,0.09808305,0.051645145,-0.32813525,-0.08826799,0.11025867,0.30468276,-0.89733785,0.21922809,-0.16302587,0.02140022,0.18767893,-0.2253486,0.0,-0.27565786,-0.36489484,-0.0020356707,0.0,0.51468456,0.0,-0.64304507,0.0,-0.35322657,0.0,-0.11900201,0.0,-0.8494445,0.0,-0.30114466,-0.3059887,-0.07659757,-0.28671408,0.8563669,-0.14738443,-0.005351986,-0.08219593,"TotalCharges, PaymentMethod_Electronic check, StreamingTV_Yes",0.041307256
-0.012411467,0.0913104,0.09679614,0.581765,-0.12073882,-0.019313324,0.31980762,0.5103165,0.5669132,-0.9699683,-0.01657606,0.20102516,-0.016569326,0.0,-0.4384133,-0.2098302,0.11545408,0.0,-0.05160663,0.0,-0.43513903,0.0,-0.3085033,0.0,-0.083053626,0.0,-0.33768538,0.0,-0.4026626,0.18925367,0.35960463,-0.15703793,-1.0596452,0.53119487,-0.052841958,0.13004376,"PaymentMethod_Electronic check, charge_per_service, tenure",0.26750097
-0.055489533,-0.08895147,-0.018255731,-0.20642184,-0.09167345,0.18908797,-0.15654518,-0.54830235,-1.7979008,-1.5261712,0.012789493,0.11507435,0.15371534,0.0,0.24230108,-0.46262756,-0.0006027703,0.0,0.446231,0.0,0.45992246,0.0,0.52922976,0.0,0.36422044,0.0,0.47810593,0.0,0.53003263,0.021477649,-1.5557665,-0.15990804,-0.74423075,0.0016915979,0.0013339474,-0.114643276,"num_services, Contract_Two year, charge_per_service",0.018144049
0.06418091,0.065766215,0.077531196,-0.48282516,0.29986897,0.16777904,0.17364077,-0.817607,0.27780703,-1.2745085,0.007411993,-0.06761526,0.038903218,0.0,-0.45223677,-0.49530202,-0.0027626154,0.0,-0.15948783,0.0,-0.57427156,0.0,0.70457524,0.0,-0.1238802,0.0,0.45048267,0.0,0.6639804,-0.46958494,-0.11317791,-0.15573324,0.8640845,-0.19073136,0.050796807,-0.04992584,"charge_per_service, PaymentMethod_Electronic check, TotalCharges",0.17774963
-0.020830711,0.25905913,0.03114501,-0.5774126,-0.08109735,-0.027017385,0.60029125,0.42818406,0.7572363,-1.5838125,0.006870647,0.06827183,0.005528986,0.0,-0.26159185,-0.43595797,0.12035155,0.0,-0.119255245,0.0,-0.31740245,0.0,-0.25641558,0.0,-0.23010935,0.0,-0.37876576,0.0,-0.39403316,0.028363839,-1.5253074,-0.118693955,-1.0672257,0.49378946,-0.064522795,-0.14600444,"charge_per_service, Contract_Two year, PaymentMethod_Electronic check",0.008040494
0.041234035,0.0344024,-0.5678682,-0.39036715,-0.03360553,0.015209432,-0.41892967,0.18337579,-1.1251024,0.34454355,0.0134614725,-0.089772806,0.16732173,0.0,0.19413695,0.23216696,-0.00083869125,0.0,-0.13194859,0.0,0.7725583,0.0,0.97279894,0.0,-0.27059737,0.0,0.6042754,0.0,0.45116705,-0.3826203,-0.017757185,-0.17868052,0.620756,-0.13117498,-0.011825362,-0.043864463,"num_services, DeviceProtection_Yes, OnlineBackup_Yes",0.6992288
0.020204797,0.21060729,0.047836248,-0.18054067,-0.04582551,-0.10974606,0.35741907,0.1307773,0.45804283,0.22254963,0.009965358,-0.3999077,-0.13537788,0.0,-0.23848012,-0.19730742,-0.0041142073,0.0,-0.12113455,0.0,0.31841785,0.0,-0.28513908,0.0,-0.11238172,0.0,-0.563735,0.0,-0.81269145,-0.22291203,-0.11450329,0.90841234,-1.1394733,-0.173019,0.030835051,-0.16427056,"PaymentMethod_Electronic check, PaymentMethod_Credit card (automatic), StreamingMovies_Yes",0.08994404
0.03184007,0.046796106,0.08090278,0.7774885,-0.027593251,0.11139693,-0.26886615,0.4162829,-1.2465088,0.36652786,-0.018719552,0.09373494,0.03906312,0.0,-0.23774742,0.19000414,-0.0015858074,0.0,0.154542,0.0,-0.5558727,0.0,0.57063764,0.0,-0.40101117,0.0,0.36011812,0.0,0.63828695,0.12077272,0.25153077,0.25699377,-0.7567446,-0.08295865,-0.0130917085,0.1930668,"num_services, tenure, PaymentMethod_Electronic check",0.7465808
0.011411994,-0.0973706,-0.036976013,-1.424132,-0.100056216,0.054733865,-0.17590287,-0.26356143,-0.70067376,-0.5801005,0.004609269,-0.13344495,-0.007222555,0.0,0.25508365,-0.65814555,-0.00062040717,0.0,-0.11140261,0.0,-0.36685303,0.0,0.4036573,0.0,0.29576012,0.0,0.38770926,0.0,0.5354786,-0.06793117,-0.6907686,-0.19190496,-0.7441217,-0.0712987,0.0020277011,-0.1176716,"tenure, PaymentMethod_Electronic check, num_services",0.009966434
-0.05719943,0.105401605,0.04118746,-0.71130604,-0.055421285,-0.12914656,-0.0030147382,-0.13061236,-1.3862399,-0.8647855,0.0064419564,0.09262484,-0.15814325,0.0,0.33223101,-0.4860477,-0.0006872474,0.0,0.34991437,0.0,-0.2659176,0.0,0.05932629,0.0,0.25493407,0.0,0.38893265,0.0,0.6834452,0.17582458,-0.25021923,0.77085143,-1.2375028,-0.15732017,0.014840555,-0.10680979,"num_services, PaymentMethod_Electronic check, charge_per_service",0.06103992
-0.03827306,0.004844136,0.065160744,-1.7984418,-0.057420924,-0.0143950265,-0.2749752,-0.20353834,-1.5325437,-0.5276203,0.025498446,-0.03830402,0.021346107,0.0,0.17049849,0.21419786,-0.00077185105,0.0,0.4512354,0.0,0.2730503,0.0,0.6299485,0.0,0.43450373,0.0,-1.0667459,0.0,0.46141702,-0.18061242,-1.0878394,-0.117918,-0.6932421,-0.03839661,0.023762368,-0.09508819,"tenure, num_services, Contract_Two year",0.0066962345
0.01642843,0.099687435,-0.7851126,0.94609743,-0.036830943,0.05164576,0.1580025,0.8255145,-0.303874,0.79750013,-0.014273351,-0.11060606,-0.02160533,0.0,0.255939,0.3669838,-0.0014131645,0.0,-0.12917566,0.0,-0.42988974,0.0,-0.47330144,0.0,-0.018683093,0.0,0.42068976,0.0,0.54604965,0.09568291,0.1263591,-0.11470601,0.66079324,-0.15947612,-0.04685547,0.08857963,"tenure, TotalCharges, charge_per_service",0.9427473
0.008366733,0.092564784,0.03111138,-0.47142062,-0.09546838,-0.0014368235,0.35162926,-0.32394275,0.8730563,-1.9336332,0.0059006102,0.15200973,-0.022794189,0.0,-0.5164069,-0.4497179,0.12745844,0.0,-0.121406235,0.0,-0.34171733,0.0,-0.2333191,0.0,-0.19785677,0.0,-0.23332147,0.0,-0.5401712,-0.11546659,-0.32326224,0.61029905,-1.2296977,-0.23792818,-0.08966881,-0.11851182,"charge_per_service, PaymentMethod_Electronic check, num_services",0.004708909
-0.03176368,-0.17929013,-0.33566648,-0.19204307,-0.09476783,-0.12770326,0.6198447,-0.06356612,0.6201886,-1.639155,-0.016182374,0.058599915,-0.095667474,0.0,-0.45172182,-0.33467028,0.12745844,0.0,-0.025455471,0.0,-0.23695679,0.0,-0.36211166,0.0,-0.17649649,0.0,-0.34042582,0.0,-0.34181702,0.13201798,0.29982787,-0.116940804,-0.9128722,0.6443005,-0.0636874,0.1788486,"charge_per_service, PaymentMethod_Electronic check, PaymentMethod_Mailed check",0.030274697
0.0055093705,0.11534221,0.0747921,0.7584676,-0.04775662,0.0016761957,0.25447503,0.53073436,0.30908543,0.13500737,-0.04488711,0.1635985,-0.10648967,0.0,-0.2620857,-0.1636724,-0.004310016,0.0,-0.20712338,0.0,-0.42826554,0.0,-0.38655734,0.0,0.2348375,0.0,-0.61353445,0.0,-0.37111986,0.1044591,0.21662769,-0.19443697,-0.99905384,0.38993728,-0.0132238,0.19922759,"PaymentMethod_Electronic check, tenure, StreamingTV_Yes",0.41154873
-0.085379586,0.13491718,0.039443336,0.515648,-0.048249155,0.16772605,0.061760332,0.26126716,0.34226036,0.69397575,-0.0461497,-0.27164507,0.07583373,0.0,-0.36165184,0.20420884,-0.0042276545,0.0,-0.06281154,0.0,0.57981026,0.0,-0.5235491,0.0,-0.080562465,0.0,-0.7535212,0.0,-0.5938257,0.10168872,0.1474031,-0.17599803,0.6469738,-0.22515245,-0.038216643,0.09667429,"StreamingTV_Yes, charge_per_service, PaymentMethod_Electronic check",0.68779343
-0.009716659,0.07334801,0.019045519,-0.3186311,-0.06250655,-0.08487849,0.36692512,-0.9943936,-0.7250966,-0.7283757,0.008377616,0.13392037,-0.029158885,0.0,-0.31514928,-0.2593837,-0.0010814521,0.0,0.61803687,0.0,-0.55178815,0.0,0.3746386,0.0,0.18007585,0.0,-0.5457667,0.0,-0.49541426,-0.4400482,-0.3579544,0.9207393,-1.3348339,-0.19845594,-0.095639065,-0.107842006,"PaymentMethod_Electronic check, TotalCharges, PaymentMethod_Credit card (automatic)",0.0068964045
-0.025429258,-0.2724697,-0.15186863,-0.4421572,-0.07769797,-0.016187498,-0.15962747,0.91143197,0.6219662,-1.2916008,0.005020509,0.056969687,-0.15215002,0.0,-0.38605234,-0.5749676,0.12035155,0.0,-0.06435934,0.0,-0.19198932,0.0,-0.29134482,0.0,-0.22859226,0.0,-0.24921648,0.0,-0.3393839,0.005784778,-1.4548318,-0.02540121,-0.55240256,-0.028145244,-0.026149325,-0.14980651,"Contract_Two year, charge_per_service, TotalCharges",0.0043244623
-0.022028308,-0.20277597,0.012288863,-0.5039706,-0.06638558,-0.0965574,1.1363242,0.07940242,0.6369328,-0.84550655,0.0059905457,0.051244065,0.062815666,0.0,-0.36060056,-0.38043204,0.12035155,0.0,-0.10615311,0.0,-0.14692435,0.0,-0.21968155,0.0,-0.18947266,0.0,-0.3287604,0.0,-0.35212848,0.010666365,-1.5422248,-0.10419821,-1.0984671,0.5149745,-0.04146855,-0.13882127,"Contract_Two year, MonthlyCharges, PaymentMethod_Electronic check",0.015915897
-0.015534813,0.14566498,-0.3560014,0.66863304,-0.06771434,-0.16652852,0.1935892,0.41245314,-0.61032593,-1.3058158,-0.066626385,0.10073505,0.14615236,0.0,-0.21495347,-0.3519191,-0.0015563113,0.0,0.30852854,0.0,-0.32743353,0.0,-0.28997466,0.0,0.42549598,0.0,-0.7869261,0.0,0.3789363,0.1268536,0.2843631,-0.05500323,-0.46876755,-0.23849672,0.003471029,0.068158515,"charge_per_service, StreamingTV_Yes, tenure",0.11210978
-0.07680197,-0.21947582,-0.5006781,0.1827582,-0.07997903,0.004177945,-0.35983676,-0.74873173,-0.60824436,-0.74648803,-0.052778095,0.09412675,-0.19878921,0.0,-0.37159842,-0.49024895,-0.0020585267,0.0,-0.19906905,0.0,-0.391088,0.0,-0.3806607,0.0,0.28800055,0.0,-0.60222447,0.0,0.1736079,0.040269673,0.17910953,0.47850057,-1.0422107,-0.14811982,-0.0148179075,0.1639955,"PaymentMethod_Electronic check, TotalCharges, charge_per_service",0.0035467192
-0.000962246,0.091992415,0.06924645,1.0497642,-0.032226387,-0.22521621,0.16773997,0.43669382,0.28469625,0.18940102,-0.023046017,-0.28640544,-0.22218566,0.0,0.19017187,-0.2039136,-0.0037294892,0.0,-0.08558681,0.0,0.23832743,0.0,-0.63222474,0.0,-0.09994595,0.0,-0.60947245,0.0,-0.68048567,0.09737373,0.20257577,-0.24064834,-0.72430307,0.39431974,-0.008919864,0.19517687,"tenure, PaymentMethod_Electronic check, StreamingMovies_Yes",0.38210592
-0.0103019895,0.08354413,0.19299847,-0.67405885,-0.07414875,0.036498647,-0.23882784,0.10188676,-2.0343528,-0.46667567,0.01529416,0.18413259,0.07828587,0.0,-0.2490774,0.28374234,-0.0010275379,0.0,0.3818987,0.0,0.42131788,0.0,0.6710711,0.0,-0.30077133,0.0,0.67172307,0.0,0.53338003,-0.26414475,-0.121342205,-0.1806855,0.6306489,-0.15284987,-0.0051895077,-0.033106238,"num_services, tenure, StreamingTV_Yes",0.37075856
-0.1122004,0.03386259,-0.038446616,-1.9093865,-0.099326834,-0.11365644,-0.20168768,-0.97494775,-1.4525061,-1.5928308,0.008029698,-0.030955128,-0.15310784,0.0,0.1389302,-0.4147738,-0.0006027703,0.0,0.18503903,0.0,0.44330776,0.0,0.12767956,0.0,0.26599005,0.0,0.30672604,0.0,0.5421208,-0.12172125,-1.3753445,-0.18996345,-0.7355747,-0.024520922,-0.0034884033,-0.109474845,"tenure, charge_per_service, num_services",0.0004944067
-0.051173106,-0.17278714,0.045132086,-2.4101055,-0.121404365,0.04465224,-1.730068,-0.36421078,-1.8413957,-0.6000075,0.006197011,-0.050986517,-0.16061912,0.0,0.21710068,0.25887898,-0.00077185105,0.0,0.18320473,0.0,0.6159375,0.0,0.52054304,0.0,-0.33813456,0.0,0.48663485,0.0,0.38722032,-0.2080324,-1.1317985,-0.21535487,0.5288313,-0.086347595,-0.0048817038,-0.04262866,"tenure, num_services, MonthlyCharges",0.001935985
-0.123866625,-0.13728353,0.04910475,-0.36072463,-0.03768366,0.08352341,-0.4417393,-0.2136422,-1.3589509,-0.21753329,0.0134614725,-0.3099683,-0.030863855,0.0,0.22727746,0.29067868,-0.00083869125,0.0,-0.17525947,0.0,0.400165,0.0,1.1434952,0.0,-0.14168021,0.0,0.72367066,0.0,0.44393158,0.11756692,0.14131646,-0.1828247,0.6216622,-0.16862787,0.031073647,-0.03812696,"num_services, DeviceProtection_Yes, StreamingTV_Yes",0.58382285
-0.16004704,0.10554059,0.05321231,-0.36773244,-0.036041345,0.03334656,0.24313971,-0.64028347,0.8801111,0.47058758,0.0073190443,-0.09332646,0.13832666,0.0,0.36757022,0.3171709,-0.0015046225,0.0,-0.103679955,0.0,-0.62220263,0.0,-0.21458621,0.0,-0.20988432,0.0,-0.6744294,0.0,-0.31681225,0.10665038,0.14999437,-0.1650675,0.88938725,-0.1430912,0.07263993,-0.073191546,"PaymentMethod_Electronic check, num_services, StreamingTV_Yes",0.50107235
-0.059105698,-0.25473878,-0.6700004,-0.29528576,-0.04890232,-0.11140349,-1.4491594,-0.33937266,-1.4188343,-0.6858665,0.012789493,0.19571891,-0.1413825,0.0,0.12204928,0.32594225,-0.001002092,0.0,0.330756,0.0,0.4200404,0.0,-0.40660012,0.0,0.61246943,0.0,0.66087115,0.0,0.7965783,0.08057593,-0.34716853,0.53036183,-0.9371596,-0.07102965,0.019863974,-0.07310113,"MonthlyCharges, num_services, PaymentMethod_Electronic check",0.038756747
0.17973247,-0.11425469,-0.005795293,-1.794827,-0.124097966,-0.18664655,0.019009199,-0.4075576,-0.63571364,-0.89610976,0.012446381,0.056824192,-0.010570984,0.0,-0.1359871,-0.21312167,-0.0015156022,0.0,0.31942865,0.0,0.40044063,0.0,-0.38439405,0.0,0.35461268,0.0,0.36433962,0.0,-0.7291814,-0.27853525,-0.36916524,-0.27828166,-0.72293574,-0.08523745,0.009804999,-0.13384123,"tenure, charge_per_service, StreamingMovies_Yes",0.0030185478
-0.001854014,0.1557586,0.061915495,-0.95796925,-0.17793918,-0.07146895,0.2397367,-0.10045137,0.831615,-0.93632644,0.006870647,0.12257823,0.016516132,0.0,0.25053698,-0.5211562,0.11658744,0.0,-0.19132172,0.0,-0.41758782,0.0,-0.22732022,0.0,-0.19122235,0.0,-0.351785,0.0,-0.3971157,-0.031833295,-1.507561,-0.22116779,-1.066693,0.46148634,0.17895973,-0.08851831,"Contract_Two year, PaymentMethod_Electronic check, tenure",0.006525077
-0.072676554,0.11879959,0.028818863,-0.5042097,-0.10447354,-0.3189981,-0.05753958,-0.10698112,-0.6734636,-0.9851813,0.02140022,0.08170049,-0.040824067,0.0,-0.29277104,-0.37664884,-0.0010814521,0.0,0.38491124,0.0,-0.5677702,0.0,0.37090766,0.0,0.16563484,0.0,-0.39792925,0.0,-0.576298,-0.42496243,-0.3768974,1.0496403,-1.4049834,-0.15719458,0.015546724,-0.10570896,"PaymentMethod_Electronic check, PaymentMethod_Credit card (automatic), charge_per_service",0.0048783333
0.018429995,-0.16152877,0.033274923,0.3261349,-0.040703688,0.013432169,0.20892566,0.40478006,0.9409652,1.1719538,-0.01659362,-0.10781352,0.008406708,0.0,0.37232268,0.38170922,-0.0033052235,0.0,-0.04543504,0.0,-0.3925953,0.0,-0.37051117,0.0,-0.17339645,0.0,-0.56687754,0.0,-0.37657318,0.1076182,0.20113984,-0.16987357,-0.8808499,0.47898299,-0.10757114,0.1797315,"charge_per_service, num_services, PaymentMethod_Electronic check",0.8061762
-0.0101624895,0.063178726,-0.31574997,0.5717736,-0.08239994,-0.01599338,0.3829196,-0.33670256,0.9052623,-1.8227733,-0.016139569,0.106920905,0.10216133,0.0,-0.39621556,-0.38995484,0.11545408,0.0,-0.11025193,0.0,-0.37077397,0.0,-0.3397825,0.0,-0.13140282,0.0,-0.40504062,0.0,-0.3348378,0.1883303,0.30759805,-0.11041194,-1.0314506,0.6102941,-0.05969949,0.13593122,"charge_per_service, PaymentMethod_Electronic check, num_services",0.057391997
0.0008299991,0.062277626,-0.42106402,0.1005119,-0.15547091,-0.07562728,0.93153864,0.02231804,0.7167683,-1.6423486,0.009402612,0.10938821,0.023748435,0.0,-0.4454286,-0.41486818,0.12745844,0.0,-0.18698928,0.0,-0.11046077,0.0,-0.3248296,0.0,-0.1864853,0.0,-0.3499209,0.0,-0.4207972,0.07401428,0.22214481,-0.16787963,0.6700476,-0.1897273,0.0740717,-0.088476606,"charge_per_service, MonthlyCharges, num_services",0.11459113
-0.2311125,0.060467027,0.14043924,0.2971464,0.6932617,0.17518263,0.31902534,0.19706112,-0.17024341,-1.1197072,-0.14690843,0.22230536,-0.08166414,0.0,-0.5146317,-0.25815138,-0.009330154,0.0,-0.16078734,0.0,0.47052762,0.0,-0.563405,0.0,0.24324475,0.0,-0.60135263,0.0,0.3712509,0.04697151,0.3248992,-0.17765246,0.96717846,-0.19795106,-0.040269252,0.07135421,"charge_per_service, PaymentMethod_Electronic check, PhoneService",0.57891524
0.018824825,0.15337586,0.03492687,-0.5930902,-0.042810418,-0.034949016,0.09608618,-0.6356762,0.8091269,0.72325206,0.00690753,-0.027881453,-0.1535864,0.0,0.26175347,0.28076425,-0.0015046225,0.0,-0.08432971,0.0,-0.5246528,0.0,-0.32674277,0.0,-0.18568756,0.0,-0.66038656,0.0,-0.43779334,0.07248094,0.11199879,-0.1908929,0.89707845,-0.13778386,-0.05648297,-0.06422017,"PaymentMethod_Electronic check, num_services, charge_per_service",0.33165225
0.009711956,0.0903456,0.06450311,0.78499633,-0.062027596,-0.1107921,0.14134775,0.21677677,0.97279274,0.5890791,-0.015512973,-0.07915049,0.03681909,0.0,-0.31860948,-0.20868935,-0.004310016,0.0,-0.14829731,0.0,-0.327411,0.0,-0.37348923,0.0,-0.03423026,0.0,-0.31958252,0.0,-0.5056527,0.14741854,0.19235559,-0.06765245,-0.7197891,-0.21357015,-0.06688437,0.233679,"num_services, tenure, PaymentMethod_Electronic check",0.4738608
0.045507994,0.104547404,0.032725893,-0.08393522,-0.058570098,-0.016938372,0.19907439,-0.30083,0.93499506,0.86496955,-0.020634536,-0.08466909,0.14871578,0.0,-0.39997265,0.31066042,-0.004681011,0.0,-0.10699409,0.0,-0.7000969,0.0,-0.24983388,0.0,-0.17668389,0.0,-0.64834285,0.0,-0.48720166,0.07157405,0.14487986,-0.14308037,0.81292444,-0.1532728,-0.18614805,0.12296587,"num_services, charge_per_service, PaymentMethod_Electronic check",0.49070838
0.050090138,-0.1647459,-0.43020198,-0.012033278,-0.05621306,0.03998083,0.15118705,-0.106089935,-0.49781382,-1.0704759,0.006197011,-0.21383812,-0.07592738,0.0,-0.25237352,-0.58597237,-0.0020340453,0.0,-0.18047844,0.0,0.7419539,0.0,-0.57040787,0.0,-0.06888358,0.0,0.32405692,0.0,0.54922783,-0.1928329,-0.3409133,-0.052445773,-0.6454441,-0.10179445,0.016770773,-0.099699736,"charge_per_service, OnlineBackup_Yes, PaymentMethod_Electronic check",0.020836744
-0.013504777,-0.1270479,0.08864815,-0.21116436,-0.047721833,0.09786758,-0.7646798,0.3074099,-1.6976024,-0.28547838,0.005525032,0.0866507,-0.26287988,0.0,0.2416,0.3902222,-0.00077185105,0.0,0.4018086,0.0,0.53085315,0.0,0.7301921,0.0,0.76173776,0.0,0.55013764,0.0,0.5646385,-0.078904904,-1.1378143,-0.100741565,-0.48237535,-0.04099584,0.010414932,-0.06457683,"num_services, Contract_Two year, MonthlyCharges",0.36415356
0.24259843,-0.1430322,0.04703643,0.075207315,-0.09857114,-0.0635012,-0.018880017,-0.214144,-0.47226685,-0.7023551,-0.020835971,0.3383199,-0.073416464,0.0,-0.16865906,-0.42075992,-0.0047808792,0.0,0.5569798,0.0,-0.22172102,0.0,-0.28541017,0.0,-0.17094249,0.0,0.43858916,0.0,-0.4785668,0.17371972,0.240658,-0.11840186,-0.60798115,-0.160592,0.023967797,0.22709323,"charge_per_service, PaymentMethod_Electronic check, OnlineSecurity_Yes",0.110124014
-0.08119635,-0.19580698,-0.16870701,-0.7403509,0.2804985,0.18924491,-0.18482624,-0.7451984,-0.5919512,-1.7280878,0.004907327,-0.0027292583,0.057774622,0.0,-0.5976758,-0.5448098,-0.0014377093,0.0,0.726693,0.0,-0.4141416,0.0,0.46577814,0.0,0.54483235,0.0,0.33568898,0.0,0.42839625,-0.061216425,-1.2042468,-0.088700265,-0.74288696,0.010510462,0.03564681,-0.11094693,"charge_per_service, Contract_Two year, TotalCharges",0.005859738
-0.004808786,-0.18938577,0.027375622,-0.3922664,-0.027042214,0.034582745,-0.15345798,-0.35801008,-1.2678608,0.30330035,0.006197011,0.18885632,-0.15053439,0.0,0.3257707,0.36623684,-0.001002092,0.0,-0.12923019,0.0,0.7090572,0.0,-0.5103473,0.0,0.098152764,0.0,0.60888654,0.0,0.65947205,0.08229094,0.170904,0.61343616,-0.94549805,-0.10609403,-0.009873054,-0.070661895,"num_services, PaymentMethod_Electronic check, OnlineBackup_Yes",0.46745095
0.01314362,-0.34999996,-0.41273636,0.6592436,-0.039337505,0.038407233,0.14205211,0.29700014,-0.72776204,0.28610563,-0.091277555,0.2513275,-0.14226301,0.0,-0.4352432,0.31123102,-0.0042276545,0.0,-0.20207466,0.0,0.40794462,0.0,-0.5981685,0.0,0.21158032,0.0,0.6392517,0.0,-0.781696,0.059864756,0.13934793,-0.15603387,0.507472,-0.20630719,-0.048334993,0.100024864,"StreamingMovies_Yes, num_services, tenure",0.46498436
0.031853303,0.09904405,0.073865205,-0.14593329,-0.052124165,0.075498864,0.13783042,-0.28222764,0.40914223,-0.070473775,-0.12119488,-0.37784687,0.04319758,0.0,-0.18915673,-0.30980542,-0.0041142073,0.0,-0.15917368,0.0,0.28822088,0.0,-0.52690804,0.0,-0.053677127,0.0,-0.5607151,0.0,-0.5216729,0.09476217,0.16188498,-0.20798233,-0.6447621,-0.12233472,-0.03959167,0.15256616,"PaymentMethod_Electronic check, StreamingTV_Yes, DeviceProtection_Yes",0.055689912
-0.014433572,0.11727891,0.031415686,-0.19870095,-0.021227097,0.014286143,-0.18420963,0.5117791,0.29378164,0.36397174,0.019875176,0.1421432,-0.027757773,0.0,0.23432428,0.41991666,-0.0015046225,0.0,0.24152373,0.0,-0.48677644,0.0,-0.20629238,0.0,-0.14638266,0.0,-0.5613839,0.0,-0.6304165,0.16933265,0.19289164,0.8891832,-1.1223745,-0.091371134,-0.0053981147,-0.105632104,"PaymentMethod_Electronic check, PaymentMethod_Credit card (automatic), StreamingMovies_Yes",0.4573579
-0.00804698,-0.20248882,-0.32202363,-0.40173036,-0.114212126,-0.042206924,0.26214457,0.6308526,0.82050544,-0.61118585,0.005020509,0.20596035,-0.045951597,0.0,0.22992152,-0.609439,0.11658744,0.0,-0.12524304,0.0,-0.3484529,0.0,-0.22197558,0.0,-0.20280255,0.0,-0.4475954,0.0,-0.38880602,0.0026135202,-0.8576862,-0.3083337,-0.9272825,0.3986972,0.24885935,-0.16034083,"PaymentMethod_Electronic check, Contract_Two year, num_services",0.031265754
-0.03881425,-0.27077004,-0.36370373,-0.12924929,-0.059978887,-0.086544506,-0.016918777,0.8203718,0.7890506,-1.225341,0.0059905457,0.04863646,0.09039813,0.0,-0.3475169,-0.3541023,0.12035155,0.0,-0.08487189,0.0,-0.24680318,0.0,-0.24644136,0.0,-0.18768714,0.0,-0.21108219,0.0,-0.34398806,0.006994038,-1.6085737,-0.12926213,-0.8307295,0.34350953,-0.054710466,-0.14033568,"Contract_Two year, charge_per_service, PaymentMethod_Electronic check",0.008484874
0.04554104,0.12127605,0.05453753,-0.20551312,-0.03500232,0.16326752,-0.35091177,-0.45653123,0.28915757,0.9630122,0.022201588,-0.30502173,0.06576421,0.0,0.17804526,0.33087215,-0.001399539,0.0,-0.048931442,0.0,0.62656194,0.0,-0.31872192,0.0,-0.1306441,0.0,-0.8005252,0.0,-0.69470584,0.08969453,0.13417141,-0.23260184,0.90610415,-0.12799586,0.037756864,-0.06958037,"charge_per_service, PaymentMethod_Electronic check, StreamingTV_Yes",0.5599727
0.09158182,-0.23968622,0.045167778,-1.6457257,-0.04052335,-0.20256294,-0.23357381,-0.498061,-0.03758642,0.8263826,0.017016742,-0.046399042,0.04221929,0.0,0.26696065,0.25013846,-0.001002092,0.0,-0.07582817,0.0,0.94064546,0.0,-0.55496955,0.0,-0.10368916,0.0,-1.0619543,0.0,0.76597005,0.03968272,0.093524344,-0.23628557,0.69647396,-0.13627471,-0.004904129,-0.04353438,"tenure, StreamingTV_Yes, OnlineBackup_Yes",0.25056076
-0.00083134614,-0.17938569,0.14110513,-0.37102118,-0.13415317,-0.03166912,-1.1311727,-0.5170634,-1.5530477,-0.37247542,0.0134614725,0.08590783,0.14623038,0.0,0.2507497,0.32916117,-0.001002092,0.0,0.3520354,0.0,0.39724317,0.0,-0.57910264,0.0,0.71663475,0.0,0.6063566,0.0,0.5588583,-0.08043581,0.16017506,-0.23455898,0.62916297,-0.11492044,-0.00256407,-0.040797934,"num_services, MonthlyCharges, TechSupport_Yes",0.27568936
-0.05863228,0.20263487,0.0077066305,-0.103511624,-0.08372493,-0.10898278,0.15274948,-0.82672566,-0.5081291,-1.413229,0.012446972,0.18176487,0.006623031,0.0,-0.2559779,-0.5298589,-0.0008939784,0.0,-0.30925864,0.0,0.88805723,0.0,0.6310711,0.0,0.20842892,0.0,0.24615593,0.0,-0.58535594,-0.060212433,-1.3959787,-0.19774239,-0.66880506,-0.05768913,0.014895335,-0.107102536,"charge_per_service, Contract_Two year, OnlineBackup_Yes",0.008765712
0.0423521,0.0781893,0.06121291,0.5008082,-0.050341822,-0.0023587882,0.21693353,0.5181794,0.430793,0.98470634,-0.045017555,-0.06468912,0.0019554729,0.0,-0.47208977,0.25518817,-0.0019545725,0.0,-0.008724536,0.0,-0.5666087,0.0,-0.32593638,0.0,-0.14811414,0.0,-0.73059255,0.0,0.6359165,0.06717523,0.1417202,-0.14972089,0.66995883,-0.15278347,-0.043277077,0.10361483,"charge_per_service, StreamingTV_Yes, PaymentMethod_Electronic check",0.8740957
0.046712447,0.032899037,0.042957745,-0.34676716,-0.03576127,0.04370741,0.064330585,-0.7241708,0.5533541,0.9299881,0.022995224,-0.06261987,0.09216705,0.0,0.309011,0.35579047,-0.0010217831,0.0,-0.14460249,0.0,-0.5168379,0.0,-0.31208825,0.0,-0.14033586,0.0,-0.76868916,0.0,0.65994453,0.07906616,0.13751718,-0.2289227,0.8012813,-0.121013165,0.057094563,-0.067575745,"charge_per_service, PaymentMethod_Electronic check, StreamingTV_Yes",0.679088
0.02179683,-0.19105957,0.039868847,-0.5741385,-0.059137486,0.07105106,-0.37462115,-0.6515198,-0.844236,0.0025237398,0.02799312,-0.34169877,-0.14500713,0.0,0.3402343,0.29233018,-0.00083869125,0.0,-0.13108855,0.0,0.36037284,0.0,0.7218495,0.0,-0.14325155,0.0,-1.4324485,0.0,0.64722574,0.061545886,0.09652676,-0.1828395,0.5511453,-0.15299553,0.036197156,-0.042309295,"StreamingTV_Yes, num_services, DeviceProtection_Yes",0.11864176
-0.053051677,-0.15442224,-0.0036960305,-0.7465677,-0.077473305,0.114800826,-0.30839956,-0.84827155,-1.2560681,-1.4503604,0.011774402,0.05877487,0.17051752,0.0,0.025694631,-0.42906937,-0.000787196,0.0,0.39394376,0.0,0.28050786,0.0,0.46726793,0.0,0.5133336,0.0,0.3665058,0.0,-0.51338804,-0.11468212,-1.2575109,-0.2227982,-1.1891203,0.07878846,-0.001645367,-0.11834448,"charge_per_service, Contract_Two year, num_services",0.001883808
-0.017917614,-0.2559399,-0.36227438,-0.39867958,-0.03156806,0.09420163,-0.34662318,-0.11220611,-0.61623317,0.86334133,0.004717724,-0.07425919,0.16992614,0.0,0.34989038,0.27838385,-0.000874751,0.0,-0.16076289,0.0,-0.58588547,0.0,0.7119339,0.0,-0.16515246,0.0,0.525207,0.0,0.7580605,0.085279904,0.07822923,-0.1295389,0.6374305,-0.12363757,-0.010768195,-0.040789302,"charge_per_service, StreamingMovies_Yes, DeviceProtection_Yes",0.7529977
0.0012899262,0.07053275,0.043342758,0.8150896,-0.031871505,0.09469633,0.111110084,-0.32305014,-0.2815241,0.55628705,-0.019555695,-0.19628435,0.046592776,0.0,-0.34322459,0.3554775,-0.0042276545,0.0,-0.065272026,0.0,0.4122773,0.0,-0.5299461,0.0,-0.12815043,0.0,0.9256094,0.0,-0.5523412,0.20459926,0.21783337,-0.2086262,-0.777387,0.81385565,-0.0118199065,0.20061032,"StreamingTV_Yes, tenure, PaymentMethod_Mailed check",0.8001283
0.008061712,-0.16216198,-0.1626892,0.025876554,-0.12363976,0.03998839,0.8726102,0.4134253,0.8512606,-0.5965036,0.0059905457,0.12589622,-0.019975698,0.0,-0.49185476,-0.26471245,0.12745844,0.0,-0.048470497,0.0,-0.19775365,0.0,-0.33376437,0.0,-0.14310595,0.0,-0.27962357,0.0,-0.5858608,-0.06945118,-0.35772526,-0.011126131,-0.65469813,-0.052253135,0.04127854,-0.1306136,"MonthlyCharges, num_services, PaymentMethod_Electronic check",0.101290874
-0.050911132,0.10389249,0.024403006,-0.1146204,-0.08935882,-0.014707073,-0.32304052,0.014314188,-0.33599836,-0.7227968,-0.069001876,0.14708477,0.06737145,0.0,-0.34837937,-0.5108861,-0.0021557235,0.0,-0.14647011,0.0,-0.5316141,0.0,-0.4150324,0.0,0.27698278,0.0,-0.8707273,0.0,0.3505333,0.03562255,0.25364363,-0.20767978,-1.0541956,0.42722908,-0.017781409,0.16172631,"PaymentMethod_Electronic check, StreamingTV_Yes, charge_per_service",0.018498758
-0.114423275,-0.08670907,0.03325121,-0.7269189,-0.027510297,0.061242692,-1.2475293,-0.42565006,-1.1614254,0.29829985,0.006197011,-0.12601829,-0.20952807,0.0,0.21041137,0.32588783,-0.00083869125,0.0,-0.1145139,0.0,0.73678076,0.0,0.9223091,0.0,-0.28122184,0.0,0.6667107,0.0,0.50546813,0.17566736,0.14982598,-0.12673247,-0.42766553,-0.06805015,-0.0017717767,-0.09158692,"MonthlyCharges, num_services, DeviceProtection_Yes",0.23960085
-0.15733986,-0.24051453,0.05470899,0.3460806,-0.04950448,0.010809448,0.0017676968,0.3743927,0.8636581,1.0801777,-0.01659362,-0.09115611,0.082814544,0.0,0.34054187,0.33929288,-0.0033052235,0.0,-0.053628452,0.0,-0.4425045,0.0,-0.3908248,0.0,-0.2108033,0.0,-0.50914586,0.0,-0.511932,0.07369263,0.14001286,-0.15108818,0.725484,-0.17150602,-0.12694581,0.12788585,"charge_per_service, num_services, PaymentMethod_Electronic check",0.8062304
-0.00034119378,0.06653403,0.074055895,-0.37557232,-0.03566712,-0.35079786,-0.8955255,-0.6389068,-0.90528214,0.12779747,0.0043068007,-0.09830493,-0.1976932,0.0,0.24468127,0.32080448,-0.000874751,0.0,-0.25258136,0.0,-0.50347906,0.0,0.6920721,0.0,-0.17754377,0.0,0.76345545,0.0,0.7284092,0.048718587,0.12718284,-0.15553656,0.80513793,-0.14623833,-0.03003902,-0.04292693,"num_services, MonthlyCharges, PaymentMethod_Electronic check",0.3072555
0.013487613,0.12523466,0.10285842,0.4687324,-0.19419605,0.026229588,0.066009715,0.17308468,0.779754,0.40197456,-0.017130148,-0.10365025,0.11772835,0.0,-0.3567711,-0.19228154,-0.004310016,0.0,-0.1302795,0.0,-0.47092,0.0,-0.43923014,0.0,-0.12352964,0.0,-0.31807187,0.0,-0.49577153,0.102421865,0.15007254,-0.15089932,0.7743859,-0.18774155,-0.08146996,0.12945028,"num_services, PaymentMethod_Electronic check, StreamingMovies_Yes",0.53900695
0.018557046,0.0794082,0.10265596,0.26917264,-0.03700854,0.12250074,-0.25297898,1.2582618,-0.6112451,0.5177066,-0.016052388,-0.008693991,-0.07504401,0.0,0.28750375,0.37404487,-0.0014941575,0.0,-0.19187197,0.0,-0.39873764,0.0,0.84096813,0.0,-0.11665494,0.0,0.6914106,0.0,0.7341184,0.08698574,0.13478082,-0.12877609,0.67938703,-0.15457359,-0.047602642,0.1006558,"TotalCharges, DeviceProtection_Yes, StreamingMovies_Yes",0.9859163
-0.06133864,-0.12758386,0.084182695,-0.77364963,-0.03540756,-0.11895026,-0.24029365,-0.49542663,-1.8114345,-0.4317498,0.012789493,0.033170763,0.097981095,0.0,0.2126204,0.28897732,-0.00077185105,0.0,0.32688022,0.0,0.22977854,0.0,0.55581236,0.0,-0.3500184,0.0,0.6335837,0.0,0.34420288,-0.008655579,-0.78911257,0.6907051,-0.75074875,-0.06262063,0.0043113837,-0.08953667,"num_services, Contract_Two year, tenure",0.06653788
0.022403557,0.108801246,0.08096317,0.0034865208,0.25758004,0.06807323,0.05416242,0.23763882,1.1662724,0.7175062,-0.017858645,-0.025440112,0.060405836,0.0,-0.26826492,-0.15312721,-0.012569474,0.0,-0.05337383,0.0,-0.43922853,0.0,-0.4325597,0.0,-0.16713665,0.0,-0.5563722,0.0,-0.44938815,0.13799976,0.18221003,-0.16438499,-1.0596783,0.34922317,-0.050943322,0.1691693,"num_services, PaymentMethod_Electronic check, charge_per_service",0.4394838
-0.03366256,-0.040747225,0.051073734,-0.04676511,-0.03238019,-0.042850327,-0.0038984055,0.35938796,-0.47862664,0.7237159,-0.023465583,0.06032142,-0.08486712,0.0,-0.21290101,0.25970998,-0.0043081595,0.0,0.42928213,0.0,-0.50208336,0.0,0.70106345,0.0,-0.24060547,0.0,-0.8236706,0.0,-0.6501385,0.16294704,0.20363916,-0.057619654,-0.616814,-0.07021634,0.020358857,0.28214088,"StreamingTV_Yes, charge_per_service, DeviceProtection_Yes",0.32721546
-0.042340185,-0.3662688,-0.49407804,0.48168606,-0.056271665,-0.08942082,-0.03094381,-0.50537914,-0.29015663,-0.3902384,-0.032500826,0.20668776,0.23717535,0.0,-0.28475234,-0.34159133,-0.0042276545,0.0,-0.1023891,0.0,0.6321678,0.0,-0.6169751,0.0,0.38621104,0.0,-0.6041425,0.0,-0.19716191,0.14859271,0.2472796,-0.16809486,-0.89842224,0.46965718,-0.001001696,0.16379695,"PaymentMethod_Electronic check, OnlineBackup_Yes, DeviceProtection_Yes",0.07229704
-0.049413186,0.09648793,0.065514915,0.9701763,-0.056931615,-0.12542148,0.12132152,0.20090556,0.9149249,0.7436527,-0.015512973,-0.08992824,0.06956349,0.0,-0.22346562,-0.16887121,-0.004310016,0.0,-0.13146682,0.0,-0.261726,0.0,-0.37162668,0.0,-0.09535151,0.0,-0.3555932,0.0,-0.50243366,0.17027794,0.21024443,-0.17208914,-0.8187435,0.4995817,-0.048804313,0.21583866,"tenure, num_services, PaymentMethod_Electronic check",0.68524337
-0.02735064,-0.18080723,-0.16755785,-1.447349,-0.06433939,-0.04858352,0.27962437,-0.4441051,0.47647482,-1.4131736,0.0068698744,-0.25010484,-0.068440035,0.0,-0.34897664,-0.39213902,0.12035155,0.0,-0.09366398,0.0,-0.3793441,0.0,-0.18111417,0.0,-0.23038442,0.0,-0.32628483,0.0,-0.40334892,0.017910793,-1.088972,-0.052876167,-0.58296514,-0.09395979,-0.09511519,-0.14015593,"tenure, charge_per_service, Contract_Two year",0.00048605338
-0.027698144,-0.16605777,-0.33514917,-0.22146489,-0.11003924,-0.2264753,0.15172742,0.36821085,-0.82990813,-1.3701985,0.004907327,0.10691359,0.008737672,0.0,-0.29620126,-0.5341729,-0.000876094,0.0,-0.42597717,0.0,-0.53100693,0.0,0.59929115,0.0,0.18113308,0.0,0.42358568,0.0,0.53256565,0.24209628,-0.13009794,-0.27787215,0.69944805,-0.1405514,0.007070804,-0.04769954,"charge_per_service, num_services, PaymentMethod_Electronic check",0.086701974
0.012622641,-0.19335364,0.0017440149,-0.16182992,-0.03271062,-0.03326119,0.25140712,-0.40786418,0.73517513,0.6758749,0.0074757542,-0.06447781,0.011713323,0.0,-0.47950935,0.43386602,-0.0015199482,0.0,-0.1077698,0.0,-0.33307278,0.0,-0.29588693,0.0,-0.042890012,0.0,-0.8769707,0.0,0.87097526,-0.3654027,-0.1174536,-0.07486576,-0.5893992,-0.029565534,-0.0047525666,-0.09923069,"StreamingTV_Yes, StreamingMovies_Yes, num_services",0.21085818
-0.058367934,-0.11795482,0.04713659,-1.9154783,-0.16977532,0.008335648,0.047889385,-0.59316885,0.5627856,-0.4106143,0.0058998372,-0.19349729,0.056001406,0.0,0.1441805,-0.44365218,0.058171347,0.0,-0.02921159,0.0,-0.45640725,0.0,-0.199656,0.0,-0.23277345,0.0,-0.42693767,0.0,-0.5454372,0.018631855,-0.7199549,-0.11374758,-0.6781718,-0.049004544,-0.03797143,-0.14107688,"tenure, Contract_Two year, PaymentMethod_Electronic check",0.0013685237
0.008018055,0.16949879,0.06976727,-0.13127095,-0.052348454,-0.013400163,0.22965434,-0.08575021,0.29672775,0.27718076,0.022370258,0.15985692,0.039546635,0.0,-0.24715857,-0.31136093,-0.0047808792,0.0,-0.21973495,0.0,-0.43009475,0.0,-0.31577736,0.0,0.30460003,0.0,-0.5768952,0.0,-0.4970449,0.0906359,0.19933428,-0.2352041,-1.1393925,0.3780276,0.030704416,-0.15726021,"PaymentMethod_Electronic check, StreamingTV_Yes, StreamingMovies_Yes",0.10429598
-0.032577645,-0.2709975,0.035317928,-0.742779,-0.10323831,0.011566471,-0.10512943,-1.1287547,-1.0273288,-0.86555123,0.0134614725,0.14038503,0.19710031,0.0,-0.1985594,-0.5747082,-0.0013311765,0.0,0.1390289,0.0,0.63518214,0.0,-0.51427084,0.0,-0.13403857,0.0,0.26775786,0.0,0.6852904,0.045682468,-0.27918413,-0.18253341,-1.0813241,0.3060508,-0.006194546,-0.12925245,"TotalCharges, PaymentMethod_Electronic check, num_services",0.007320304
0.025105342,-0.00053571956,0.048143964,-0.526786,-0.036456324,0.0033364345,-0.1288022,0.12439276,-1.1580737,0.15312864,0.006197011,-0.07674566,-0.16507131,0.0,0.27978367,0.26014167,-0.00083869125,0.0,-0.12658104,0.0,0.9519739,0.0,1.0692149,0.0,-0.12859353,0.0,0.70665234,0.0,0.41772887,0.13787204,0.17255281,-0.22523685,0.50283873,-0.14356346,-0.010662598,-0.037905075,"num_services, DeviceProtection_Yes, OnlineBackup_Yes",0.8893761
-0.1114452,0.061008766,0.025088763,1.3661569,-0.04518723,0.025970297,0.3413888,1.2876713,0.94418436,1.4838437,-0.014211415,-0.106451765,0.0096584475,0.0,-0.06071759,0.44169846,-0.0033663616,0.0,-0.08673804,0.0,-0.49234563,0.0,-0.31403467,0.0,-0.074253075,0.0,-0.39203584,0.0,-0.35309157,0.17782913,0.2017129,-0.05104277,-0.6465471,-0.21806698,-0.07795207,0.27041483,"charge_per_service, tenure, TotalCharges",0.9728885
-0.012906339,0.13425836,0.016533952,-0.18387328,0.27233687,0.023961857,0.14325967,-0.6468415,-0.31183308,-1.5272098,0.009965358,0.101526685,-0.10779852,0.0,-0.32788172,-0.18597981,-0.0093041975,0.0,0.28480318,0.0,0.96624506,0.0,-0.4346786,0.0,0.18026568,0.0,-0.31030902,0.0,-0.4920509,-0.433782,-0.30502334,0.6954446,-1.142951,-0.15676947,0.022839122,-0.11545189,"charge_per_service, PaymentMethod_Electronic check, OnlineBackup_Yes",0.020592285
-0.035794023,-0.23953463,-0.17472434,-1.8393575,-0.055615865,-0.05321571,0.49405962,-0.64895266,0.4140647,-0.19750215,0.008375424,0.061785255,-0.093057886,0.0,-0.16967054,-0.30405018,-0.0020356707,0.0,0.2615843,0.0,-0.43872446,0.0,-0.31924346,0.0,-0.09560346,0.0,-0.769964,0.0,-0.61876297,-0.338425,-0.2403273,-0.22342743,-0.8412671,-0.031031897,-0.002853394,-0.14265968,"tenure, PaymentMethod_Electronic check, StreamingTV_Yes",0.0012991336
-4.1851803e-05,-0.18561977,-0.31607994,-0.24468102,-0.07379291,0.076631814,0.050294906,-0.430793,-0.9000836,-0.53271055,0.005579306,0.13394357,-0.009245105,0.0,0.2544006,-0.64902663,-0.000874751,0.0,-0.1442192,0.0,-0.42624876,0.0,0.5290457,0.0,0.29678002,0.0,0.47640535,0.0,0.49521282,-0.078407824,-0.34924433,0.46041587,-1.0487233,-0.18700223,0.025588254,-0.087635405,"PaymentMethod_Electronic check, num_services, InternetService_Fiber optic",0.053709585
0.021180626,0.22080489,0.027430406,0.09042142,-0.137744,0.053463656,0.19720161,-0.102419786,-0.71123856,-0.688644,0.041017916,0.25326148,0.17596348,0.0,-0.2600584,-0.42924038,-0.0015599409,0.0,-0.12440062,0.0,0.7939244,0.0,-0.38640127,0.0,0.2773955,0.0,-0.89403015,0.0,0.6542572,0.11045205,-0.25764155,-0.19071013,-0.4481185,-0.09206386,0.004089355,-0.09612182,"StreamingTV_Yes, OnlineBackup_Yes, num_services",0.12916571
-0.025133327,-0.122459255,0.06603156,0.27550304,-0.023643274,0.08538223,-0.29872668,-0.8062638,-0.7052864,0.2463244,0.004717724,-0.18058394,-0.02540712,0.0,0.33857408,0.43104154,-0.000874751,0.0,-0.20660567,0.0,-0.53033614,0.0,0.73297846,0.0,-0.16015041,0.0,0.63295066,0.0,0.7499751,0.20525442,0.19365159,0.4775462,-1.010447,-0.14743342,0.03875198,-0.080171324,"PaymentMethod_Electronic check, TotalCharges, StreamingMovies_Yes",0.53651834
-0.054433905,-0.17829086,-0.3364486,-1.7283475,-0.03022525,-0.03888195,0.06293224,-0.07693965,-1.3998884,-0.16993973,0.006197011,-0.0039623235,-0.17977673,0.0,-0.20865929,0.24097013,-0.00087863347,0.0,0.26031134,0.0,0.19848734,0.0,0.60435283,0.0,0.49355474,0.0,0.41414204,0.0,0.5298841,-0.051041394,-0.8105525,-0.084151946,-0.36872217,-0.050398577,0.001288579,-0.07034208,"tenure, num_services, Contract_Two year",0.045712788
0.03909188,0.13191989,0.062394794,0.6327824,-0.036750555,0.054641724,0.14083391,0.23151582,-0.83706224,0.11769001,-0.02042456,0.2866165,-0.03008573,0.0,-0.33205783,0.13654934,-0.0042276545,0.0,0.09222266,0.0,0.66652733,0.0,-0.56239736,0.0,-0.20198467,0.0,0.4333201,0.0,-0.9373535,0.12117116,0.15081657,-0.18237889,0.613094,-0.19810772,-0.016807524,0.08586904,"StreamingMovies_Yes, num_services, OnlineBackup_Yes",0.65216994
0.016382659,0.09191108,-0.012322957,0.12514222,-0.13278723,0.0105313305,0.51758516,0.17539154,0.88008076,-1.4499711,0.0059006102,0.12755103,-0.030961778,0.0,-0.5115302,-0.20753442,0.12745844,0.0,0.0053394698,0.0,-0.31160238,0.0,-0.2402454,0.0,-0.24203426,0.0,-0.38621134,0.0,-0.6071882,-0.71194273,-0.31707627,-0.15808733,-1.1442003,0.39699435,-0.06046733,-0.1258448,"charge_per_service, PaymentMethod_Electronic check, num_services",0.015089293
-0.074795224,0.14990781,0.04955786,-0.3594148,-0.062051743,-0.03510399,-0.41496867,-0.64261293,-1.2872906,-0.6118916,0.01529416,0.020598963,0.093390994,0.0,-0.42031777,0.19890977,-0.0010844662,0.0,0.3684159,0.0,0.6932789,0.0,-0.5112889,0.0,0.37673748,0.0,0.55234146,0.0,0.47671667,-0.20236035,-1.4940156,-0.28065324,0.5446347,-0.111799926,-0.0030325002,-0.036949445,"Contract_Two year, num_services, OnlineBackup_Yes",0.046589397
-0.017971009,0.07008631,0.060065117,1.2910447,-0.09042699,0.04441143,0.15599257,0.66054624,0.8240315,-1.6619377,-0.017756745,0.09534287,-0.18776102,0.0,-0.2994981,-0.31459805,0.107984215,0.0,-0.06257096,0.0,-0.35537654,0.0,-0.33201385,0.0,-0.1404119,0.0,-0.41878054,0.0,-0.37754494,0.22263332,0.39452085,-0.15182368,-0.8786008,0.5828321,-0.0509842,0.24682347,"charge_per_service, tenure, PaymentMethod_Electronic check",0.35192928
0.013941456,0.087383516,0.03811958,0.57125103,-0.05435564,-0.024054507,0.28832746,0.16115339,1.0691482,1.2094073,-0.01701288,-0.08402349,-0.23014387,0.0,0.38785967,0.24566445,-0.0033052235,0.0,-0.012008265,0.0,-0.51130986,0.0,-0.36273277,0.0,-0.24542256,0.0,-0.48856926,0.0,-0.51820666,0.08823941,0.1327416,-0.15827027,0.54537153,-0.16788097,-0.073236495,0.12635137,"charge_per_service, num_services, tenure",0.8813838
0.0009548573,-0.18433699,0.040373433,0.09603085,-0.1355013,-0.14918432,0.4362864,-0.22031417,0.8195073,-1.2929214,-0.020156665,0.10721298,0.012089916,0.0,-0.4922817,-0.16615704,0.12745844,0.0,-0.033000197,0.0,-0.32967043,0.0,-0.35516253,0.0,-0.22508231,0.0,-0.37080553,0.0,-0.54574937,-0.52429694,-0.32298937,-0.17161186,-1.1213809,0.5885288,-0.052958917,0.23946252,"charge_per_service, PaymentMethod_Electronic check, num_services",0.014001592
-0.030378323,-0.2154238,-0.33216256,-1.1139574,-0.09220046,0.10069939,-0.28348565,-0.46352038,-1.5931205,-1.6243199,0.012789493,0.010765424,0.12211095,0.0,-0.49520805,-0.27802756,-0.0007095528,0.0,0.4855416,0.0,0.49832937,0.0,0.5922488,0.0,0.3765857,0.0,0.51122713,0.0,0.50548506,0.02375001,-1.3279017,-0.21009968,0.7988229,-0.09364129,-0.0033230335,-0.04279653,"charge_per_service, num_services, Contract_Two year",0.01520594
-0.07054481,0.16618972,0.049199596,-1.8978224,-0.0860215,-0.03423279,-0.032230776,-0.59369487,-0.9784902,-1.0410345,0.0055798963,0.03189946,0.105617516,0.0,-0.21262738,-0.50764924,-0.000876094,0.0,0.47871044,0.0,-0.5686925,0.0,0.48214626,0.0,0.39270443,0.0,0.5057279,0.0,0.5538937,0.10185941,-0.2760479,-0.24407445,-1.2329665,0.35731068,0.055010524,-0.11204431,"tenure, PaymentMethod_Electronic check, charge_per_service",0.0098339785
-0.07766265,-0.18127865,-0.41043124,-1.3086703,-0.047299758,0.024764035,-0.9304329,-0.3662607,-1.1398234,-0.5061309,0.005525032,-0.002830455,-0.12286007,0.0,0.19182473,0.29832143,-0.00086424523,0.0,0.38622618,0.0,0.51256394,0.0,-0.43225577,0.0,0.786515,0.0,0.5688042,0.0,0.51250964,-0.051796626,-1.1490316,-0.14062724,-0.53240794,-0.037127998,0.022397444,-0.11017804,"tenure, Contract_Two year, num_services",0.014100482
-0.03082261,0.1837333,0.11137137,-0.11915623,-0.031830613,0.10438431,0.00408954,0.4212671,0.038194507,0.4358412,0.023423575,0.26985726,-0.023546815,0.0,-0.23008211,0.33723977,-0.0019305871,0.0,-0.14163606,0.0,0.8282341,0.0,-0.34451562,0.0,0.10161893,0.0,-0.78745073,0.0,-0.60781014,0.19105618,0.1677859,-0.30625752,-1.0520672,0.46753263,-0.004306915,-0.10499969,"PaymentMethod_Electronic check, OnlineBackup_Yes, StreamingTV_Yes",0.47262505
-0.011416802,-0.14954926,-0.33057132,-1.472478,-0.06950138,-0.05395617,0.06764647,-0.16144933,-0.5804235,-0.93331176,0.005579306,0.08909287,0.07272338,0.0,-0.31056613,-0.47675148,-0.000876094,0.0,0.34624702,0.0,-0.6278919,0.0,0.45883226,0.0,-0.14472736,0.0,0.30545694,0.0,0.5421434,-0.12204151,-0.34108385,0.6603104,-1.0478244,-0.17894602,-0.007005458,-0.11870103,"tenure, PaymentMethod_Electronic check, charge_per_service",0.009953091
-0.020173278,0.06289715,-0.30801713,1.3930206,-0.054887753,-0.0725997,0.3249593,0.43313637,0.8590198,-0.7158604,-0.012165277,0.101763,0.053315938,0.0,0.19362806,-0.3648448,0.104423255,0.0,-0.050585113,0.0,-0.2590085,0.0,-0.29438078,0.0,-0.09682703,0.0,-0.44950622,0.0,-0.45235854,0.118768215,0.36104432,-0.15621881,-0.6985625,0.600504,-0.0472978,0.21075188,"tenure, num_services, charge_per_service",0.6802914
0.13959564,-0.20515402,-0.118476376,-1.6157722,-0.047895014,-0.09093602,-0.032334425,-0.75306547,0.433916,-1.3003007,0.0059905457,-0.17462967,-0.09684132,0.0,-0.358737,-0.38510814,0.12035155,0.0,-0.13142413,0.0,-0.38270846,0.0,-0.1345522,0.0,-0.23622689,0.0,-0.3229759,0.0,-0.4134896,-0.039793644,-1.2068572,0.13962567,-1.017913,-0.18781742,-0.0635438,-0.13853565,"tenure, charge_per_service, Contract_Two year",0.00017962951
-0.00064997247,0.066446394,-0.47598392,-0.33649707,-0.12524936,-0.07630311,0.26966956,-0.41035342,0.63388723,-1.7181191,0.008432575,0.1099675,-0.06310448,0.0,-0.44226512,-0.5150706,0.12745844,0.0,-0.19017765,0.0,-0.24532343,0.0,-0.27860862,0.0,-0.19468315,0.0,-0.33358887,0.0,-0.4400233,0.06741366,0.21231112,-0.18371852,0.61199516,-0.195366,-0.058583222,-0.092180684,"charge_per_service, num_services, PaymentMethod_Electronic check",0.013692851
0.04091774,0.12362035,0.019475454,1.3284377,-0.050731353,-0.023481334,0.117929876,0.21420577,0.9072954,1.0139786,-0.012109019,-0.062272996,-0.15651871,0.0,-0.064249106,0.2750134,-0.0033663616,0.0,-0.089217134,0.0,-0.6213912,0.0,-0.31847805,0.0,-0.08823841,0.0,-0.38252598,0.0,-0.48205405,0.11322135,0.15023375,-0.13108069,0.674488,-0.21024479,-0.101446025,0.13047408,"tenure, charge_per_service, num_services",0.9091301
-0.012758946,-0.21069044,0.031721104,-0.43745244,-0.089726515,-0.03467759,0.64629966,0.18361509,0.6832158,-1.3010801,0.005020509,0.08588366,-0.052988578,0.0,-0.47374967,-0.36196658,0.12035155,0.0,-0.057203345,0.0,-0.096026465,0.0,-0.30298498,0.0,-0.20622422,0.0,-0.34174448,0.0,-0.34338376,-0.019438405,-2.0932257,-0.1559452,-1.073475,0.32356766,0.045996245,-0.1202235,"Contract_Two year, charge_per_service, PaymentMethod_Electronic check",0.0034424572
-0.057275627,-0.34841082,-0.3346901,-0.9543567,-0.0400572,-0.006349017,0.3110332,-0.5408222,0.7685686,0.48205486,0.004374793,0.05657542,0.07165018,0.0,-0.39296073,0.30517954,-0.0015869967,0.0,-0.057734616,0.0,-0.27345505,0.0,-0.311317,0.0,-0.18621148,0.0,-0.5441421,0.0,-0.4082964,0.01938399,-1.429564,0.51495004,-0.8531576,-0.1110109,-0.056142464,-0.11257912,"Contract_Two year, tenure, PaymentMethod_Electronic check",0.011039497
0.05929053,0.06343852,0.13250682,0.06979756,0.38151678,0.22322224,0.33895126,0.87899756,0.3250011,-1.1779181,0.0064419564,0.08102564,-0.23097105,0.0,-0.39443332,-0.48467785,-0.0027626154,0.0,-0.2193025,0.0,-0.15951449,0.0,0.79893523,0.0,-0.12056453,0.0,0.46963227,0.0,0.6713235,0.16789956,0.21600139,-0.18352014,0.99666125,-0.11217811,0.03992892,-0.056416772,"charge_per_service, PaymentMethod_Electronic check, TotalCharges",0.94100446
-0.16204402,-0.038460884,0.040688086,0.47226596,-0.040828783,-0.06981088,-0.10488176,0.19185103,0.26863146,0.5281337,-0.044171788,-0.03174134,-0.0659232,0.0,0.39727858,0.32165256,-0.0014564072,0.0,-0.008694475,0.0,-0.5088948,0.0,-0.44477037,0.0,-0.18647443,0.0,-0.4701822,0.0,0.7579229,0.05954773,0.13362168,-0.15899612,0.6055396,-0.14796285,-0.046200134,0.09803688,"StreamingMovies_Yes, PaymentMethod_Electronic check, charge_per_service",0.79164165
0.008872356,0.05663251,0.023048963,-0.5557018,-0.0392747,-0.14165361,-0.049166203,-0.52283275,-0.60579693,0.45743608,0.003594768,0.1269801,-0.11487311,0.0,0.16575882,0.29382274,-0.0013741048,0.0,0.5912496,0.0,-0.4607871,0.0,0.83129,0.0,-0.15232107,0.0,0.5432682,0.0,-0.9509573,-0.63513225,-0.16078997,0.5265978,-1.3164444,-0.08758422,0.021499021,-0.096787475,"PaymentMethod_Electronic check, StreamingMovies_Yes, DeviceProtection_Yes",0.09532777
0.035187736,-0.30267444,0.10035771,-0.0882903,-0.19507085,-0.06027401,0.0745719,-0.22047402,0.69834554,0.032284737,0.00471745,-0.16008593,-0.27327383,0.0,-0.24778542,-0.26506662,-0.0047808792,0.0,-0.11050968,0.0,-0.28730786,0.0,-0.42494977,0.0,-0.16156256,0.0,-0.43361285,0.0,-0.57989883,-0.34324694,-0.030425103,-0.21052945,0.8799908,-0.16036563,0.118707605,-0.18167636,"PaymentMethod_Electronic check, num_services, StreamingMovies_Yes",0.056972593
-0.1194107,-0.18619137,0.029588567,-1.0708083,-0.09030118,0.047125187,0.42978936,-0.9843415,-0.45271406,-1.0571442,0.0074684927,0.092875,-0.09021622,0.0,-0.26051807,-0.4708207,-0.0010998112,0.0,0.31492445,0.0,0.56559104,0.0,-0.47792748,0.0,0.28445575,0.0,-0.5537603,0.0,-0.35369298,-0.019400347,-1.4580188,-0.37517938,-0.7022906,-0.012284099,0.018467816,-0.11668406,"Contract_Two year, tenure, charge_per_service",0.0008483697
0.00039279225,0.08291518,0.032038566,-0.7625647,-0.03532169,-0.02043601,-0.2085468,-0.39315447,-0.5728769,0.38450736,0.004564805,0.12137494,0.12190749,0.0,-0.4637286,0.14100392,-0.0015629514,0.0,0.7246764,0.0,-0.52166456,0.0,0.71709496,0.0,-0.15450846,0.0,0.8808357,0.0,-0.702335,-0.44216108,-0.052515667,-0.1812244,1.0934619,-0.101372644,0.01842896,-0.04733725,"PaymentMethod_Electronic check, StreamingTV_Yes, tenure",0.41412586
-0.0061775637,0.08028367,0.031158207,0.25330582,-0.03880982,-0.032199543,0.266677,0.2343587,0.944141,1.1408914,-0.012973197,-0.073907,-0.07708828,0.0,0.4306031,0.34732616,-0.0033052235,0.0,-0.01386003,0.0,-0.35306445,0.0,-0.35309932,0.0,-0.1774926,0.0,-0.54726267,0.0,-0.45233995,0.07523541,0.20652768,-0.17746201,-0.8638157,0.3815033,-0.062144555,0.16489571,"charge_per_service, num_services, PaymentMethod_Electronic check",0.78635263
-0.099712245,-0.21535906,-0.1841621,-0.9577249,-0.061855022,-0.2095145,-0.32521564,-1.7131068,-0.30553845,-1.1992466,0.009345461,0.011587976,-0.0009809248,0.0,-0.29465142,-0.3895992,-0.00093254773,0.0,0.44238877,0.0,-0.5711328,0.0,0.62857956,0.0,0.20357458,0.0,-0.43660757,0.0,-0.45626515,-0.040802058,-1.2308054,-0.23444912,-0.6197316,-0.028844306,0.011111466,-0.118074745,"TotalCharges, Contract_Two year, charge_per_service",0.00022559329
-0.057382222,0.066788144,0.0452095,-0.2649988,-0.020962046,0.13270947,-0.35669175,-0.3208457,0.28680944,0.9288478,0.022201588,-0.24671501,-0.040459257,0.0,0.25854447,0.43550962,-0.0035161742,0.0,-0.019141832,0.0,0.8439581,0.0,-0.19866107,0.0,-0.094232954,0.0,-0.6203598,0.0,-0.8990694,0.09905661,0.21829872,0.6365984,-1.0896477,-0.11889048,0.03842641,-0.10654874,"PaymentMethod_Electronic check, charge_per_service, StreamingMovies_Yes",0.38841227
0.014572238,-0.19850692,0.08327766,-0.770041,0.27220058,-0.022979544,-0.1236257,-0.40086123,-0.60625476,-1.7748724,0.0134614725,0.18380013,0.21062593,0.0,-0.3075764,-0.4761663,-0.002490249,0.0,-0.1559514,0.0,1.092283,0.0,0.4805768,0.0,0.3331752,0.0,0.29532263,0.0,0.66950005,0.1731296,-0.20406133,0.65981287,-1.1644243,-0.22092105,-0.010049336,-0.110336944,"charge_per_service, PaymentMethod_Electronic check, OnlineBackup_Yes",0.11143088
0.0052003153,0.095229186,0.04393099,-0.774864,-0.2106461,-0.058964938,0.14781868,-0.01417548,0.7815921,-0.95757765,0.009402612,0.14152052,-0.003421193,0.0,0.28628767,-0.3678124,0.11894358,0.0,-0.08968552,0.0,-0.611913,0.0,-0.23829655,0.0,-0.14915136,0.0,-0.31381193,0.0,-0.67327386,-0.37021095,-0.39566693,-0.12758015,-0.71944726,-0.08481343,-0.034045637,-0.14086534,"charge_per_service, num_services, tenure",0.008879199
0.012682944,0.15308546,0.03840072,-0.8239503,-0.11955442,-0.034854528,0.8013127,-0.26217014,0.7724495,-1.0745504,0.006870647,0.12210176,-0.0085777175,0.0,-0.4594271,-0.36267507,0.12745844,0.0,-0.12422725,0.0,-0.4260013,0.0,-0.19150014,0.0,-0.18521242,0.0,-0.39966884,0.0,-0.614154,-0.32372823,-0.35839394,-0.18427935,-1.151015,0.52796763,-0.06770716,-0.15973197,"PaymentMethod_Electronic check, charge_per_service, tenure",0.008343649
-0.04903861,-0.2536083,0.019593775,0.1957411,-0.11436796,0.069335885,-0.1375232,0.30496356,-1.0503211,-2.0244734,-0.014723423,0.12651733,0.16014022,0.0,-0.18386278,-0.60878533,-0.0010835918,0.0,0.48869884,0.0,-0.27853107,0.0,0.36736888,0.0,0.42401078,0.0,0.5129827,0.0,0.5269533,0.03524335,0.33840522,-0.12672426,-0.64170635,-0.18968853,0.038316824,0.15454642,"charge_per_service, num_services, PaymentMethod_Electronic check",0.12781174
0.049823605,-0.16759685,-0.045231465,-1.2034835,-0.048408426,-0.039422393,-0.5751948,-0.48670602,-0.7318325,0.06044671,0.017227627,0.15737964,-0.036316432,0.0,0.12410368,0.20208772,-0.0014324219,0.0,0.37536934,0.0,0.55622506,0.0,-0.51463616,0.0,0.34891167,0.0,-0.6672816,0.0,-0.9918884,-0.5873029,-0.17098509,-0.12488647,-0.7839241,-0.026166923,0.011510366,-0.13309543,"tenure, StreamingMovies_Yes, PaymentMethod_Electronic check",0.0043141493
-0.063876204,-0.26341322,-0.027425438,1.3579851,-0.07455048,-0.33906984,-0.06274082,0.28075448,-0.6208574,-1.2087585,-0.016122928,0.10829032,-0.017422851,0.0,-0.14941218,-0.3933831,-0.00367841,0.0,0.12341258,0.0,-0.6377339,0.0,0.5865508,0.0,-0.061187074,0.0,-0.6562056,0.0,-0.27619085,0.18623684,0.2862814,-0.1706762,-0.9507867,0.43394324,0.06124984,0.24242344,"tenure, charge_per_service, PaymentMethod_Electronic check",0.08825016
-0.058705218,-0.17322114,-0.5040983,-1.713492,-0.011838426,-0.03857876,-0.25617784,-0.018510338,-1.3612986,-0.2089159,0.006197011,0.02441227,-0.18256713,0.0,-0.20781095,0.16558054,-0.00087863347,0.0,0.27357414,0.0,0.42326605,0.0,0.5562407,0.0,0.4902298,0.0,0.37946314,0.0,0.44683087,-0.05608415,-0.8244469,0.38507864,-0.75924057,-0.072694115,-0.00081638724,-0.06846785,"tenure, num_services, Contract_Two year",0.033060484
-0.060967978,0.18162026,0.011253281,-0.7347435,0.32069805,-0.10147422,0.010988963,-0.9976903,-1.1737556,-3.1428897,0.008029698,0.034080435,-0.24786618,0.0,-0.42334723,-0.54949594,-0.0014200725,0.0,0.39446855,0.0,0.35132968,0.0,0.2703314,0.0,0.323259,0.0,0.35714296,0.0,0.45340008,-0.13053711,-1.4325852,-0.12241212,-0.83588254,-0.1037533,0.007159486,-0.111525714,"charge_per_service, Contract_Two year, num_services",0.0005779694
-0.16077413,-0.24762659,0.08468254,0.6069889,-0.04385873,0.028739622,-0.0655865,-0.21443868,-0.7529697,0.45291826,-0.02433266,-0.11671364,0.001654574,0.0,-0.49002436,0.3482392,-0.0015858074,0.0,-0.15367052,0.0,-0.46425238,0.0,0.60854584,0.0,-0.018856272,0.0,0.49759087,0.0,0.49234918,0.060433865,0.1416728,-0.11576855,0.5485312,-0.23212609,-0.04748193,0.094943024,"num_services, DeviceProtection_Yes, tenure",0.6917679
0.006676643,-0.13528225,0.051437695,-0.4461991,-0.09919589,0.007131344,0.35704753,-0.39677715,0.83936155,-1.7709186,0.005020509,0.15283112,-0.008825521,0.0,-0.5140885,-0.46221027,0.12745844,0.0,-0.11631829,0.0,-0.2904159,0.0,-0.19870906,0.0,-0.18998833,0.0,-0.24942979,0.0,-0.5442303,-0.12476865,-0.32971558,0.6311018,-1.2545084,-0.23164906,-0.08966881,-0.12394784,"charge_per_service, PaymentMethod_Electronic check, num_services",0.004462354
0.019368539,-0.12683178,0.03281454,-0.57060724,0.07207707,-0.13004597,-0.16043827,-0.8601579,-0.41354305,-1.1306485,0.004907327,0.12163681,-0.024341667,0.0,-0.41358468,-0.49421436,-0.002507886,0.0,0.5854441,0.0,-0.8254891,0.0,0.5022804,0.0,-0.112051085,0.0,0.2714696,0.0,0.48240215,-0.35916045,-0.298471,0.566508,-1.1898143,-0.19872715,-0.031522516,-0.110291846,"PaymentMethod_Electronic check, charge_per_service, TotalCharges",0.008143432
0.019226259,-0.30916223,-0.5539264,0.00040746108,-0.055121493,0.00041784917,0.21439682,-0.053223334,0.75410163,0.603821,0.0055967784,-0.056987353,-0.16470739,0.0,-0.2658502,-0.4838988,-0.0047808792,0.0,-0.17310621,0.0,-0.48459983,0.0,-0.3916495,0.0,-0.14839841,0.0,-0.2580189,0.0,-0.4899449,0.07008771,0.13753842,-0.17882305,0.7454942,-0.120356224,0.12593879,-0.09759988,"num_services, PaymentMethod_Electronic check, charge_per_service",0.16493532
-0.041831516,-0.24574722,-0.20480005,-1.3134931,-0.068476304,-0.029426564,0.31038862,-0.025893575,0.78567517,-1.3624609,0.005020509,0.12497261,-0.035207774,0.0,-0.4291599,-0.3808823,0.12035155,0.0,-0.062853605,0.0,-0.39448777,0.0,-0.23904306,0.0,-0.23082252,0.0,-0.24587828,0.0,-0.38614926,-0.00091657345,-1.7379901,-0.051671743,-0.40136328,-0.03135242,-0.019803844,-0.13952215,"Contract_Two year, charge_per_service, tenure",0.0011793032
-0.008131459,0.115408435,0.06465278,-0.86534405,-0.124801,-0.017946716,0.11504756,-0.26062194,0.62476796,-1.3977135,0.008432575,0.10000723,-0.064332105,0.0,-0.4678446,-0.5179464,0.12035155,0.0,-0.13801569,0.0,-0.1625269,0.0,-0.2829595,0.0,-0.20157371,0.0,-0.25483963,0.0,-0.36378214,-0.02979882,-1.894082,0.7162957,-1.190822,-0.23037226,-0.05562144,-0.11433183,"Contract_Two year, charge_per_service, PaymentMethod_Electronic check",0.0011267731
-0.2604222,0.089344926,0.031377595,0.6693333,-0.038770124,-0.008346656,0.12721448,0.33303148,0.06936945,0.4858876,-0.013627823,-0.13661583,-0.043196358,0.0,-0.3132451,0.35209975,-0.0038372967,0.0,-0.11304482,0.0,-0.37386793,0.0,0.66289276,0.0,-0.19273207,0.0,0.5232051,0.0,-0.6930225,0.108088575,0.14244229,-0.11771673,0.5789547,-0.2185018,-0.04388407,0.10438213,"StreamingMovies_Yes, tenure, DeviceProtection_Yes",0.8452688
-0.017159138,0.26863027,0.019619092,0.6226311,-0.094393,0.008660026,0.7230926,0.6748431,0.8282614,-1.4523828,0.006870647,0.06616966,-0.047269255,0.0,-0.24109039,-0.3587465,0.12035155,0.0,-0.12761189,0.0,-0.2813537,0.0,-0.16596979,0.0,-0.22775324,0.0,-0.1936936,0.0,-0.34819952,-0.033483837,-1.3056061,0.021088053,-0.68990934,-0.059430595,-0.069482334,-0.14334336,"charge_per_service, Contract_Two year, num_services",0.075474456
0.016698351,0.12876445,-0.3420778,0.12259595,-0.027987808,0.066794775,-0.31848827,-0.45085844,-0.58027124,0.41632757,0.014279068,-0.25521266,-0.026641477,0.0,-0.34380275,0.2348053,-0.0014578677,0.0,-0.17757736,0.0,0.6818222,0.0,0.8812788,0.0,-0.11593189,0.0,0.7353726,0.0,-0.8214368,0.09338945,0.12933025,-0.1369935,0.76830083,-0.20198347,0.03661589,-0.04577098,"DeviceProtection_Yes, StreamingMovies_Yes, PaymentMethod_Electronic check",0.6156337
-0.0039253095,0.052645314,0.10495501,0.7396049,-0.2520637,0.04857787,0.41249985,0.38427186,0.8569519,-1.6019639,-0.012165277,0.121103056,-0.10075587,0.0,-0.42805663,-0.36503783,0.11545408,0.0,-0.07646499,0.0,-0.2666336,0.0,-0.30593336,0.0,-0.19619457,0.0,-0.2903927,0.0,-0.49114332,0.15359613,0.29825404,-0.13850279,0.70164996,-0.22389197,-0.093855806,0.10271297,"charge_per_service, num_services, tenure",0.31787986
0.008917816,0.10250423,0.047541227,-0.16074558,-0.061388634,-0.004423531,0.18385632,0.14812504,0.8053776,0.8172112,-0.019931613,-0.079842076,-0.14146669,0.0,-0.26903874,-0.25998935,-0.0047808792,0.0,-0.118086606,0.0,-0.37610707,0.0,-0.42509726,0.0,-0.13799953,0.0,-0.30397227,0.0,-0.49075383,0.11977021,0.18690896,-0.10676571,-0.75043255,-0.09443372,-0.082517155,0.19151808,"charge_per_service, num_services, PaymentMethod_Electronic check",0.21672261
-0.01660418,0.13390982,-0.2829719,-0.21000636,0.16119672,-0.23323876,0.0739073,0.68242514,-0.4664297,-1.0975639,0.019143108,0.09566539,-0.0700555,0.0,-0.35371345,-0.39035702,-0.009392139,0.0,0.63840896,0.0,-0.187529,0.0,-0.2753647,0.0,0.14092477,0.0,-0.7176125,0.0,0.41097888,0.16478334,0.25767076,-0.21929982,-0.89560586,0.36876717,-0.06808819,-0.08200152,"charge_per_service, PaymentMethod_Electronic check, StreamingTV_Yes",0.08040325
-0.010301096,0.045853134,0.07591801,0.6679546,-0.14381775,-0.11021134,0.11169644,0.14328529,0.7584273,-1.5877819,-0.020550352,0.11643494,0.029412558,0.0,-0.5016889,-0.30452684,0.11545408,0.0,-0.07038969,0.0,-0.36281285,0.0,-0.37069744,0.0,-0.2530145,0.0,-0.3679919,0.0,-0.5675701,-0.9976278,-0.18176149,-0.111625284,-1.1421803,0.66047376,-0.063095376,0.19164656,"charge_per_service, PaymentMethod_Electronic check, Contract_One year",0.013926802
-0.016507301,0.17702985,0.031160466,-0.66836596,0.2841865,0.06554509,0.074534036,-0.46380928,-0.28585938,-2.0151925,0.030252423,0.2017642,-0.026062023,0.0,-0.5016223,-0.33608237,-0.0036495388,0.0,0.26799798,0.0,0.8140964,0.0,-0.34247717,0.0,0.25334626,0.0,-0.28889027,0.0,-0.35868907,-0.0117031345,-1.616483,-0.20286837,-1.1510212,0.3256415,-0.0091479495,-0.11588599,"charge_per_service, Contract_Two year, PaymentMethod_Electronic check",0.0027385382
-0.02328706,0.35893416,-0.1273735,-0.3323567,-0.056532867,-0.02290778,0.4452589,0.246283,0.6314562,-1.5048426,0.0059006102,0.078077696,0.02062681,0.0,-0.23107003,-0.5811272,0.12035155,0.0,-0.09294789,0.0,-0.28523356,0.0,-0.21991968,0.0,-0.24298306,0.0,-0.15360695,0.0,-0.30592078,-0.050774492,-1.2989696,0.40852454,-1.0191139,-0.21847662,-0.045481484,-0.14116624,"charge_per_service, Contract_Two year, PaymentMethod_Electronic check",0.009494476
